0.038071390241384506,0.8960174322128296,4.6145663645802415e-07,0.11012370884418488,0.8831362724304199,-0.04416729882359505,0.16377100348472595,0.7993870377540588,-0.05665547773241997,0.18503570556640625,0.7183059453964233,-0.06296105682849884,0.1958155632019043,0.6532737612724304,-0.07004003971815109,0.10478374361991882,0.6656282544136047,-0.03635738044977188,0.10188250988721848,0.5710536241531372,-0.057624902576208115,0.1009320318698883,0.4986793100833893,-0.07677808403968811,0.10211151838302612,0.4439465403556824,-0.0903581827878952,0.0522976852953434,0.6591853499412537,-0.025638384744524956,0.04094568267464638,0.5630598068237305,-0.04370010271668434,0.043276723474264145,0.49011051654815674,-0.06178721785545349,0.04774421080946922,0.43063756823539734,-0.07466293126344681,0.010718017816543579,0.6744147539138794,-0.01883162371814251,0.0033515021204948425,0.5902258157730103,-0.03664179518818855,0.0034140273928642273,0.5305122137069702,-0.046694498509168625,0.0070820823311805725,0.48117393255233765,-0.052436087280511856,-0.025270618498325348,0.7084991335868835,-0.01614716649055481,-0.03907261788845062,0.6415068507194519,-0.03415199741721153,-0.04397299885749817,0.594127357006073,-0.03985880687832832,-0.043081313371658325,0.5565676093101501,-0.041147228330373764
0.038158662617206573,0.8583365678787231,6.956562970117375e-07,0.12850281596183777,0.8497013449668884,-0.05130445957183838,0.19615238904953003,0.7604259252548218,-0.06749117374420166,0.23005333542823792,0.6719250679016113,-0.0778970941901207,0.2642273008823395,0.6087132692337036,-0.08795826882123947,0.13663986325263977,0.627501904964447,-0.03533490374684334,0.14558613300323486,0.5309547781944275,-0.057032082229852676,0.15078537166118622,0.4574975371360779,-0.07354474812746048,0.1551935374736786,0.40275710821151733,-0.08406035602092743,0.07984104752540588,0.621531069278717,-0.022344792261719704,0.08077886700630188,0.5331256985664368,-0.04259827360510826,0.08901438862085342,0.4732626974582672,-0.05818060785531998,0.0970517247915268,0.4270608425140381,-0.06764703243970871,0.028873387724161148,0.6366727948188782,-0.014814434573054314,0.03941989317536354,0.5751181840896606,-0.04458530247211456,0.05390910059213638,0.582205593585968,-0.05329829826951027,0.06439784169197083,0.5968015193939209,-0.051814883947372437,-0.01638004183769226,0.6662386655807495,-0.011312009766697884,-0.011292174458503723,0.6081965565681458,-0.036532413214445114,0.000553719699382782,0.6097716093063354,-0.03977634757757187,0.010248031467199326,0.6242949366569519,-0.03588514402508736
0.2379450500011444,0.5506179928779602,4.859676323576423e-07,0.3411119878292084,0.5478721857070923,-0.04939884692430496,0.4296231269836426,0.47155970335006714,-0.06771289557218552,0.4822012186050415,0.38079461455345154,-0.08041378855705261,0.53546142578125,0.3195629417896271,-0.0933060422539711,0.38453981280326843,0.26560965180397034,-0.0439860001206398,0.416718065738678,0.13400812447071075,-0.0692080408334732,0.43300437927246094,0.046246811747550964,-0.09219709783792496,0.4432965815067291,-0.025885164737701416,-0.1105368584394455,0.3193058669567108,0.224971741437912,-0.037476588040590286,0.3431853652000427,0.08212034404277802,-0.06020945683121681,0.35786172747612,-0.014391452074050903,-0.08524475991725922,0.3661919832229614,-0.0919049084186554,-0.10514359921216965,0.25496625900268555,0.2203216552734375,-0.03547985479235649,0.2719443440437317,0.08182938396930695,-0.05931476876139641,0.2819516360759735,-0.004183381795883179,-0.08208353817462921,0.29033902287483215,-0.07604444026947021,-0.09884964674711227,0.19379135966300964,0.24210716784000397,-0.0375407338142395,0.18705254793167114,0.13588878512382507,-0.06425681710243225,0.18349087238311768,0.061659008264541626,-0.08224547654390335,0.18214848637580872,-0.0016739964485168457,-0.09321220964193344
0.2697853446006775,0.5344961285591125,6.670494485661038e-07,0.37608519196510315,0.5195686221122742,-0.046135712414979935,0.46788573265075684,0.4318077564239502,-0.06426087021827698,0.5251867175102234,0.339404433965683,-0.07806050032377243,0.5832932591438293,0.28734472393989563,-0.09119277447462082,0.4204980134963989,0.23011773824691772,-0.03112470917403698,0.4533354938030243,0.09751828014850616,-0.05745088681578636,0.4694746732711792,0.01009678840637207,-0.08079411834478378,0.48224639892578125,-0.061059415340423584,-0.09763823449611664,0.35570013523101807,0.19570867717266083,-0.026082120835781097,0.3776007890701294,0.057240843772888184,-0.04842463135719299,0.38979053497314453,-0.030659466981887817,-0.07135172188282013,0.4000158905982971,-0.1027793288230896,-0.0875815600156784,0.29342585802078247,0.19028978049755096,-0.02643710933625698,0.30673593282699585,0.05951610207557678,-0.048787351697683334,0.3149412274360657,-0.021842360496520996,-0.06691394001245499,0.32381728291511536,-0.0884588360786438,-0.07874201238155365,0.23175907135009766,0.20868706703186035,-0.031381554901599884,0.22692756354808807,0.10387851297855377,-0.052500516176223755,0.22679081559181213,0.034657806158065796,-0.06370028108358383,0.23013779520988464,-0.02603819966316223,-0.06921710073947906
0.30415546894073486,0.5230998396873474,6.037703883521317e-07,0.4091687798500061,0.5056241750717163,-0.04582558199763298,0.5031665563583374,0.41473668813705444,-0.06196344271302223,0.5648190975189209,0.3243928551673889,-0.07411132752895355,0.6226948499679565,0.27256038784980774,-0.08561267703771591,0.45444729924201965,0.20929080247879028,-0.027808263897895813,0.4892432987689972,0.07901634275913239,-0.05420941114425659,0.5043401718139648,-0.0061989426612854,-0.07851111888885498,0.516109824180603,-0.07676604390144348,-0.0961439236998558,0.39069801568984985,0.17448720335960388,-0.022899115458130836,0.40946415066719055,0.03700236976146698,-0.04485118016600609,0.41864269971847534,-0.047769516706466675,-0.06815991550683975,0.42719265818595886,-0.11904439330101013,-0.08518204838037491,0.3294345438480377,0.16849160194396973,-0.02373308688402176,0.33993053436279297,0.0413091778755188,-0.04558955878019333,0.3455844819545746,-0.037069082260131836,-0.06373826414346695,0.3524780571460724,-0.10321801900863647,-0.0762275904417038,0.26901423931121826,0.18729814887046814,-0.029409533366560936,0.26448583602905273,0.08710587024688721,-0.05000660568475723,0.2625817656517029,0.020441889762878418,-0.06075429543852806,0.26406437158584595,-0.039850592613220215,-0.0665188580751419
0.32539308071136475,0.5186693072319031,5.539066592064046e-07,0.4312506318092346,0.5005667209625244,-0.04461175948381424,0.5251879692077637,0.41060173511505127,-0.060669299215078354,0.5900017619132996,0.3210104703903198,-0.07314929366111755,0.6509169340133667,0.2708533704280853,-0.08494250476360321,0.47790274024009705,0.20534361898899078,-0.02623037062585354,0.5166417956352234,0.0813596248626709,-0.052354417741298676,0.5345752239227295,-0.001835450530052185,-0.07699810713529587,0.5479157567024231,-0.07134042680263519,-0.09544984996318817,0.41729122400283813,0.16770720481872559,-0.02285519428551197,0.43924203515052795,0.03182774782180786,-0.044554200023412704,0.449287474155426,-0.05455593764781952,-0.06792201101779938,0.456637978553772,-0.12664856016635895,-0.08578360825777054,0.3574880361557007,0.16054898500442505,-0.0252884179353714,0.3726383149623871,0.030933111906051636,-0.04745764285326004,0.37964093685150146,-0.0497751384973526,-0.0658283606171608,0.385782390832901,-0.11685879528522491,-0.07892639189958572,0.2960093021392822,0.17948900163173676,-0.0324433259665966,0.29148781299591064,0.07506769895553589,-0.054182667285203934,0.2903350591659546,0.0036561191082000732,-0.06559941917657852,0.2911601960659027,-0.06014205515384674,-0.07217800617218018
0.3450413644313812,0.5153653025627136,5.351163281375193e-07,0.450835645198822,0.49648571014404297,-0.044674891978502274,0.5455649495124817,0.4102611243724823,-0.06151043251156807,0.6076475381851196,0.3208455443382263,-0.07473647594451904,0.6643655896186829,0.26235976815223694,-0.0871303528547287,0.4997400939464569,0.19666369259357452,-0.026456793770194054,0.5358667373657227,0.06863655149936676,-0.05216345936059952,0.5518269538879395,-0.015938803553581238,-0.07637817412614822,0.5638395547866821,-0.08571870625019073,-0.09455902129411697,0.4379943013191223,0.15977539122104645,-0.023612720891833305,0.4580424427986145,0.021060749888420105,-0.04545580595731735,0.4683918356895447,-0.06569187343120575,-0.0690530464053154,0.4763004779815674,-0.1362219899892807,-0.08720984309911728,0.3762228190898895,0.15377794206142426,-0.026703739538788795,0.3909534215927124,0.019730255007743835,-0.049607500433921814,0.3981877863407135,-0.06425730884075165,-0.06922081857919693,0.40465348958969116,-0.13363011181354523,-0.08314451575279236,0.3120116591453552,0.17401134967803955,-0.03433982655405998,0.3069550096988678,0.06321530044078827,-0.057997334748506546,0.3056652545928955,-0.012841716408729553,-0.07131128758192062,0.3062838017940521,-0.0815446525812149,-0.07902980595827103
0.36240556836128235,0.5241886377334595,5.372334612729901e-07,0.4707103967666626,0.49660223722457886,-0.04574904218316078,0.5637481212615967,0.41006535291671753,-0.06329317390918732,0.6245852112770081,0.32145655155181885,-0.0775303915143013,0.6817602515220642,0.2598588466644287,-0.09053774923086166,0.5148532390594482,0.19201740622520447,-0.021048715338110924,0.5473271608352661,0.06580489873886108,-0.04607529565691948,0.5621898174285889,-0.017605498433113098,-0.07125167548656464,0.5741824507713318,-0.08796633780002594,-0.09038146585226059,0.45223182439804077,0.1555308699607849,-0.01801661029458046,0.4683205485343933,0.019703447818756104,-0.03901568800210953,0.4772877097129822,-0.066745325922966,-0.06332029402256012,0.4852682054042816,-0.13972006738185883,-0.08202443271875381,0.3890204131603241,0.15105310082435608,-0.021530594676733017,0.4007446765899658,0.01838640868663788,-0.04383765533566475,0.4062715172767639,-0.06500484049320221,-0.06304443627595901,0.41244083642959595,-0.13726143538951874,-0.076601043343544,0.3243231177330017,0.1736704707145691,-0.029940936714410782,0.31656980514526367,0.061913132667541504,-0.05319974198937416,0.31477075815200806,-0.015495195984840393,-0.06597544252872467,0.315726637840271,-0.08785857260227203,-0.07321732491254807
0.3844602108001709,0.5313184261322021,5.32478736658959e-07,0.4912894070148468,0.49651992321014404,-0.04327714070677757,0.5829497575759888,0.40827131271362305,-0.06027970835566521,0.6413393020629883,0.32024434208869934,-0.07467421889305115,0.6968556642532349,0.25836697220802307,-0.08776363730430603,0.526123046875,0.18839989602565765,-0.018598735332489014,0.5540780425071716,0.059386640787124634,-0.04308677464723587,0.5660900473594666,-0.025179028511047363,-0.06781664490699768,0.5761380791664124,-0.09637647867202759,-0.08639342337846756,0.4629569947719574,0.1551610827445984,-0.016880251467227936,0.4766344726085663,0.018589690327644348,-0.03670179098844528,0.4854421019554138,-0.06793448328971863,-0.059997063130140305,0.4935799241065979,-0.14004528522491455,-0.07798702269792557,0.4001197814941406,0.15283864736557007,-0.021585315465927124,0.4083632826805115,0.02049003541469574,-0.04232344031333923,0.4131542444229126,-0.06195780634880066,-0.060169365257024765,0.41888657212257385,-0.1314869523048401,-0.0728810578584671,0.3361300230026245,0.17747411131858826,-0.031170286238193512,0.3244161605834961,0.06656405329704285,-0.052702657878398895,0.32036489248275757,-0.010000884532928467,-0.06411409378051758,0.3191918134689331,-0.08048412203788757,-0.07039998471736908
0.4050520956516266,0.5350306630134583,4.960035653311934e-07,0.5107539892196655,0.5018447041511536,-0.041081249713897705,0.6041303873062134,0.41210657358169556,-0.05829210951924324,0.6661728620529175,0.3270123600959778,-0.0735539123415947,0.7225877642631531,0.268067866563797,-0.08750852942466736,0.542651355266571,0.18869565427303314,-0.016687771305441856,0.5660567283630371,0.060018762946128845,-0.04208888113498688,0.5764304995536804,-0.0232226699590683,-0.06702269613742828,0.5853224992752075,-0.09247197210788727,-0.0854380801320076,0.4806579053401947,0.15586653351783752,-0.016454454511404037,0.49110883474349976,0.01978720724582672,-0.036985497921705246,0.49781304597854614,-0.06601552665233612,-0.05974334105849266,0.5036287903785706,-0.13621504604816437,-0.07684646546840668,0.4193093478679657,0.15354616940021515,-0.022680889815092087,0.42408907413482666,0.022937774658203125,-0.04395928978919983,0.4271179437637329,-0.05897803604602814,-0.060647349804639816,0.4312087595462799,-0.12717799842357635,-0.07199414074420929,0.35731250047683716,0.17851439118385315,-0.033690933138132095,0.3438342809677124,0.06800150871276855,-0.05392478033900261,0.34097617864608765,-0.006917998194694519,-0.06353175640106201,0.34175044298171997,-0.07396204769611359,-0.06850044429302216
0.412958562374115,0.5332263708114624,5.52811229681538e-07,0.5235799551010132,0.5069421529769897,-0.04372140020132065,0.6191890239715576,0.42099297046661377,-0.06182193011045456,0.6833137273788452,0.33379408717155457,-0.07729283720254898,0.7412479519844055,0.2755575180053711,-0.09132540971040726,0.5594238042831421,0.1918296217918396,-0.0184949841350317,0.589174747467041,0.06364311277866364,-0.04343350604176521,0.6036614775657654,-0.018097668886184692,-0.06835469603538513,0.614999532699585,-0.08531159162521362,-0.0867399349808693,0.4974946975708008,0.15667173266410828,-0.016556086018681526,0.5147035121917725,0.018933162093162537,-0.036582279950380325,0.5243644118309021,-0.06668093800544739,-0.05975153669714928,0.5320795774459839,-0.1348244547843933,-0.07741079479455948,0.43498921394348145,0.15245908498764038,-0.021194247528910637,0.4470333158969879,0.019057288765907288,-0.04224418103694916,0.45346012711524963,-0.06331878900527954,-0.06049147620797157,0.4598272740840912,-0.13035866618156433,-0.07319492846727371,0.3698512017726898,0.17550864815711975,-0.030659662559628487,0.36167046427726746,0.06290075182914734,-0.05133770406246185,0.360140860080719,-0.014519929885864258,-0.06236069276928902,0.36109215021133423,-0.08386898040771484,-0.06857363879680634
0.417808473110199,0.5376699566841125,5.95175492890121e-07,0.5311019420623779,0.5100129246711731,-0.044998034834861755,0.6281161308288574,0.4266616106033325,-0.06407607346773148,0.6919090747833252,0.3408503532409668,-0.08070774376392365,0.751078724861145,0.28008556365966797,-0.09596526622772217,0.5685772895812988,0.19148136675357819,-0.01866780035197735,0.6014953851699829,0.06269262731075287,-0.044865380972623825,0.6183107495307922,-0.020355284214019775,-0.07098595798015594,0.6320111155509949,-0.0895102322101593,-0.09007979929447174,0.5067750215530396,0.15537361800670624,-0.016965236514806747,0.5257333517074585,0.017424583435058594,-0.03780016675591469,0.5367444753646851,-0.06898295879364014,-0.06140988692641258,0.5460923314094543,-0.1383132040500641,-0.0790148600935936,0.444047749042511,0.15143471956253052,-0.02211967296898365,0.4573950171470642,0.018215075135231018,-0.04372312128543854,0.4641765356063843,-0.06422483921051025,-0.060815226286649704,0.47148019075393677,-0.13274714350700378,-0.07234267890453339,0.3782235383987427,0.17554903030395508,-0.03239064663648605,0.3715691566467285,0.06152293086051941,-0.05365688353776932,0.3722338080406189,-0.01614364981651306,-0.06390172988176346,0.37602007389068604,-0.08600372076034546,-0.0689908117055893
0.41588592529296875,0.5378193855285645,5.983316100355296e-07,0.5301511287689209,0.5107544660568237,-0.042944129556417465,0.6297842860221863,0.42594027519226074,-0.06106335297226906,0.6964527368545532,0.3417645990848541,-0.07744850218296051,0.7586952447891235,0.2839609682559967,-0.0923740342259407,0.5722241997718811,0.18768179416656494,-0.013261855579912663,0.605584979057312,0.060356155037879944,-0.03808547556400299,0.6246446371078491,-0.020361512899398804,-0.06373070925474167,0.6416071057319641,-0.08682432770729065,-0.08279938250780106,0.5112367272377014,0.15010201930999756,-0.012680641375482082,0.5320649743080139,0.0137290358543396,-0.032146524637937546,0.5462794899940491,-0.07029539346694946,-0.05531637370586395,0.5597798228263855,-0.13709506392478943,-0.07280812412500381,0.44871222972869873,0.14470958709716797,-0.01922023296356201,0.46307358145713806,0.01154625415802002,-0.039971787482500076,0.4716470241546631,-0.06961935758590698,-0.05689593404531479,0.4821777641773224,-0.13667023181915283,-0.06860367208719254,0.3822058439254761,0.1678842306137085,-0.030886199325323105,0.37502408027648926,0.05294610559940338,-0.05141305550932884,0.37631386518478394,-0.024255961179733276,-0.061646800488233566,0.381988525390625,-0.09349331259727478,-0.06708843261003494
0.41003069281578064,0.5374326705932617,6.119409476923465e-07,0.5251093506813049,0.5116075873374939,-0.04496604576706886,0.6259801387786865,0.4263263940811157,-0.06446129083633423,0.6959145665168762,0.3407914340496063,-0.08194941282272339,0.7605564594268799,0.28165996074676514,-0.09807030111551285,0.5744032263755798,0.18663328886032104,-0.016862653195858,0.6089951395988464,0.055774539709091187,-0.04289674013853073,0.6271777749061584,-0.028096437454223633,-0.06961806863546371,0.6424355506896973,-0.09809735417366028,-0.0898100957274437,0.5117365717887878,0.14806324243545532,-0.01634804531931877,0.5347402691841125,0.008073121309280396,-0.03758329153060913,0.5490735173225403,-0.0795060396194458,-0.06256921589374542,0.561819851398468,-0.15017375349998474,-0.08161401003599167,0.4476335048675537,0.14251528680324554,-0.022951636463403702,0.4638488292694092,0.005258277058601379,-0.044995613396167755,0.47238606214523315,-0.07867035269737244,-0.06360041350126266,0.4823422431945801,-0.14907005429267883,-0.07687094062566757,0.37968868017196655,0.16596919298171997,-0.034831300377845764,0.3740047216415405,0.049367353320121765,-0.056693218648433685,0.3752330541610718,-0.029596596956253052,-0.06837429106235504,0.3808576166629791,-0.10194921493530273,-0.07516589015722275
0.4012361764907837,0.5371147990226746,6.0653133004962e-07,0.5155104994773865,0.5119928121566772,-0.047490231692790985,0.6186086535453796,0.42459169030189514,-0.06781269609928131,0.6906845569610596,0.33774781227111816,-0.08562596887350082,0.7571333050727844,0.27784931659698486,-0.10243475437164307,0.5702685713768005,0.18398326635360718,-0.02113932929933071,0.605705738067627,0.05297902226448059,-0.04806578531861305,0.6230361461639404,-0.030503496527671814,-0.07544442266225815,0.637353241443634,-0.10110215842723846,-0.09619946032762527,0.5055434107780457,0.14441794157028198,-0.01986054517328739,0.5260694622993469,-0.0004847794771194458,-0.04160774499177933,0.53731769323349,-0.0888618677854538,-0.06699475646018982,0.5469815135002136,-0.16092242300510406,-0.08650285750627518,0.43977129459381104,0.1391850709915161,-0.025748079642653465,0.45227518677711487,0.002039968967437744,-0.04805736616253853,0.4578074514865875,-0.08262814581394196,-0.06715253740549088,0.4655417501926422,-0.15554477274417877,-0.08122682571411133,0.37084388732910156,0.16403163969516754,-0.03714993968605995,0.36294376850128174,0.04950195550918579,-0.05845208093523979,0.36320436000823975,-0.025021061301231384,-0.06985385715961456,0.368812620639801,-0.09379760921001434,-0.07688778638839722
0.39475563168525696,0.5358840227127075,6.498164566437481e-07,0.5091444253921509,0.5129704475402832,-0.05081988498568535,0.6140292882919312,0.42292603850364685,-0.07152221351861954,0.687138020992279,0.3336862623691559,-0.08892221003770828,0.7537947297096252,0.27218130230903625,-0.10497672110795975,0.5646284818649292,0.17651841044425964,-0.02272762916982174,0.6003504395484924,0.04491223394870758,-0.04976297542452812,0.6190605163574219,-0.039346158504486084,-0.07729657739400864,0.6353557705879211,-0.10986581444740295,-0.09805469214916229,0.49876827001571655,0.13570597767829895,-0.019771331921219826,0.5208138227462769,-0.010060206055641174,-0.04095415771007538,0.5341675877571106,-0.09911924600601196,-0.06588136404752731,0.5461645722389221,-0.17205607891082764,-0.08512290567159653,0.43167829513549805,0.12995493412017822,-0.024413226172327995,0.44479554891586304,-0.008224740624427795,-0.04656309261918068,0.4511817991733551,-0.09132704138755798,-0.06561733037233353,0.4599359631538391,-0.1622532606124878,-0.07962420582771301,0.3610028624534607,0.15504582226276398,-0.03495164215564728,0.35111188888549805,0.04085814952850342,-0.056298334151506424,0.34946057200431824,-0.031580984592437744,-0.06777732074260712,0.353218674659729,-0.09811630845069885,-0.0748293548822403
0.3935471475124359,0.5342162847518921,6.587470124941319e-07,0.5110102891921997,0.5100985765457153,-0.05013071000576019,0.6182047128677368,0.42093008756637573,-0.07109919935464859,0.6910426616668701,0.3319834768772125,-0.08908556401729584,0.7586093544960022,0.27018946409225464,-0.10577350854873657,0.5639930963516235,0.1687580645084381,-0.02185932919383049,0.6016721725463867,0.034431517124176025,-0.04921659082174301,0.6205039024353027,-0.051787376403808594,-0.07693076878786087,0.6364054679870605,-0.12367001175880432,-0.09779630601406097,0.4971952438354492,0.12757228314876556,-0.01936565898358822,0.5208255648612976,-0.018751606345176697,-0.041062112897634506,0.5341296792030334,-0.10942426323890686,-0.06675311177968979,0.5454931855201721,-0.18334051966667175,-0.0865611582994461,0.42905664443969727,0.12162180244922638,-0.024386834353208542,0.44305679202079773,-0.019856050610542297,-0.046733610332012177,0.44897225499153137,-0.10515859723091125,-0.06634723395109177,0.45674434304237366,-0.17657455801963806,-0.08072885125875473,0.35706764459609985,0.14701852202415466,-0.03518184646964073,0.3467046618461609,0.030756086111068726,-0.056786201894283295,0.3448325991630554,-0.044661372900009155,-0.06862293928861618,0.34831446409225464,-0.1127009391784668,-0.07579788565635681
0.3943400979042053,0.5379682183265686,6.473264875239693e-07,0.5159133076667786,0.5161481499671936,-0.05496769770979881,0.6256140470504761,0.42526522278785706,-0.07764545828104019,0.7002609968185425,0.3334551453590393,-0.09638265520334244,0.7698653936386108,0.2728275656700134,-0.11367854475975037,0.5710494518280029,0.16826477646827698,-0.027125118300318718,0.6093966364860535,0.033933207392692566,-0.05647994950413704,0.6265018582344055,-0.055956825613975525,-0.08587876707315445,0.6400253176689148,-0.13186447322368622,-0.10828293114900589,0.5026353001594543,0.12470530718564987,-0.02260567620396614,0.526300847530365,-0.020612016320228577,-0.046583034098148346,0.5389836430549622,-0.11315886676311493,-0.07366396486759186,0.5498160719871521,-0.18898345530033112,-0.09451828896999359,0.43225333094596863,0.11805728822946548,-0.02580992504954338,0.4468937814235687,-0.02407117187976837,-0.05031108483672142,0.45268380641937256,-0.11132438480854034,-0.07123332470655441,0.46011754870414734,-0.18405182659626007,-0.08641081303358078,0.35820475220680237,0.14406275749206543,-0.03506864979863167,0.3473726511001587,0.028599455952644348,-0.059035301208496094,0.3441203534603119,-0.04900659620761871,-0.07233698666095734,0.34544873237609863,-0.11830110847949982,-0.0803123190999031
0.4040752947330475,0.5371784567832947,6.728632229169307e-07,0.5262214541435242,0.5209379196166992,-0.05993131920695305,0.6386361718177795,0.43121138215065,-0.08511487394571304,0.7146134376525879,0.3368947505950928,-0.10514809936285019,0.7858813405036926,0.2758549451828003,-0.12382150441408157,0.5841665267944336,0.16452890634536743,-0.035740409046411514,0.6227259039878845,0.025969788432121277,-0.06789886951446533,0.6384488940238953,-0.06732027232646942,-0.0984874740242958,0.6504195332527161,-0.1448701173067093,-0.12140009552240372,0.5126862525939941,0.1193610206246376,-0.029230652377009392,0.5367944836616516,-0.02935732901096344,-0.055963583290576935,0.5490706562995911,-0.12330029904842377,-0.08392354100942612,0.5589309334754944,-0.19888140261173248,-0.10519977658987045,0.4397915303707123,0.11238745599985123,-0.03056679293513298,0.45383894443511963,-0.03292818367481232,-0.05753989890217781,0.45909810066223145,-0.12283028662204742,-0.07964754849672318,0.4654669463634491,-0.1966051310300827,-0.09541360288858414,0.36374199390411377,0.13883018493652344,-0.038177091628313065,0.3531021773815155,0.019665434956550598,-0.0645223930478096,0.3495901823043823,-0.0599675327539444,-0.079224593937397,0.3503149151802063,-0.13022713363170624,-0.08789682388305664
0.4124237596988678,0.5461466908454895,6.761569011359825e-07,0.5381192564964294,0.528066873550415,-0.057858649641275406,0.6530526280403137,0.4343745708465576,-0.08145210146903992,0.730891764163971,0.3407214879989624,-0.10058292746543884,0.8031553626060486,0.2826673090457916,-0.1184033751487732,0.5973718166351318,0.16447144746780396,-0.030817316845059395,0.6368982195854187,0.026968911290168762,-0.062134094536304474,0.6546808481216431,-0.06546175479888916,-0.09277191013097763,0.6683913469314575,-0.14181041717529297,-0.1157362088561058,0.5251226425170898,0.11873123794794083,-0.0254608616232872,0.5508782863616943,-0.02999456226825714,-0.05080872401595116,0.5641980767250061,-0.12317156791687012,-0.07839730381965637,0.5751125812530518,-0.19820010662078857,-0.09941735863685608,0.45098254084587097,0.11139053851366043,-0.028033068403601646,0.4662840962409973,-0.033724501729011536,-0.05359037593007088,0.47260385751724243,-0.12204506993293762,-0.07476363331079483,0.4807976186275482,-0.1943736970424652,-0.08994928747415543,0.3733327388763428,0.13855037093162537,-0.03693947568535805,0.3628840446472168,0.020017534494400024,-0.06137784570455551,0.3600025177001953,-0.05871400237083435,-0.07447724789381027,0.3618691563606262,-0.1274385154247284,-0.08215362578630447
0.4275561571121216,0.5543975234031677,7.109816806405433e-07,0.5524019598960876,0.5337753891944885,-0.05769555643200874,0.6669883728027344,0.44140326976776123,-0.08324100077152252,0.7465684413909912,0.34887832403182983,-0.10448158532381058,0.8216864466667175,0.2922282814979553,-0.1246204599738121,0.6110036969184875,0.16497266292572021,-0.03458993881940842,0.6524127721786499,0.021039143204689026,-0.06813307106494904,0.6705555319786072,-0.07535956799983978,-0.10005531460046768,0.6842875480651855,-0.15433178842067719,-0.1234593465924263,0.5373748540878296,0.11974082887172699,-0.03034907579421997,0.5649308562278748,-0.03586326539516449,-0.0570659302175045,0.5796483755111694,-0.13312174379825592,-0.08503207564353943,0.5914553999900818,-0.21137119829654694,-0.10618230700492859,0.4622495472431183,0.11319275945425034,-0.03383520245552063,0.4774952232837677,-0.03734599053859711,-0.059687476605176926,0.48548969626426697,-0.13021190464496613,-0.0806349366903305,0.49536412954330444,-0.20700480043888092,-0.09579836577177048,0.38382118940353394,0.14183083176612854,-0.04365573450922966,0.3732747733592987,0.017845511436462402,-0.06830547749996185,0.37086954712867737,-0.06541399657726288,-0.08117672801017761,0.37377625703811646,-0.13987790048122406,-0.08865272998809814
0.4436876177787781,0.5653045773506165,7.603339895467798e-07,0.5692518353462219,0.5440105199813843,-0.05748285725712776,0.6841711401939392,0.4555259943008423,-0.08410850167274475,0.7651090621948242,0.3624732792377472,-0.1068999245762825,0.8421000242233276,0.3038707971572876,-0.128417506814003,0.62549889087677,0.17140287160873413,-0.03326115757226944,0.6703506708145142,0.027565717697143555,-0.06791353225708008,0.6929293274879456,-0.06780391931533813,-0.10046947747468948,0.7109474539756775,-0.14594504237174988,-0.12422753125429153,0.5508542060852051,0.1240716427564621,-0.030124958604574203,0.5815744400024414,-0.03373873233795166,-0.057921767234802246,0.5997495055198669,-0.13195258378982544,-0.08652991056442261,0.6145557165145874,-0.2111794650554657,-0.10815173387527466,0.47390472888946533,0.11614520102739334,-0.03496168181300163,0.49027907848358154,-0.03829166293144226,-0.06189599633216858,0.5008702874183655,-0.13298559188842773,-0.08321202546358109,0.5136296153068542,-0.21048173308372498,-0.09855473041534424,0.3934984505176544,0.1432904750108719,-0.046103302389383316,0.38172847032546997,0.015679746866226196,-0.071097731590271,0.38072454929351807,-0.07075300812721252,-0.08410710096359253,0.38549625873565674,-0.14717885851860046,-0.0918392613530159
0.45368462800979614,0.5759148597717285,7.963669190758083e-07,0.5831789970397949,0.5568553805351257,-0.05910992622375488,0.6984073519706726,0.4686509072780609,-0.08660948276519775,0.778393030166626,0.37448611855506897,-0.11026641726493835,0.8574279546737671,0.3170832097530365,-0.13271257281303406,0.6399921178817749,0.17952799797058105,-0.03428421542048454,0.6880767941474915,0.03406299650669098,-0.07001163810491562,0.7131205797195435,-0.06294077634811401,-0.10349948704242706,0.7334136366844177,-0.14246642589569092,-0.12789049744606018,0.563642144203186,0.13217924535274506,-0.0307697094976902,0.5947959423065186,-0.027105897665023804,-0.0596010759472847,0.6135027408599854,-0.1270732581615448,-0.08933048695325851,0.6291502118110657,-0.20859786868095398,-0.11186551302671432,0.48493295907974243,0.12427742779254913,-0.03535601496696472,0.5029866695404053,-0.0310838520526886,-0.062962606549263,0.5144834518432617,-0.12824386358261108,-0.08460338413715363,0.5280507206916809,-0.208810955286026,-0.100230373442173,0.40226083993911743,0.15159645676612854,-0.046441301703453064,0.3921184539794922,0.023228034377098083,-0.07177134603261948,0.3923199772834778,-0.0652875304222107,-0.08465989679098129,0.3974922001361847,-0.14427146315574646,-0.09235040843486786
0.4609436094760895,0.5944143533706665,8.136743758768716e-07,0.5910183191299438,0.5744987726211548,-0.06082748621702194,0.7061911225318909,0.48386573791503906,-0.09001399576663971,0.7884134650230408,0.38960209488868713,-0.11516232788562775,0.8692287802696228,0.33441606163978577,-0.13933295011520386,0.6518112421035767,0.1933903843164444,-0.03910652548074722,0.7003505229949951,0.04577414691448212,-0.07714444398880005,0.726540744304657,-0.054639577865600586,-0.11208361387252808,0.7475422620773315,-0.13638103008270264,-0.13746975362300873,0.5740458965301514,0.14444375038146973,-0.03623050078749657,0.6054859161376953,-0.018892377614974976,-0.06712552905082703,0.625080943107605,-0.1216467022895813,-0.09770508110523224,0.6414227485656738,-0.2038661539554596,-0.120660200715065,0.49362242221832275,0.1371155083179474,-0.041470739990472794,0.5124381184577942,-0.02184426784515381,-0.07053282111883163,0.5252091288566589,-0.12159022688865662,-0.09278279542922974,0.5402839183807373,-0.2031504213809967,-0.10875029861927032,0.4092979431152344,0.16681361198425293,-0.053308501839637756,0.3978433609008789,0.035464465618133545,-0.07979162037372589,0.39910781383514404,-0.05533280968666077,-0.09307706356048584,0.40625864267349243,-0.13476279377937317,-0.10100680589675903
0.46848902106285095,0.6178015470504761,8.078043265413726e-07,0.5998995900154114,0.5962346792221069,-0.061893194913864136,0.713962733745575,0.503974437713623,-0.09219031780958176,0.7957831025123596,0.4090031683444977,-0.11828254163265228,0.876716136932373,0.35419774055480957,-0.1436779648065567,0.6599889993667603,0.20890769362449646,-0.04323972761631012,0.7093954086303711,0.05740027129650116,-0.08211175352334976,0.7341817021369934,-0.045729100704193115,-0.11751458793878555,0.7538091540336609,-0.1314978301525116,-0.14360761642456055,0.58188796043396,0.16055965423583984,-0.04087934270501137,0.6133630275726318,-0.00826197862625122,-0.07220754772424698,0.6319745779037476,-0.11357930302619934,-0.10283643752336502,0.6466232538223267,-0.19958823919296265,-0.12615332007408142,0.5010854601860046,0.1562444567680359,-0.04654392600059509,0.5185858011245728,-0.0074028074741363525,-0.0761537104845047,0.5298596620559692,-0.10975944995880127,-0.0987488329410553,0.5428140759468079,-0.1955355405807495,-0.11519864946603775,0.41676050424575806,0.1904982626438141,-0.05885756015777588,0.4028241038322449,0.055954769253730774,-0.08663152903318405,0.4023081660270691,-0.03681221604347229,-0.10047701746225357,0.40747401118278503,-0.11941680312156677,-0.10885921865701675
0.4686492085456848,0.6488038897514343,8.261087600658357e-07,0.5995556712150574,0.6245278120040894,-0.06316351890563965,0.7123126983642578,0.5290499925613403,-0.09447364509105682,0.7970042824745178,0.434518039226532,-0.12180604040622711,0.879513144493103,0.3787437379360199,-0.14831140637397766,0.6607478260993958,0.23122425377368927,-0.04372294992208481,0.7138776779174805,0.07594293355941772,-0.08356086164712906,0.7404991388320923,-0.028382867574691772,-0.119923435151577,0.7614974975585938,-0.11748483777046204,-0.14703232049942017,0.5826834440231323,0.18294471502304077,-0.04225289821624756,0.6151082515716553,0.009192228317260742,-0.07451264560222626,0.6341211199760437,-0.09904903173446655,-0.10597821325063705,0.6487254500389099,-0.19046810269355774,-0.12994636595249176,0.5018596649169922,0.1801900565624237,-0.049174536019563675,0.5186233520507812,0.012234628200531006,-0.07974476367235184,0.5294291377067566,-0.09392443299293518,-0.10305525362491608,0.541724443435669,-0.1860237419605255,-0.11991633474826813,0.4181938171386719,0.21633489429950714,-0.06302855908870697,0.40183281898498535,0.07734955847263336,-0.09201762080192566,0.3997882604598999,-0.018827766180038452,-0.10653038322925568,0.40355050563812256,-0.10615423321723938,-0.11534886807203293
0.46427127718925476,0.6845842599868774,8.359006642422173e-07,0.5976622700691223,0.6594318151473999,-0.064654640853405,0.7090834379196167,0.5603649616241455,-0.09664861857891083,0.7947469353675842,0.4636191725730896,-0.12439612299203873,0.8783320188522339,0.4053141176700592,-0.15164685249328613,0.6577823162078857,0.257266104221344,-0.04724394902586937,0.7126584649085999,0.09594018757343292,-0.0888729989528656,0.7416402697563171,-0.011623263359069824,-0.12663468718528748,0.7645037174224854,-0.10335192084312439,-0.15503132343292236,0.5773789286613464,0.20940661430358887,-0.04639946296811104,0.609933614730835,0.027329325675964355,-0.08145482838153839,0.6298578381538391,-0.08507874608039856,-0.11535836011171341,0.6456563472747803,-0.1790992021560669,-0.14107371866703033,0.4950762391090393,0.20811286568641663,-0.054022688418626785,0.513254702091217,0.03091871738433838,-0.08825790882110596,0.5249164700508118,-0.08206528425216675,-0.11512769758701324,0.5384288430213928,-0.17995059490203857,-0.13430070877075195,0.4108712077140808,0.24596601724624634,-0.06839200109243393,0.3950245976448059,0.0980488657951355,-0.10191921889781952,0.3930160701274872,-0.003515869379043579,-0.11953267455101013,0.3980126976966858,-0.09632918238639832,-0.13035467267036438
0.45652031898498535,0.7229292392730713,8.116388130474661e-07,0.5941515564918518,0.6961324214935303,-0.0631277933716774,0.7080951929092407,0.5931898355484009,-0.09358014911413193,0.7952346205711365,0.496104896068573,-0.1202998012304306,0.8789558410644531,0.43936383724212646,-0.14691245555877686,0.6551859974861145,0.2867702543735504,-0.046051010489463806,0.7107444405555725,0.12014448642730713,-0.08726510405540466,0.7397751808166504,0.009345650672912598,-0.12505508959293365,0.7626358270645142,-0.08611297607421875,-0.15382099151611328,0.5721405744552612,0.2394096404314041,-0.046763621270656586,0.6030092835426331,0.050953447818756104,-0.08150921761989594,0.6228823065757751,-0.0661078691482544,-0.11601809412240982,0.6388472318649292,-0.16518810391426086,-0.14255665242671967,0.4880780279636383,0.2392767071723938,-0.05586342513561249,0.505325436592102,0.057084545493125916,-0.08995557576417923,0.5168501138687134,-0.06139284372329712,-0.11801972985267639,0.5293041467666626,-0.1653721034526825,-0.13829608261585236,0.40269148349761963,0.2784053385257721,-0.07169671356678009,0.3869553208351135,0.12561564147472382,-0.1058577448129654,0.3836623430252075,0.020480841398239136,-0.12430836260318756,0.3859518766403198,-0.07751926779747009,-0.13586777448654175
0.45302385091781616,0.7641652822494507,8.300265790239791e-07,0.5949179530143738,0.7411691546440125,-0.06259005516767502,0.7080436944961548,0.630441427230835,-0.09059479832649231,0.7950682044029236,0.5267943739891052,-0.1150740459561348,0.8797521591186523,0.4695277214050293,-0.13951076567173004,0.6502975821495056,0.31758472323417664,-0.04317175969481468,0.7083500623703003,0.14553682506084442,-0.08386309444904327,0.7405706644058228,0.031171143054962158,-0.1215459331870079,0.7665103077888489,-0.06756371259689331,-0.15060053765773773,0.5665852427482605,0.2698657512664795,-0.044353485107421875,0.5967430472373962,0.07285010814666748,-0.07871731370687485,0.6184870600700378,-0.04914140701293945,-0.11312301456928253,0.6360962986946106,-0.15196537971496582,-0.13967446982860565,0.4822732210159302,0.27118992805480957,-0.05417624115943909,0.4969719648361206,0.08141070604324341,-0.08900580555200577,0.5095017552375793,-0.041995882987976074,-0.11786413937807083,0.5229675769805908,-0.15152710676193237,-0.13864900171756744,0.3973008990287781,0.31212708353996277,-0.0707479864358902,0.3788449764251709,0.15456745028495789,-0.10641073435544968,0.3750724196434021,0.04599273204803467,-0.12612316012382507,0.37830719351768494,-0.05652320384979248,-0.1386580914258957
0.4527759552001953,0.8004273176193237,9.168124961433932e-07,0.5928474068641663,0.7705559730529785,-0.0655800849199295,0.7043915390968323,0.6614177227020264,-0.09852203726768494,0.7952767014503479,0.5615414381027222,-0.1278361678123474,0.8814336061477661,0.5029179453849792,-0.15708112716674805,0.6446266770362854,0.3429715931415558,-0.05228696018457413,0.7047801613807678,0.16425065696239471,-0.09848108142614365,0.7382678985595703,0.044222623109817505,-0.13928009569644928,0.7653433084487915,-0.058668166399002075,-0.1701071411371231,0.559739887714386,0.2938084006309509,-0.05490187183022499,0.588767409324646,0.0866941511631012,-0.09401750564575195,0.6111735701560974,-0.0407833456993103,-0.13034628331661224,0.6306211352348328,-0.14642959833145142,-0.15793228149414062,0.4739639461040497,0.2968381643295288,-0.06630013883113861,0.48566561937332153,0.09786233305931091,-0.10510899871587753,0.49861234426498413,-0.031632453203201294,-0.13503842055797577,0.5134652256965637,-0.14509695768356323,-0.15625548362731934,0.3877840042114258,0.34121808409690857,-0.08462860435247421,0.36748287081718445,0.17760340869426727,-0.12376345694065094,0.36134323477745056,0.06409373879432678,-0.14445024728775024,0.3624476194381714,-0.04222947359085083,-0.15720047056674957
0.44930368661880493,0.8336799144744873,9.825178040046012e-07,0.5960676074028015,0.800506055355072,-0.07130201905965805,0.7136871814727783,0.6918486952781677,-0.1085948571562767,0.8026769757270813,0.5933495759963989,-0.1416981965303421,0.8899818658828735,0.5355944633483887,-0.17486144602298737,0.6471235752105713,0.3693203926086426,-0.06129860132932663,0.7073459029197693,0.1856168508529663,-0.11174070090055466,0.7412159442901611,0.06300383806228638,-0.15530447661876678,0.7702393531799316,-0.042027056217193604,-0.18804636597633362,0.5585448145866394,0.3216317296028137,-0.06334500014781952,0.5888511538505554,0.1105593740940094,-0.1068093329668045,0.6123631596565247,-0.02160811424255371,-0.14680306613445282,0.633790135383606,-0.13361495733261108,-0.17720066010951996,0.47036513686180115,0.32636794447898865,-0.07433798909187317,0.4852510094642639,0.1219533383846283,-0.11703970283269882,0.49877581000328064,-0.01123124361038208,-0.15026681125164032,0.5146693587303162,-0.12783575057983398,-0.1739078015089035,0.3816905617713928,0.3733002841472626,-0.09259070456027985,0.358591765165329,0.21097597479820251,-0.13539524376392365,0.35029685497283936,0.09649002552032471,-0.15846432745456696,0.3490147888660431,-0.010798364877700806,-0.17294959723949432
0.4476175010204315,0.8589533567428589,1.005759713734733e-06,0.6042950749397278,0.8252507448196411,-0.07243409752845764,0.728870153427124,0.7190812826156616,-0.11057703197002411,0.8181577920913696,0.6200912594795227,-0.14454275369644165,0.9067825078964233,0.5616354942321777,-0.17927080392837524,0.6528283953666687,0.3931068480014801,-0.06592975556850433,0.7138106226921082,0.20391413569450378,-0.11834921687841415,0.747083306312561,0.07412832975387573,-0.16292862594127655,0.7748351097106934,-0.03743705153465271,-0.19652125239372253,0.5612995028495789,0.3455214202404022,-0.06830637902021408,0.5913885235786438,0.13015326857566833,-0.1139208972454071,0.6142709255218506,-0.006115317344665527,-0.15568487346172333,0.6343328952789307,-0.1223783791065216,-0.18750853836536407,0.47083234786987305,0.350171834230423,-0.07925712317228317,0.48576146364212036,0.1433977484703064,-0.12350619584321976,0.4980354905128479,0.0063179731369018555,-0.15787674486637115,0.5118643045425415,-0.11466601490974426,-0.18239863216876984,0.3808739483356476,0.39786699414253235,-0.09747348725795746,0.3583897352218628,0.23460717499256134,-0.142011359333992,0.34954535961151123,0.11793705821037292,-0.16598328948020935,0.347073495388031,0.008194893598556519,-0.18093356490135193
0.46109190583229065,0.8846586346626282,1.0416373470434337e-06,0.6190007925033569,0.8462257385253906,-0.07247655093669891,0.7431851029396057,0.7418149709701538,-0.11215692013502121,0.8353996276855469,0.6443950533866882,-0.14812040328979492,0.9260150194168091,0.5892174243927002,-0.18471285700798035,0.6647981405258179,0.4139651358127594,-0.06606604158878326,0.7267875671386719,0.2211194783449173,-0.11870625615119934,0.7593033313751221,0.09075534343719482,-0.16324566304683685,0.7858279347419739,-0.022396475076675415,-0.1966567188501358,0.5721848607063293,0.3672504127025604,-0.06881668418645859,0.6028484106063843,0.14878693222999573,-0.11402104794979095,0.6250917911529541,0.010957449674606323,-0.15496453642845154,0.6438652873039246,-0.10621440410614014,-0.18589046597480774,0.48111075162887573,0.37268713116645813,-0.08003424108028412,0.4945920705795288,0.16611948609352112,-0.12287594377994537,0.5062954425811768,0.02755725383758545,-0.1557190716266632,0.5197048783302307,-0.0931391716003418,-0.17927679419517517,0.39257726073265076,0.4219890236854553,-0.09868963062763214,0.36516350507736206,0.2622402012348175,-0.1414228230714798,0.35390105843544006,0.14712870121002197,-0.16313569247722626,0.34944307804107666,0.040568917989730835,-0.1763409674167633
0.48980075120925903,0.902733564376831,1.1155435686305282e-06,0.6424368619918823,0.8592028617858887,-0.07492445409297943,0.7659797072410583,0.759790301322937,-0.11775661259889603,0.8560378551483154,0.6654832363128662,-0.15634489059448242,0.945091724395752,0.6068856120109558,-0.19574181735515594,0.6842300891876221,0.42918863892555237,-0.07463134080171585,0.7470489144325256,0.23612625896930695,-0.1306842863559723,0.7798038125038147,0.10569587349891663,-0.17656585574150085,0.8063077926635742,-0.006482213735580444,-0.20980627834796906,0.588257908821106,0.38390737771987915,-0.07647982984781265,0.6201328039169312,0.16418012976646423,-0.12336483597755432,0.642449676990509,0.024081140756607056,-0.1638593077659607,0.6609474420547485,-0.09368526935577393,-0.19382496178150177,0.49492257833480835,0.39156413078308105,-0.08659415692090988,0.5076279044151306,0.18127161264419556,-0.12981009483337402,0.5194562077522278,0.04244837164878845,-0.16134412586688995,0.533668577671051,-0.07688581943511963,-0.18382404744625092,0.40473973751068115,0.4441450536251068,-0.10420194268226624,0.37468236684799194,0.2867801785469055,-0.14724965393543243,0.3627243638038635,0.1735941767692566,-0.1679089069366455,0.3581730127334595,0.06953495740890503,-0.1797361820936203
0.5197798609733582,0.9190634489059448,1.1791451015596977e-06,0.6689887046813965,0.8720979690551758,-0.07908283919095993,0.7986714839935303,0.7578416466712952,-0.12432847917079926,0.9066624641418457,0.6612622141838074,-0.165492445230484,1.0178052186965942,0.6216604113578796,-0.20808392763137817,0.7042441964149475,0.4447115659713745,-0.07650584727525711,0.759922981262207,0.2549399137496948,-0.13524839282035828,0.7924420237541199,0.12628641724586487,-0.18281517922878265,0.8200603723526001,0.015877991914749146,-0.2180396020412445,0.6090756058692932,0.39881300926208496,-0.07964864373207092,0.637869656085968,0.1767989695072174,-0.13108089566230774,0.6597138047218323,0.034121036529541016,-0.17478275299072266,0.678619384765625,-0.08652889728546143,-0.2069062739610672,0.5165454745292664,0.4087039828300476,-0.09190746396780014,0.5263973474502563,0.19285732507705688,-0.14088977873325348,0.536758303642273,0.0494479238986969,-0.17713823914527893,0.5512228012084961,-0.07610076665878296,-0.20233559608459473,0.42585575580596924,0.46378588676452637,-0.11191722005605698,0.3936954736709595,0.30294495820999146,-0.15885666012763977,0.3821994662284851,0.1875779628753662,-0.18317092955112457,0.3792791962623596,0.07959076762199402,-0.19828756153583527
0.5269083380699158,0.9251130223274231,1.0684383369152783e-06,0.6805266737937927,0.8815101385116577,-0.07050491124391556,0.8182318210601807,0.7693754434585571,-0.10918077081441879,0.9269610047340393,0.6692094802856445,-0.14527353644371033,1.0371595621109009,0.6299926042556763,-0.1824781447649002,0.7266290783882141,0.4564256966114044,-0.05672729015350342,0.7804575562477112,0.27504396438598633,-0.10609332472085953,0.8075660467147827,0.15422871708869934,-0.14856494963169098,0.8293166160583496,0.04933097958564758,-0.18085020780563354,0.6336230039596558,0.4114963412284851,-0.0615050345659256,0.6621724963188171,0.19249895215034485,-0.10497542470693588,0.6811893582344055,0.0543767511844635,-0.14500020444393158,0.6959283351898193,-0.061720967292785645,-0.17480647563934326,0.5427414178848267,0.4202314615249634,-0.07529740035533905,0.5506997108459473,0.2093966007232666,-0.11835086345672607,0.5578039288520813,0.07220891118049622,-0.15304608643054962,0.5680570006370544,-0.04782336950302124,-0.17715898156166077,0.45265713334083557,0.4732929766178131,-0.09637195616960526,0.4191054701805115,0.3152506649494171,-0.13870255649089813,0.4047282934188843,0.20207148790359497,-0.16196827590465546,0.3987872898578644,0.09335878491401672,-0.17656657099723816
0.5433697700500488,0.920775294303894,9.977932222682284e-07,0.6943398118019104,0.8756338357925415,-0.06964042037725449,0.8313510417938232,0.7671072483062744,-0.10619324445724487,0.9356197118759155,0.6701894998550415,-0.14019964635372162,1.0353999137878418,0.6299769878387451,-0.17520730197429657,0.7427841424942017,0.46233248710632324,-0.05694667994976044,0.7968014478683472,0.28369903564453125,-0.10514868795871735,0.8246863484382629,0.16410264372825623,-0.14671684801578522,0.8474124670028687,0.05920886993408203,-0.1786203235387802,0.6502612233161926,0.4190323054790497,-0.06109331548213959,0.677345335483551,0.20460829138755798,-0.10448256880044937,0.6932739019393921,0.06995433568954468,-0.1448116898536682,0.705543041229248,-0.04323846101760864,-0.17509271204471588,0.5609527826309204,0.42847365140914917,-0.0739273726940155,0.5726942420005798,0.22317683696746826,-0.1174471527338028,0.578431248664856,0.08747583627700806,-0.15298373997211456,0.5863081216812134,-0.031890153884887695,-0.1780744343996048,0.47263574600219727,0.481065571308136,-0.09384968876838684,0.4452284574508667,0.32905974984169006,-0.13719819486141205,0.43164902925491333,0.21896734833717346,-0.16162239015102386,0.4250083565711975,0.11205393075942993,-0.17719294130802155
0.5607553720474243,0.9157518148422241,1.0122496405529091e-06,0.7098906636238098,0.8693108558654785,-0.06739017367362976,0.8407686352729797,0.7625387907028198,-0.10242372006177902,0.9406449794769287,0.6672106385231018,-0.13510963320732117,1.0345790386199951,0.626606822013855,-0.16879267990589142,0.7548539638519287,0.4635851979255676,-0.05517973750829697,0.806960940361023,0.2873438894748688,-0.10304386913776398,0.833940327167511,0.1696167290210724,-0.14491331577301025,0.8560179471969604,0.06623104214668274,-0.17674188315868378,0.6641742587089539,0.4203462302684784,-0.0595841109752655,0.6897597908973694,0.20551660656929016,-0.10263457149267197,0.7054711580276489,0.06897547841072083,-0.14321155846118927,0.7186266779899597,-0.045776546001434326,-0.17337940633296967,0.5763879418373108,0.4295182228088379,-0.0723755955696106,0.5878591537475586,0.22657856345176697,-0.11549883335828781,0.5937693119049072,0.09055495262145996,-0.1509929746389389,0.6018926501274109,-0.029276371002197266,-0.17581212520599365,0.48899415135383606,0.48218175768852234,-0.09204883128404617,0.4655759930610657,0.3320017457008362,-0.13489143550395966,0.4524213373661041,0.22417086362838745,-0.1586213856935501,0.445156455039978,0.11942824721336365,-0.17349815368652344
0.5715956091880798,0.910754919052124,9.45530359786062e-07,0.7190129160881042,0.8626531958580017,-0.06236857920885086,0.8461927175521851,0.7561596632003784,-0.09547029435634613,0.937904417514801,0.6601693630218506,-0.1268719881772995,1.0247522592544556,0.6124110817909241,-0.15896393358707428,0.7626882791519165,0.45592767000198364,-0.049221646040678024,0.8110744953155518,0.2824862003326416,-0.09476885944604874,0.8357347846031189,0.16951778531074524,-0.13546502590179443,0.8562328815460205,0.06913578510284424,-0.16623395681381226,0.6734619140625,0.41454291343688965,-0.05476100370287895,0.6981247067451477,0.20645615458488464,-0.09482596069574356,0.7128454446792603,0.07487994432449341,-0.13332393765449524,0.725622832775116,-0.035578012466430664,-0.16222049295902252,0.5868668556213379,0.4237727224826813,-0.06845657527446747,0.5970714092254639,0.22599688172340393,-0.10818180441856384,0.6017957925796509,0.09283798933029175,-0.1411391645669937,0.6091029047966003,-0.024279475212097168,-0.16455797851085663,0.4999145269393921,0.47661393880844116,-0.08876308053731918,0.4785735607147217,0.326495885848999,-0.12807990610599518,0.4660879969596863,0.21964123845100403,-0.14943768084049225,0.4590000510215759,0.1165381371974945,-0.16287921369075775
0.5773358345031738,0.9038330316543579,9.066171173799376e-07,0.722190260887146,0.8564691543579102,-0.06006985157728195,0.8474146723747253,0.7504498958587646,-0.09096794575452805,0.9335618615150452,0.6516175866127014,-0.12033679336309433,1.0147321224212646,0.597779393196106,-0.14992652833461761,0.7647129893302917,0.44766858220100403,-0.04334619268774986,0.8118008375167847,0.2750266194343567,-0.08566825836896896,0.8359077572822571,0.16509854793548584,-0.12430457770824432,0.8561612367630005,0.06750893592834473,-0.15351425111293793,0.6774519681930542,0.4081125855445862,-0.04825504869222641,0.6996693015098572,0.2031993567943573,-0.08479465544223785,0.7130229473114014,0.07375288009643555,-0.12120454758405685,0.7247552871704102,-0.034294724464416504,-0.14867137372493744,0.5929526090621948,0.4176408052444458,-0.06131350249052048,0.6004586219787598,0.22336700558662415,-0.09787216782569885,0.6042904257774353,0.0940980613231659,-0.12920475006103516,0.6112841963768005,-0.019497692584991455,-0.1516900509595871,0.5076137781143188,0.47040730714797974,-0.08089368790388107,0.48344898223876953,0.32473045587539673,-0.11777734011411667,0.4689748287200928,0.22196462750434875,-0.13800206780433655,0.4599120616912842,0.1229892373085022,-0.15060220658779144
0.5785331726074219,0.9004577398300171,8.705502523298492e-07,0.7233721613883972,0.8530001640319824,-0.05991718918085098,0.8486939668655396,0.7435648441314697,-0.08974235504865646,0.9362949132919312,0.6441653966903687,-0.11793994903564453,1.0182063579559326,0.592226505279541,-0.1463027000427246,0.7676591873168945,0.44510480761528015,-0.04185483604669571,0.8129369616508484,0.27426546812057495,-0.08298949152231216,0.8355236649513245,0.16497987508773804,-0.1207771822810173,0.8548389673233032,0.06798717379570007,-0.14968472719192505,0.68051677942276,0.40616631507873535,-0.04644656553864479,0.7006117701530457,0.20387431979179382,-0.08182808756828308,0.7134943604469299,0.07700151205062866,-0.11730402708053589,0.7251489162445068,-0.028791844844818115,-0.1443735510110855,0.5965093970298767,0.4160979390144348,-0.059387337416410446,0.6026588082313538,0.22601735591888428,-0.09533821046352386,0.6063370704650879,0.0996115505695343,-0.12654821574687958,0.6130403280258179,-0.011714458465576172,-0.14913901686668396,0.5123461484909058,0.46845388412475586,-0.07891448587179184,0.4873470067977905,0.3259199857711792,-0.1153317540884018,0.4726424217224121,0.2249770164489746,-0.1358349621295929,0.46331870555877686,0.1270056962966919,-0.14895568788051605
0.579373836517334,0.895595908164978,8.619394407105574e-07,0.7227306962013245,0.8476901650428772,-0.05806808918714523,0.847374439239502,0.7395577430725098,-0.08701340854167938,0.9343154430389404,0.6408212184906006,-0.11490360647439957,1.0148749351501465,0.5885685086250305,-0.14304505288600922,0.7655823230743408,0.4432438313961029,-0.03962962329387665,0.8107708692550659,0.2727546691894531,-0.08037550002336502,0.8331096172332764,0.1647256314754486,-0.11785709112882614,0.8517323136329651,0.06849318742752075,-0.1464613825082779,0.6794511079788208,0.40541577339172363,-0.0453169085085392,0.6995722055435181,0.2024017572402954,-0.08076015114784241,0.711814284324646,0.07456967234611511,-0.11660176515579224,0.7221952676773071,-0.033019065856933594,-0.14371326565742493,0.596717119216919,0.4165676236152649,-0.059154585003852844,0.6017435193061829,0.22772890329360962,-0.09504179656505585,0.6047419905662537,0.10249722003936768,-0.12584607303142548,0.6106438636779785,-0.009087562561035156,-0.14798976480960846,0.5134449005126953,0.4698092043399811,-0.07949069887399673,0.4885103702545166,0.3277892470359802,-0.11554756760597229,0.47356870770454407,0.22830680012702942,-0.1352996975183487,0.4637989401817322,0.13152846693992615,-0.1477648764848709
0.5782160758972168,0.8953163027763367,8.590653806095361e-07,0.7214228510856628,0.8483471870422363,-0.058390017598867416,0.8455500602722168,0.7389862537384033,-0.08694171905517578,0.9336299896240234,0.6398814916610718,-0.11440817266702652,1.0152546167373657,0.5879279971122742,-0.14190848171710968,0.7632884383201599,0.4440469741821289,-0.037109702825546265,0.8076469898223877,0.27385973930358887,-0.07669749110937119,0.8297461867332458,0.1666051745414734,-0.11343929916620255,0.8484303951263428,0.07189801335334778,-0.14145174622535706,0.6781482100486755,0.4072398245334625,-0.04197832569479942,0.6984541416168213,0.2061542272567749,-0.07594706863164902,0.7110133171081543,0.08008316159248352,-0.11054946482181549,0.7219963669776917,-0.025590360164642334,-0.13674898445606232,0.5963292717933655,0.4183051586151123,-0.05529288947582245,0.6015402674674988,0.23201227188110352,-0.0898122787475586,0.6052147746086121,0.10927265882492065,-0.119264155626297,0.6122673749923706,0.0005472302436828613,-0.14048919081687927,0.5135270357131958,0.4706857204437256,-0.07528027892112732,0.48803120851516724,0.33131951093673706,-0.10986430197954178,0.4737502932548523,0.23355543613433838,-0.12858590483665466,0.46492189168930054,0.13836950063705444,-0.14042313396930695
0.577359139919281,0.9029147028923035,8.543047442799434e-07,0.7205026745796204,0.8544394969940186,-0.0590846985578537,0.843159019947052,0.7456983327865601,-0.0880012959241867,0.9312459826469421,0.6454173922538757,-0.11574569344520569,1.0130722522735596,0.5927532315254211,-0.14349830150604248,0.7602233290672302,0.4531779885292053,-0.0370982363820076,0.804686963558197,0.28283995389938354,-0.07673198729753494,0.8256816267967224,0.1743605136871338,-0.11362969130277634,0.8427492380142212,0.07835233211517334,-0.14186407625675201,0.6759341955184937,0.41631293296813965,-0.04180523753166199,0.696656346321106,0.2152988612651825,-0.07618752866983414,0.7084944248199463,0.08857858180999756,-0.11120175570249557,0.7182084918022156,-0.01840651035308838,-0.13764095306396484,0.5947778224945068,0.42698901891708374,-0.05502280592918396,0.5998458862304688,0.24100852012634277,-0.09007349610328674,0.6027927398681641,0.11820489168167114,-0.11996893584728241,0.6087853312492371,0.009250670671463013,-0.1413629949092865,0.5125136971473694,0.47850656509399414,-0.07495496422052383,0.4867558479309082,0.33853957056999207,-0.10998249799013138,0.4724489450454712,0.23982492089271545,-0.12909264862537384,0.4634822607040405,0.14398372173309326,-0.14114981889724731
0.5768284797668457,0.9132181406021118,8.591862297180342e-07,0.7184321880340576,0.8655953407287598,-0.06076349690556526,0.8404169082641602,0.7567934989929199,-0.09090180695056915,0.9314700961112976,0.6589474081993103,-0.11944591999053955,1.0164854526519775,0.6088090538978577,-0.1479474902153015,0.7582695484161377,0.46610891819000244,-0.039441872388124466,0.8019549250602722,0.29527977108955383,-0.07931970059871674,0.8231974244117737,0.1866767406463623,-0.11608946323394775,0.8405185341835022,0.09124961495399475,-0.14417605102062225,0.6739822626113892,0.4289831221103668,-0.04325052723288536,0.6942949295043945,0.22866138815879822,-0.07736362516880035,0.7066131830215454,0.103322833776474,-0.11141592264175415,0.7172366380691528,-0.0017905831336975098,-0.13726860284805298,0.5924336910247803,0.438811331987381,-0.05576839670538902,0.5983355641365051,0.2523902952671051,-0.09032154828310013,0.6017911434173584,0.1297762095928192,-0.11958350241184235,0.608829915523529,0.021324992179870605,-0.14071667194366455,0.5098913908004761,0.4897051155567169,-0.0751669853925705,0.483753502368927,0.35013240575790405,-0.10964463651180267,0.46971338987350464,0.2510209381580353,-0.12843777239322662,0.4614717960357666,0.1545056700706482,-0.1404653787612915
0.5683355331420898,0.924573540687561,8.900498187358608e-07,0.713347315788269,0.8815932869911194,-0.06133946031332016,0.8375672101974487,0.7711756229400635,-0.09094110131263733,0.9326059222221375,0.6728781461715698,-0.11866675317287445,1.019984245300293,0.6263797283172607,-0.14649665355682373,0.7541284561157227,0.48385822772979736,-0.04219082370400429,0.7985832691192627,0.3115230202674866,-0.08262624591588974,0.8219267725944519,0.20324605703353882,-0.1195119097828865,0.839625358581543,0.10678282380104065,-0.1476415991783142,0.6692370772361755,0.44434624910354614,-0.04551496356725693,0.691150426864624,0.23949596285820007,-0.08003465831279755,0.7030776739120483,0.11248895525932312,-0.11442747712135315,0.7114191055297852,0.0038803815841674805,-0.1401788294315338,0.5872416496276855,0.451892614364624,-0.05713573470711708,0.5941688418388367,0.26579561829566956,-0.09160283207893372,0.599170982837677,0.14317747950553894,-0.12050003558397293,0.6068711280822754,0.033053964376449585,-0.14116570353507996,0.5044489502906799,0.5004386305809021,-0.07567494362592697,0.4806400537490845,0.3626130521297455,-0.10884174704551697,0.4680054187774658,0.26787832379341125,-0.12599322199821472,0.461064875125885,0.17642545700073242,-0.13682763278484344
0.5629727244377136,0.9347758889198303,9.647593515182962e-07,0.7101173400878906,0.8944222927093506,-0.06850732862949371,0.8356083631515503,0.7897763252258301,-0.10092215240001678,0.9297099709510803,0.6902369260787964,-0.12998071312904358,1.0172826051712036,0.6357864737510681,-0.15811510384082794,0.7482001185417175,0.4973357617855072,-0.04548196867108345,0.7934536337852478,0.3239836096763611,-0.08645779639482498,0.8174773454666138,0.21752578020095825,-0.12349724769592285,0.8348352909088135,0.12046501040458679,-0.151519313454628,0.6623217463493347,0.45658034086227417,-0.04531681165099144,0.6842396259307861,0.24820476770401,-0.08025485277175903,0.6964195370674133,0.11956655979156494,-0.11485520750284195,0.7036741375923157,0.007743895053863525,-0.14054514467716217,0.5796139240264893,0.46376898884773254,-0.054205942898988724,0.5872128009796143,0.28199201822280884,-0.08941344171762466,0.5950142741203308,0.16331511735916138,-0.11742132157087326,0.6040050983428955,0.055915266275405884,-0.1368698924779892,0.4971606731414795,0.511101484298706,-0.07069655507802963,0.4764798879623413,0.37490716576576233,-0.10322342813014984,0.4651709794998169,0.28434401750564575,-0.11877234280109406,0.4583575427532196,0.1965475082397461,-0.12822671234607697
0.5603699684143066,0.9469060301780701,1.111974370360258e-06,0.7092198133468628,0.9069362878799438,-0.0730237066745758,0.834040641784668,0.8021440505981445,-0.10824306309223175,0.93044513463974,0.7038872241973877,-0.1393803060054779,1.0210455656051636,0.6501719355583191,-0.16955934464931488,0.7443506717681885,0.5072624683380127,-0.05238419026136398,0.790666401386261,0.33204323053359985,-0.09691201150417328,0.8154438734054565,0.22283965349197388,-0.13664831221103668,0.833138108253479,0.12186723947525024,-0.16583439707756042,0.6564651727676392,0.4646528959274292,-0.0516667366027832,0.6795927286148071,0.24595287442207336,-0.08936261385679245,0.6919564008712769,0.10112950205802917,-0.12616904079914093,0.6990882754325867,-0.025653362274169922,-0.15315039455890656,0.5712217092514038,0.4721827208995819,-0.06014110893011093,0.5801102519035339,0.286236047744751,-0.09716083109378815,0.5884968042373657,0.16588902473449707,-0.1261390894651413,0.5971713066101074,0.05777260661125183,-0.14545859396457672,0.4865696430206299,0.5210428237915039,-0.07663287222385406,0.4698129892349243,0.3803969621658325,-0.10992956906557083,0.46023041009902954,0.28711143136024475,-0.12518005073070526,0.454651415348053,0.1972392201423645,-0.13395099341869354
0.5568398833274841,0.9600614905357361,1.104933858186996e-06,0.7061096429824829,0.9182590246200562,-0.07469163835048676,0.8311442732810974,0.8107236623764038,-0.11198949813842773,0.9316058158874512,0.7127086520195007,-0.14526918530464172,1.0279216766357422,0.6619904637336731,-0.177815780043602,0.7394070625305176,0.5161161422729492,-0.05587909743189812,0.7884500622749329,0.3381260931491852,-0.10244055837392807,0.8156682252883911,0.22855329513549805,-0.14304792881011963,0.834850549697876,0.12781798839569092,-0.17302818596363068,0.649741530418396,0.4737553298473358,-0.05489542707800865,0.6745686531066895,0.2575306296348572,-0.09506824612617493,0.6886266469955444,0.12043580412864685,-0.1319936215877533,0.6970319747924805,0.0006134510040283203,-0.1588451862335205,0.5631316900253296,0.4814547002315521,-0.06331846863031387,0.5716363191604614,0.2896355390548706,-0.10240344703197479,0.582243025302887,0.16636812686920166,-0.1307092308998108,0.5940606594085693,0.05584082007408142,-0.1495254933834076,0.47752243280410767,0.5304667353630066,-0.07986931502819061,0.46121537685394287,0.38431283831596375,-0.11487012356519699,0.4528399705886841,0.2864271104335785,-0.1305404156446457,0.44873231649398804,0.19188371300697327,-0.1395667940378189
0.5532146692276001,0.9700021743774414,1.2058193306074827e-06,0.7022742033004761,0.9270303845405579,-0.07817653566598892,0.8255327343940735,0.8221898078918457,-0.11830662190914154,0.9265955090522766,0.7251355648040771,-0.15393196046352386,1.025020718574524,0.6759493947029114,-0.18887335062026978,0.7360999584197998,0.5207723379135132,-0.061692219227552414,0.7861502170562744,0.34065186977386475,-0.11150632053613663,0.8145800232887268,0.22656816244125366,-0.15486685931682587,0.8351621031761169,0.12117201089859009,-0.1865556538105011,0.645483672618866,0.47549232840538025,-0.060738030821084976,0.6699003577232361,0.25256434082984924,-0.10344672203063965,0.6832693815231323,0.10670173168182373,-0.1427893042564392,0.6913720965385437,-0.020398736000061035,-0.17122383415699005,0.5574218034744263,0.4837570786476135,-0.06920957565307617,0.5669926404953003,0.2891213297843933,-0.11064864695072174,0.5777565836906433,0.16277536749839783,-0.1408456414937973,0.5892623066902161,0.049847960472106934,-0.16048356890678406,0.4699160158634186,0.5357728004455566,-0.0859951376914978,0.45211637020111084,0.38554126024246216,-0.12319296598434448,0.44255587458610535,0.28419414162635803,-0.13970185816287994,0.4368133544921875,0.1865578591823578,-0.1488463431596756
0.5449334979057312,0.9826518297195435,1.2317622122282046e-06,0.6937148571014404,0.9420510530471802,-0.08021684736013412,0.8202664256095886,0.835945725440979,-0.1227325052022934,0.9254179000854492,0.7388678193092346,-0.1605522334575653,1.0275366306304932,0.6933364272117615,-0.1981433779001236,0.7342029213905334,0.5279203057289124,-0.06742671132087708,0.7891366481781006,0.3462037742137909,-0.1195574402809143,0.8197926878929138,0.22913986444473267,-0.16474708914756775,0.8424715995788574,0.12309351563453674,-0.19791767001152039,0.6430017948150635,0.48029476404190063,-0.06743524968624115,0.6709475517272949,0.2521791458129883,-0.11190391331911087,0.6865995526313782,0.1042267382144928,-0.15284280478954315,0.6975927352905273,-0.020852386951446533,-0.18270368874073029,0.5528932809829712,0.48672813177108765,-0.07681218534708023,0.5637145638465881,0.28097426891326904,-0.1197786033153534,0.5750744938850403,0.14711281657218933,-0.1527063250541687,0.5886265635490417,0.028159260749816895,-0.17497578263282776,0.46207743883132935,0.539259135723114,-0.09443549066781998,0.4401320219039917,0.3859454095363617,-0.13408051431179047,0.4295606017112732,0.27985909581184387,-0.1530686616897583,0.42510107159614563,0.1776418387889862,-0.16434022784233093
0.5385158061981201,0.9897276163101196,1.2326789828875917e-06,0.6849720478057861,0.9505090713500977,-0.0815347358584404,0.8152614831924438,0.8496911525726318,-0.12613792717456818,0.9221713542938232,0.7557560205459595,-0.1657526046037674,1.0245740413665771,0.707462728023529,-0.20511847734451294,0.7305896878242493,0.5319043397903442,-0.07126128673553467,0.7895731329917908,0.34798476099967957,-0.12351947277784348,0.8213803172111511,0.2288309633731842,-0.1686103641986847,0.8457232117652893,0.12211591005325317,-0.20198461413383484,0.6378392577171326,0.4818616211414337,-0.07103868573904037,0.6684203147888184,0.25282561779022217,-0.11553437262773514,0.6854463815689087,0.10653385519981384,-0.15680333971977234,0.698083758354187,-0.014347195625305176,-0.18738003075122833,0.546081006526947,0.48751652240753174,-0.08001997321844101,0.5587294101715088,0.27479878067970276,-0.12314632534980774,0.5692667365074158,0.13840922713279724,-0.15712665021419525,0.5825914144515991,0.01864224672317505,-0.1808280050754547,0.4533824324607849,0.539925217628479,-0.09709396213293076,0.43019893765449524,0.38317134976387024,-0.13812632858753204,0.4196583330631256,0.2735956609249115,-0.15887333452701569,0.41651153564453125,0.168426513671875,-0.1715351641178131
0.524312436580658,0.9978229999542236,1.2823973065678729e-06,0.6713138222694397,0.959359884262085,-0.08255735784769058,0.8034393787384033,0.8621896505355835,-0.12871019542217255,0.9146576523780823,0.7737777829170227,-0.17021627724170685,1.0215798616409302,0.730553925037384,-0.2114289253950119,0.7264193296432495,0.5368431806564331,-0.06769967824220657,0.787100076675415,0.352570503950119,-0.11991603672504425,0.8199529647827148,0.23338773846626282,-0.16610775887966156,0.8460873365402222,0.12608495354652405,-0.20057067275047302,0.633215606212616,0.4855515956878662,-0.06820680946111679,0.665658175945282,0.2570112645626068,-0.11257950216531754,0.6851873993873596,0.1114368736743927,-0.1548311412334442,0.70149165391922,-0.00936126708984375,-0.1863451451063156,0.5389116406440735,0.49000561237335205,-0.07848182320594788,0.5545446872711182,0.2740345001220703,-0.12223920226097107,0.5654215216636658,0.13401874899864197,-0.15728877484798431,0.5796727538108826,0.010725736618041992,-0.18178321421146393,0.44252973794937134,0.5418853759765625,-0.09703105688095093,0.42007774114608765,0.38136816024780273,-0.13891777396202087,0.40955883264541626,0.2688412666320801,-0.1599116027355194,0.4069347679615021,0.16030672192573547,-0.17280517518520355
0.5095968842506409,1.007938265800476,1.3332868320503621e-06,0.6604428887367249,0.9704567193984985,-0.08534593135118484,0.7933434247970581,0.8789140582084656,-0.1332811713218689,0.9043890237808228,0.7922981977462769,-0.17620190978050232,1.00931978225708,0.7424312829971313,-0.2186623215675354,0.7162604928016663,0.543399453163147,-0.0703907459974289,0.7814794182777405,0.35587847232818604,-0.12429232895374298,0.8177434802055359,0.2334894835948944,-0.17224007844924927,0.8463377952575684,0.12351423501968384,-0.20771116018295288,0.6217483282089233,0.49058589339256287,-0.07017768174409866,0.6570668816566467,0.25807005167007446,-0.11578178405761719,0.6785974502563477,0.10983511805534363,-0.16009403765201569,0.6959636211395264,-0.01234811544418335,-0.1930822730064392,0.5267257690429688,0.4941037893295288,-0.07981732487678528,0.5450243353843689,0.27626654505729675,-0.12440437823534012,0.5577540397644043,0.13505584001541138,-0.16014140844345093,0.5730555057525635,0.0120466947555542,-0.18511253595352173,0.42956703901290894,0.5455920696258545,-0.09791837632656097,0.40767213702201843,0.38245582580566406,-0.14074911177158356,0.3979623317718506,0.2687126696109772,-0.1617974191904068,0.3961297571659088,0.1598336100578308,-0.17442911863327026
0.49363988637924194,1.0145868062973022,1.3994535947858822e-06,0.6463329792022705,0.9791228771209717,-0.08912557363510132,0.7837074398994446,0.8900532126426697,-0.13806644082069397,0.9011903405189514,0.804125189781189,-0.18151037395000458,1.0091843605041504,0.7547376751899719,-0.22415728867053986,0.7098238468170166,0.550736665725708,-0.06922593712806702,0.776972770690918,0.3596837818622589,-0.12147074192762375,0.8134382963180542,0.23463347554206848,-0.16876401007175446,0.842276930809021,0.12268757820129395,-0.20382700860500336,0.6128977537155151,0.49661895632743835,-0.0668627992272377,0.6501907706260681,0.26032575964927673,-0.1099976971745491,0.6727557182312012,0.10833027958869934,-0.15354450047016144,0.6918090581893921,-0.0157773494720459,-0.1862034797668457,0.5157684087753296,0.4978838562965393,-0.07488278299570084,0.5371056199073792,0.27750512957572937,-0.1166202500462532,0.551409125328064,0.1339121162891388,-0.15150196850299835,0.568488359451294,0.010880053043365479,-0.17621424794197083,0.4164907932281494,0.546600341796875,-0.0920051783323288,0.3955840766429901,0.38240116834640503,-0.13230057060718536,0.38539814949035645,0.26869910955429077,-0.15208610892295837,0.38304224610328674,0.16090771555900574,-0.16399231553077698
0.48575037717819214,1.0262418985366821,1.4164943422656506e-06,0.639857292175293,0.9878261089324951,-0.09091901034116745,0.7792462110519409,0.8971515893936157,-0.1392926275730133,0.8982148766517639,0.8115553855895996,-0.18228989839553833,1.005859375,0.7602859139442444,-0.22437883913516998,0.6962887644767761,0.5520313382148743,-0.06744062900543213,0.7638741135597229,0.35817623138427734,-0.12053875625133514,0.8031492829322815,0.23312902450561523,-0.1693861037492752,0.8353665471076965,0.12094691395759583,-0.20554150640964508,0.5975048542022705,0.499697744846344,-0.06410769373178482,0.6336178183555603,0.2651105225086212,-0.10789027065038681,0.6579594612121582,0.11437302827835083,-0.15353970229625702,0.6789482235908508,-0.009768009185791016,-0.18780434131622314,0.5005558729171753,0.5031276345252991,-0.07158024609088898,0.5203271508216858,0.28386783599853516,-0.11385253071784973,0.5390154123306274,0.14201903343200684,-0.14992600679397583,0.5601809620857239,0.01932060718536377,-0.17534229159355164,0.40286868810653687,0.554020881652832,-0.08851735293865204,0.38246509432792664,0.38820305466651917,-0.12943688035011292,0.3729821741580963,0.2741294801235199,-0.1501285582780838,0.37043455243110657,0.16595229506492615,-0.1624894142150879
0.4710121154785156,1.029162049293518,1.4861358295092941e-06,0.6281169652938843,0.993601381778717,-0.09318992495536804,0.768221378326416,0.905511200428009,-0.14265675842761993,0.8898233771324158,0.8181184530258179,-0.18614429235458374,0.9999046325683594,0.7670118808746338,-0.2283908575773239,0.6885837316513062,0.5545286536216736,-0.06663031876087189,0.7570688128471375,0.35899052023887634,-0.11757983267307281,0.7956652641296387,0.23144161701202393,-0.16500435769557953,0.8265905380249023,0.11806625127792358,-0.20038989186286926,0.5887600779533386,0.500575065612793,-0.061175476759672165,0.624039888381958,0.26223698258399963,-0.10256490111351013,0.6469172239303589,0.10903707146644592,-0.14699162542819977,0.6671293377876282,-0.016776204109191895,-0.18060287833213806,0.49048542976379395,0.5033352375030518,-0.06670527905225754,0.5106784105300903,0.2806888520717621,-0.10719041526317596,0.5273486375808716,0.13624361157417297,-0.14382600784301758,0.5455788373947144,0.012534141540527344,-0.16993533074855804,0.39294862747192383,0.55445796251297,-0.08181031793355942,0.3714122176170349,0.3903217315673828,-0.12145725637674332,0.3585367202758789,0.2769739031791687,-0.14245662093162537,0.35231074690818787,0.17011848092079163,-0.15523333847522736
0.46169355511665344,1.0428719520568848,1.497643665970827e-06,0.6184109449386597,1.0041561126708984,-0.09367310255765915,0.7541580200195312,0.9180567264556885,-0.14154431223869324,0.8729416131973267,0.8277842402458191,-0.18311616778373718,0.9788157939910889,0.7711877822875977,-0.22323091328144073,0.6757727265357971,0.5557675361633301,-0.06295426934957504,0.7456417679786682,0.3563299775123596,-0.11159038543701172,0.7837820053100586,0.22567588090896606,-0.15830238163471222,0.8142484426498413,0.10981521010398865,-0.19349540770053864,0.574476420879364,0.5014519095420837,-0.05647394433617592,0.6086858510971069,0.26051369309425354,-0.09557034820318222,0.6298328042030334,0.10391893982887268,-0.14003463089466095,0.6486843228340149,-0.023123979568481445,-0.1739213913679123,0.47501927614212036,0.5062417984008789,-0.061161693185567856,0.4946425259113312,0.278895765542984,-0.1004052385687828,0.5119054913520813,0.1307094395160675,-0.13822993636131287,0.5314968824386597,0.005635857582092285,-0.16531582176685333,0.3757801949977875,0.560962438583374,-0.07541302591562271,0.35146552324295044,0.3930196762084961,-0.11551330238580704,0.33913686871528625,0.27667298913002014,-0.13761399686336517,0.3351806700229645,0.1681671440601349,-0.1509663611650467
0.447537899017334,1.0538610219955444,1.533598378955503e-06,0.6076489090919495,1.0138490200042725,-0.0946832150220871,0.7429250478744507,0.9272702932357788,-0.14418308436870575,0.8591642379760742,0.832807183265686,-0.18732291460037231,0.9705749750137329,0.7796151041984558,-0.2288646548986435,0.6631683707237244,0.5610141754150391,-0.06209291145205498,0.7337504625320435,0.35991334915161133,-0.11031635850667953,0.772105872631073,0.22671234607696533,-0.15669773519039154,0.8030408620834351,0.10839515924453735,-0.19171521067619324,0.5624738931655884,0.5060931444168091,-0.05477586388587952,0.5970340371131897,0.26177501678466797,-0.0927705243229866,0.6177549958229065,0.10369643568992615,-0.1357278674840927,0.6364497542381287,-0.025222837924957275,-0.16865026950836182,0.46227097511291504,0.510755717754364,-0.0588323250412941,0.47993260622024536,0.278107613325119,-0.09730449318885803,0.49265384674072266,0.12823215126991272,-0.13345573842525482,0.5075691938400269,0.0020053982734680176,-0.15916433930397034,0.3623785078525543,0.5654234290122986,-0.07261694222688675,0.33864352107048035,0.39196884632110596,-0.1115885078907013,0.32457950711250305,0.2720796465873718,-0.13234776258468628,0.31762373447418213,0.1599614918231964,-0.144612655043602
0.43563130497932434,1.0712993144989014,1.5186722066573566e-06,0.5980029702186584,1.0273138284683228,-0.09105806052684784,0.7275615334510803,0.9392203092575073,-0.13800376653671265,0.8388348817825317,0.8407896757125854,-0.17858634889125824,0.9512319564819336,0.784858226776123,-0.2177676409482956,0.6459482312202454,0.5653965473175049,-0.057091254740953445,0.7183281183242798,0.3621078133583069,-0.1026478186249733,0.7566810846328735,0.2280726432800293,-0.14768290519714355,0.78827965259552,0.10769522190093994,-0.18229122459888458,0.5455476641654968,0.5101598501205444,-0.050432030111551285,0.5807363390922546,0.2622217833995819,-0.08606921881437302,0.6026656627655029,0.1033971905708313,-0.12826400995254517,0.6226778626441956,-0.02714252471923828,-0.16117128729820251,0.44490480422973633,0.5161768794059753,-0.05490592122077942,0.4616021513938904,0.2796291708946228,-0.09307917952537537,0.4731292724609375,0.12726226449012756,-0.13009339570999146,0.4878558814525604,-0.0027872323989868164,-0.15661439299583435,0.34495002031326294,0.5728500485420227,-0.06852904707193375,0.3191151022911072,0.39344310760498047,-0.10841204226016998,0.30526500940322876,0.26975053548812866,-0.1301630735397339,0.30040493607521057,0.1518450379371643,-0.14327074587345123
0.4277503490447998,1.0934193134307861,1.4750129366802867e-06,0.5896698236465454,1.0409473180770874,-0.08588800579309464,0.7178096771240234,0.9453109502792358,-0.13066253066062927,0.8304123282432556,0.8429363965988159,-0.17015229165554047,0.9462484121322632,0.7869675159454346,-0.20848499238491058,0.6399437189102173,0.5770230889320374,-0.05043278634548187,0.7114238739013672,0.36672863364219666,-0.09618346393108368,0.748252809047699,0.22895339131355286,-0.14173582196235657,0.7792688012123108,0.10445261001586914,-0.17741495370864868,0.5384919047355652,0.5210002660751343,-0.04700309410691261,0.5658453702926636,0.26594120264053345,-0.08489783108234406,0.5833770036697388,0.10241484642028809,-0.13011345267295837,0.59940105676651,-0.03249841928482056,-0.1650940179824829,0.4367261230945587,0.5278992652893066,-0.05445939674973488,0.4428945779800415,0.2859136760234833,-0.09549777209758759,0.44739800691604614,0.1269150972366333,-0.13531936705112457,0.4562894105911255,-0.011343896389007568,-0.1634894162416458,0.33679917454719543,0.5852384567260742,-0.07041504234075546,0.3096788823604584,0.40023255348205566,-0.11251239478588104,0.2947062849998474,0.27343446016311646,-0.13569779694080353,0.29024386405944824,0.15093907713890076,-0.14978507161140442
0.4169054925441742,1.1054233312606812,1.445223801965767e-06,0.5852075815200806,1.0530287027359009,-0.08215507119894028,0.7148798704147339,0.9564414024353027,-0.12380383163690567,0.8266152143478394,0.8537715077400208,-0.16075152158737183,0.9400614500045776,0.7990238666534424,-0.19638770818710327,0.6352642178535461,0.5868726968765259,-0.044202934950590134,0.7066538333892822,0.3716506361961365,-0.08710568398237228,0.7416290640830994,0.23288321495056152,-0.13041307032108307,0.7709845900535583,0.1076781153678894,-0.1647174209356308,0.5317277312278748,0.5299604535102844,-0.04145549610257149,0.5577831268310547,0.27213144302368164,-0.07681163400411606,0.574031412601471,0.11018437147140503,-0.12039989978075027,0.5892081260681152,-0.02194136381149292,-0.15425871312618256,0.4281468391418457,0.5367447137832642,-0.04949699714779854,0.4346473813056946,0.29034125804901123,-0.08926481008529663,0.4384479522705078,0.1306035816669464,-0.1289501190185547,0.44639500975608826,-0.007515251636505127,-0.15699468553066254,0.32742273807525635,0.5949559211730957,-0.0656910240650177,0.30089071393013,0.4078097343444824,-0.10743127763271332,0.28519153594970703,0.28101828694343567,-0.13063736259937286,0.2809298038482666,0.15938204526901245,-0.14460083842277527
0.4182615280151367,1.11697518825531,1.455006213291199e-06,0.5868027210235596,1.0611419677734375,-0.07603719830513,0.7195920348167419,0.9691827297210693,-0.11688145995140076,0.832722544670105,0.8778716325759888,-0.15454959869384766,0.9421151876449585,0.8270515203475952,-0.19150809943675995,0.6330633759498596,0.5970293879508972,-0.04384395107626915,0.7051563858985901,0.37688133120536804,-0.08834948390722275,0.7408294081687927,0.23645776510238647,-0.132329061627388,0.7699922323226929,0.11087936162948608,-0.16632789373397827,0.5278615355491638,0.5426599979400635,-0.045185185968875885,0.5525014996528625,0.278853178024292,-0.08130189031362534,0.5673277378082275,0.11432212591171265,-0.1254345029592514,0.580724835395813,-0.02023869752883911,-0.15964867174625397,0.4242318272590637,0.550166130065918,-0.05646255612373352,0.4289917051792145,0.3013787865638733,-0.09518349170684814,0.43288087844848633,0.14213773608207703,-0.1335826814174652,0.4407777488231659,0.004902541637420654,-0.16099081933498383,0.32364559173583984,0.6092970967292786,-0.07547607272863388,0.29237431287765503,0.42345350980758667,-0.11530329287052155,0.2757796049118042,0.2976665794849396,-0.13605795800685883,0.27071717381477356,0.1775188446044922,-0.14819878339767456
0.4077400863170624,1.1208837032318115,1.4727650068380171e-06,0.5790539979934692,1.0691457986831665,-0.0850614458322525,0.720950722694397,0.9798396825790405,-0.13594381511211395,0.844292163848877,0.8967965841293335,-0.1823621541261673,0.9653889536857605,0.8615431785583496,-0.22882728278636932,0.6331032514572144,0.6151119470596313,-0.07385639101266861,0.7067153453826904,0.3908013701438904,-0.1306585669517517,0.744349479675293,0.24509719014167786,-0.17947430908679962,0.7750747203826904,0.1166873574256897,-0.21540142595767975,0.5262359380722046,0.5584688186645508,-0.07418369501829147,0.550879955291748,0.2923155128955841,-0.12021813541650772,0.564146876335144,0.12598609924316406,-0.16476115584373474,0.5768566131591797,-0.012497544288635254,-0.19830463826656342,0.4214200973510742,0.5634125471115112,-0.08397606015205383,0.42841801047325134,0.3126508593559265,-0.12864060699939728,0.4320739209651947,0.1536940634250641,-0.16470931470394135,0.4401492476463318,0.015341579914093018,-0.18991175293922424,0.32012978196144104,0.6206852793693542,-0.10224968194961548,0.2899635136127472,0.4355364441871643,-0.14467264711856842,0.27450796961784363,0.31026121973991394,-0.1640995889902115,0.26900115609169006,0.190432608127594,-0.1748894900083542
0.4097304344177246,1.1189314126968384,1.5730022369098151e-06,0.5813533067703247,1.0714575052261353,-0.09308544546365738,0.7256221175193787,0.9828836917877197,-0.14674845337867737,0.8547763228416443,0.9044690132141113,-0.1950756311416626,0.9808189868927002,0.8778695464134216,-0.24384909868240356,0.6306428909301758,0.6303325891494751,-0.08480390161275864,0.7058292031288147,0.40422284603118896,-0.1465667486190796,0.7469308376312256,0.25482988357543945,-0.19786354899406433,0.7791720032691956,0.1244080662727356,-0.23484846949577332,0.5238240361213684,0.5724724531173706,-0.08350268751382828,0.5510396957397461,0.29604893922805786,-0.13541193306446075,0.5650830864906311,0.1165505051612854,-0.1837000846862793,0.5766713619232178,-0.03231269121170044,-0.21858760714530945,0.4192676246166229,0.5767117142677307,-0.09205841273069382,0.42625516653060913,0.3178424835205078,-0.1421736180782318,0.4315505921840668,0.15174853801727295,-0.18271103501319885,0.4413207471370697,0.009623527526855469,-0.20973041653633118,0.3189018666744232,0.6339824199676514,-0.10961572080850601,0.28812429308891296,0.44878190755844116,-0.15587525069713593,0.27137041091918945,0.32376641035079956,-0.1779419183731079,0.2647152841091156,0.20684117078781128,-0.19007621705532074
0.40262073278427124,1.122020959854126,1.7052428802344366e-06,0.5744776129722595,1.0764108896255493,-0.10229557752609253,0.7304098606109619,0.9900028109550476,-0.15926197171211243,0.8829021453857422,0.9312444925308228,-0.20970802009105682,1.0137677192687988,0.9125090837478638,-0.2598043978214264,0.6307951211929321,0.6380476951599121,-0.08594916760921478,0.7050734162330627,0.40838855504989624,-0.14739592373371124,0.7478585839271545,0.2596365511417389,-0.20063245296478271,0.7818015813827515,0.12884193658828735,-0.2392367571592331,0.5187235474586487,0.5792690515518188,-0.07977546006441116,0.5457392334938049,0.30207720398902893,-0.1306619644165039,0.5611001253128052,0.12215787172317505,-0.18069590628147125,0.5739534497261047,-0.024537980556488037,-0.21736595034599304,0.4108678698539734,0.5822502970695496,-0.0847758948802948,0.417846143245697,0.3256981670856476,-0.1314178705215454,0.4265592098236084,0.162521630525589,-0.17188149690628052,0.43892017006874084,0.024996399879455566,-0.19955146312713623,0.30982375144958496,0.6366162300109863,-0.10018622875213623,0.28324705362319946,0.4526180028915405,-0.14107537269592285,0.2677241265773773,0.3319275677204132,-0.16096492111682892,0.2624199390411377,0.21916931867599487,-0.17264121770858765
0.3971770107746124,1.1524007320404053,1.6061434280345566e-06,0.5648362040519714,1.0945029258728027,-0.09542948007583618,0.7214614152908325,0.999374270439148,-0.14870670437812805,0.8746470212936401,0.940624475479126,-0.19743819534778595,0.9986851215362549,0.9209072589874268,-0.2455405741930008,0.6275148391723633,0.6431042551994324,-0.07825842499732971,0.7007421255111694,0.4097251296043396,-0.13943810760974884,0.7432688474655151,0.2614154517650604,-0.1939418911933899,0.7778460383415222,0.1286330223083496,-0.23347419500350952,0.5136433243751526,0.583690345287323,-0.07604596018791199,0.544726550579071,0.2999691665172577,-0.12518826127052307,0.5630374550819397,0.1230267882347107,-0.17446696758270264,0.5781229734420776,-0.023088037967681885,-0.21092551946640015,0.4059465825557709,0.5874452590942383,-0.08465321362018585,0.4151098132133484,0.3303350508213043,-0.12841477990150452,0.42498886585235596,0.16683709621429443,-0.16608603298664093,0.4371127486228943,0.026561737060546875,-0.19252152740955353,0.3047848343849182,0.6425073146820068,-0.10363204777240753,0.2809264659881592,0.4579535126686096,-0.1412024348974228,0.26599597930908203,0.33615508675575256,-0.15791703760623932,0.2601945400238037,0.22272124886512756,-0.16771185398101807
0.39722126722335815,1.1657633781433105,1.661350324866362e-06,0.5565979480743408,1.1161195039749146,-0.09555592387914658,0.696358859539032,1.023620843887329,-0.14602252840995789,0.807295560836792,0.9547420740127563,-0.19139371812343597,0.8911110162734985,0.911462664604187,-0.23516245186328888,0.6280897259712219,0.6502062082290649,-0.07304247468709946,0.7052531242370605,0.41680318117141724,-0.13090436160564423,0.7473100423812866,0.268028199672699,-0.18409647047519684,0.7795652747154236,0.13439840078353882,-0.2229255735874176,0.5125993490219116,0.587815523147583,-0.0691603347659111,0.5461061000823975,0.3009702265262604,-0.11577604711055756,0.563933253288269,0.12047874927520752,-0.16626864671707153,0.5781775712966919,-0.026882171630859375,-0.20379555225372314,0.4030298590660095,0.5907250642776489,-0.07598169893026352,0.411332368850708,0.327724814414978,-0.1182120144367218,0.4220006465911865,0.16240054368972778,-0.15890643000602722,0.43431171774864197,0.0227586030960083,-0.1877208948135376,0.29860612750053406,0.6481891870498657,-0.09280373156070709,0.27654144167900085,0.4594108462333679,-0.13136206567287445,0.2618523836135864,0.33587706089019775,-0.15052492916584015,0.25842007994651794,0.22218656539916992,-0.16190288960933685
0.403307169675827,1.1878910064697266,1.5413247638207395e-06,0.5643591284751892,1.1563011407852173,-0.09884705394506454,0.6894898414611816,1.0662081241607666,-0.153422549366951,0.7591590881347656,0.9845470190048218,-0.2024378627538681,0.8075039386749268,0.9241677522659302,-0.24979256093502045,0.6363438367843628,0.665884792804718,-0.08701074123382568,0.7100304365158081,0.42980968952178955,-0.14908768236637115,0.7500519156455994,0.2747601270675659,-0.2032056748867035,0.7802750468254089,0.13715142011642456,-0.24316804111003876,0.5181434154510498,0.5971094369888306,-0.084258534014225,0.5372781753540039,0.30798497796058655,-0.1374914050102234,0.543634831905365,0.12346524000167847,-0.1891491562128067,0.5499522089958191,-0.02750372886657715,-0.22679585218429565,0.4059329926967621,0.5977579355239868,-0.09158965200185776,0.4063389301300049,0.33055993914604187,-0.14048556983470917,0.40923112630844116,0.15836238861083984,-0.1810828596353531,0.4161917567253113,0.01283496618270874,-0.20918938517570496,0.29855629801750183,0.657913088798523,-0.10857797414064407,0.27288246154785156,0.4636452794075012,-0.1543310582637787,0.255703330039978,0.34033921360969543,-0.17467936873435974,0.25002872943878174,0.22855770587921143,-0.18577344715595245
0.4028377830982208,1.1993499994277954,1.6460726328659803e-06,0.5514047145843506,1.1791908740997314,-0.11251511424779892,0.6579338312149048,1.1086539030075073,-0.18231257796287537,0.6533276438713074,1.0403815507888794,-0.24395355582237244,0.6135797500610352,1.005357265472412,-0.3067527115345001,0.6469045281410217,0.6884990930557251,-0.12506575882434845,0.7204135656356812,0.4493093490600586,-0.1988469362258911,0.7587575912475586,0.2882591485977173,-0.2611105740070343,0.7860644459724426,0.14448481798171997,-0.30661582946777344,0.5254052877426147,0.6178900599479675,-0.12178166955709457,0.5480638146400452,0.32468554377555847,-0.18433959782123566,0.553909957408905,0.13117384910583496,-0.2421293556690216,0.5603759288787842,-0.02541571855545044,-0.28401872515678406,0.41089633107185364,0.6194514036178589,-0.12778446078300476,0.41529256105422974,0.3399786353111267,-0.18330606818199158,0.4178079068660736,0.15574216842651367,-0.23060943186283112,0.4272485375404358,-0.0017511844635009766,-0.26344627141952515,0.3027576804161072,0.6823771595954895,-0.14410614967346191,0.2771259546279907,0.48052141070365906,-0.19674381613731384,0.2560825049877167,0.35191234946250916,-0.22165200114250183,0.24651041626930237,0.23354893922805786,-0.2359616458415985
0.41058260202407837,1.2254245281219482,1.7281878399444395e-06,0.5514719486236572,1.2077606916427612,-0.10566513240337372,0.6557631492614746,1.1450810432434082,-0.17291663587093353,0.6761680841445923,1.091905117034912,-0.23562021553516388,0.6721591949462891,1.0617202520370483,-0.2984631359577179,0.6591935157775879,0.7116918563842773,-0.10780060291290283,0.7378255724906921,0.4703766107559204,-0.17833378911018372,0.7815922498703003,0.3071821630001068,-0.23971734941005707,0.8115977048873901,0.1649366021156311,-0.2841556668281555,0.5384082794189453,0.6365708708763123,-0.10898438841104507,0.5629329085350037,0.33365052938461304,-0.16922813653945923,0.5733432769775391,0.12754905223846436,-0.22755223512649536,0.581716775894165,-0.0398486852645874,-0.26893195509910583,0.42250126600265503,0.6325710415840149,-0.11983337253332138,0.4242353141307831,0.3462665379047394,-0.17335326969623566,0.4301206171512604,0.1661989688873291,-0.21835123002529144,0.44060346484184265,0.016853511333465576,-0.24778732657432556,0.3112638592720032,0.6913152933120728,-0.1410108059644699,0.2868223488330841,0.4824965298175812,-0.18910005688667297,0.2675619125366211,0.3564330041408539,-0.20915073156356812,0.26027345657348633,0.24357402324676514,-0.21898046135902405
0.4267610013484955,1.255408525466919,1.6649784129185718e-06,0.5777680277824402,1.2258931398391724,-0.0962972417473793,0.696189284324646,1.1485917568206787,-0.15574385225772858,0.7569147348403931,1.084705114364624,-0.21312959492206573,0.7993708848953247,1.0429059267044067,-0.2698903977870941,0.6777454018592834,0.7271147966384888,-0.09093251079320908,0.7555539608001709,0.4846029579639435,-0.1602991819381714,0.8002583384513855,0.3199281096458435,-0.22111396491527557,0.8310152292251587,0.1756078004837036,-0.26493844389915466,0.5553169250488281,0.6517240405082703,-0.09589561820030212,0.5831499099731445,0.34613147377967834,-0.15526725351810455,0.5985558032989502,0.13875722885131836,-0.21250541508197784,0.6109962463378906,-0.032557547092437744,-0.2529742419719696,0.43769335746765137,0.6471818089485168,-0.11068897694349289,0.4419673681259155,0.3636581599712372,-0.1637558937072754,0.44924789667129517,0.18396925926208496,-0.20732763409614563,0.45908164978027344,0.03398400545120239,-0.23577845096588135,0.3246261179447174,0.7065404057502747,-0.13537909090518951,0.29909613728523254,0.500309944152832,-0.1832050383090973,0.27902621030807495,0.3734889328479767,-0.20256954431533813,0.26971614360809326,0.2601605951786041,-0.21166522800922394
0.45449966192245483,1.27640700340271,1.782968297447951e-06,0.6204902529716492,1.2345672845840454,-0.09529179334640503,0.7534960508346558,1.1325948238372803,-0.14784035086631775,0.8500202894210815,1.038558006286621,-0.1967182755470276,0.9226582050323486,0.9763414859771729,-0.24336273968219757,0.6997150778770447,0.7293462753295898,-0.08138713985681534,0.7831110954284668,0.48509567975997925,-0.14944590628147125,0.8310474157333374,0.32019054889678955,-0.21019242703914642,0.863357663154602,0.17603272199630737,-0.25288060307502747,0.5731469988822937,0.6502645611763,-0.08374768495559692,0.6093342900276184,0.327332466840744,-0.13994969427585602,0.6324442625045776,0.10891324281692505,-0.1954704374074936,0.6504517197608948,-0.0734599232673645,-0.23385488986968994,0.4540216624736786,0.6441490650177002,-0.09612040221691132,0.46655625104904175,0.3556642532348633,-0.14619600772857666,0.48467451333999634,0.17202723026275635,-0.18815669417381287,0.5025210976600647,0.01802295446395874,-0.21546964347362518,0.3426116406917572,0.7063465714454651,-0.11839787662029266,0.31790265440940857,0.505782961845398,-0.1637844443321228,0.2993379235267639,0.3785284757614136,-0.18102020025253296,0.28945258259773254,0.26638296246528625,-0.18813841044902802
0.4662000834941864,1.3088417053222656,1.7103068330470705e-06,0.6412120461463928,1.2793800830841064,-0.10132472217082977,0.778049886226654,1.1856682300567627,-0.15826933085918427,0.8705300092697144,1.1001540422439575,-0.21127967536449432,0.9387001991271973,1.0353724956512451,-0.261563241481781,0.7248632907867432,0.7456099390983582,-0.08084522932767868,0.816455602645874,0.49703529477119446,-0.14687921106815338,0.8677553534507751,0.3345509171485901,-0.20657634735107422,0.9019261598587036,0.19296783208847046,-0.2495967149734497,0.5973724722862244,0.6639218926429749,-0.07886350154876709,0.6365159749984741,0.35298454761505127,-0.13194070756435394,0.657332718372345,0.15285170078277588,-0.18472829461097717,0.6726145148277283,-0.01122140884399414,-0.22309251129627228,0.47502851486206055,0.6561917066574097,-0.08837549388408661,0.4926239252090454,0.36890897154808044,-0.13537786900997162,0.5134638547897339,0.18739289045333862,-0.17532069981098175,0.5330533385276794,0.03624683618545532,-0.20309539139270782,0.3595592975616455,0.7153088450431824,-0.1084473505616188,0.3382219672203064,0.5085805058479309,-0.15289206802845,0.31981176137924194,0.377819299697876,-0.1709207147359848,0.30827584862709045,0.26082339882850647,-0.17967656254768372
0.504194974899292,1.3162124156951904,1.7160652987513458e-06,0.6889162063598633,1.268540382385254,-0.09552313387393951,0.836858332157135,1.164151668548584,-0.1488567590713501,0.9485629796981812,1.0607680082321167,-0.19890181720256805,1.0335280895233154,0.9857543706893921,-0.24691464006900787,0.7554595470428467,0.7426192164421082,-0.08063805103302002,0.8453344106674194,0.4905969500541687,-0.14763088524341583,0.8951600790023804,0.32396063208580017,-0.20650002360343933,0.9304003119468689,0.18143945932388306,-0.24864540994167328,0.6245971322059631,0.6628617644309998,-0.08253398537635803,0.6650022268295288,0.3420303165912628,-0.1367950737476349,0.6860537528991699,0.13764142990112305,-0.1898675560951233,0.7014663815498352,-0.024106621742248535,-0.22818110883235931,0.5007747411727905,0.6587169170379639,-0.09495441615581512,0.5208257436752319,0.36181095242500305,-0.14383088052272797,0.5425986647605896,0.1768817901611328,-0.18411646783351898,0.5634879469871521,0.02647322416305542,-0.21216945350170135,0.3830190598964691,0.7237507104873657,-0.11717205494642258,0.35909008979797363,0.5119810104370117,-0.16549207270145416,0.3409937918186188,0.37325960397720337,-0.18505392968654633,0.329973965883255,0.2511495351791382,-0.19430804252624512
0.5170568227767944,1.3173261880874634,1.748159888848022e-06,0.7089183330535889,1.2742317914962769,-0.0978131890296936,0.8614587187767029,1.170490026473999,-0.1509017050266266,0.9696205854415894,1.0610709190368652,-0.20016799867153168,1.0515364408493042,0.9784250259399414,-0.24752867221832275,0.7930266261100769,0.7410508394241333,-0.0774536058306694,0.8814008831977844,0.4925527274608612,-0.1432497203350067,0.9300603866577148,0.32532817125320435,-0.20224270224571228,0.9622656106948853,0.18074262142181396,-0.2448231279850006,0.6616719365119934,0.6560800671577454,-0.07846654951572418,0.7084522843360901,0.33713433146476746,-0.13160854578018188,0.729822039604187,0.1259726881980896,-0.1857462227344513,0.744162917137146,-0.042957186698913574,-0.22544962167739868,0.5318448543548584,0.6475911140441895,-0.09068946540355682,0.5611525774002075,0.34628826379776,-0.14073574542999268,0.5825976133346558,0.15939795970916748,-0.18442198634147644,0.6021633744239807,0.0095786452293396,-0.2147895097732544,0.40299680829048157,0.7071801424026489,-0.11257754266262054,0.3804911971092224,0.49391064047813416,-0.16333328187465668,0.3608974814414978,0.35679715871810913,-0.1860586255788803,0.3492183983325958,0.23825716972351074,-0.19755499064922333
0.5348814129829407,1.302983283996582,1.7200229649461107e-06,0.7290101051330566,1.2502983808517456,-0.09529565274715424,0.8888314366340637,1.1354241371154785,-0.14649353921413422,1.0020314455032349,1.0138846635818481,-0.19378715753555298,1.0891553163528442,0.9195266366004944,-0.24105368554592133,0.8195103406906128,0.7198644280433655,-0.08574351668357849,0.9139092564582825,0.46204161643981934,-0.15567582845687866,0.9616380929946899,0.28592514991760254,-0.21462519466876984,0.9958429336547852,0.1381089687347412,-0.2570691406726837,0.6873992085456848,0.6402217745780945,-0.09035592526197433,0.749262273311615,0.323784738779068,-0.14976654946804047,0.7807804346084595,0.11586081981658936,-0.20647397637367249,0.8065515756607056,-0.051948606967926025,-0.24780569970607758,0.5544779896736145,0.636682391166687,-0.10551557689905167,0.5951379537582397,0.3322521448135376,-0.16275176405906677,0.6225206851959229,0.14268308877944946,-0.2088388353586197,0.6522324681282043,-0.016056478023529053,-0.2413467913866043,0.41775164008140564,0.6996914148330688,-0.1294669210910797,0.4000116288661957,0.4814608693122864,-0.1896369308233261,0.3892262578010559,0.3361433148384094,-0.21754419803619385,0.38945090770721436,0.20520234107971191,-0.23271094262599945
0.5434901118278503,1.280766248703003,1.8603291209728923e-06,0.737422525882721,1.2437456846237183,-0.11777819693088531,0.8998630046844482,1.127044439315796,-0.18269135057926178,1.0205330848693848,1.005566120147705,-0.2387099266052246,1.1146464347839355,0.9091328382492065,-0.2959868907928467,0.8416128158569336,0.711861789226532,-0.12775170803070068,0.9452827572822571,0.4462539553642273,-0.21443907916545868,1.0017619132995605,0.26219871640205383,-0.28291040658950806,1.0429574251174927,0.10973739624023438,-0.33164504170417786,0.7076905369758606,0.6261485815048218,-0.125421404838562,0.7794502973556519,0.31547027826309204,-0.20041373372077942,0.8174136281013489,0.1102566123008728,-0.2636707127094269,0.8478567600250244,-0.06020992994308472,-0.31015706062316895,0.5698169469833374,0.6199849843978882,-0.13466686010360718,0.6183362007141113,0.3182946741580963,-0.20572587847709656,0.6492515206336975,0.12816482782363892,-0.25660479068756104,0.6814945936203003,-0.03541433811187744,-0.29282596707344055,0.4261915385723114,0.679718554019928,-0.1539466828107834,0.4105430543422699,0.4617788791656494,-0.22697713971138,0.4040919244289398,0.31341812014579773,-0.26208171248435974,0.40824389457702637,0.17786478996276855,-0.28281667828559875
0.5257698893547058,1.2360827922821045,1.8104236687577213e-06,0.7202016711235046,1.2185115814208984,-0.12159328907728195,0.8920305967330933,1.124265193939209,-0.1910814791917801,1.025810718536377,1.027273416519165,-0.2513781785964966,1.1242311000823975,0.9490153789520264,-0.3123757243156433,0.8456222414970398,0.6976783871650696,-0.1362583488225937,0.9530529975891113,0.43742820620536804,-0.2239179164171219,1.011123776435852,0.2611256539821625,-0.29160213470458984,1.0538268089294434,0.11492985486984253,-0.3394912779331207,0.7143768072128296,0.6093325614929199,-0.13243399560451508,0.7878044247627258,0.30602195858955383,-0.2089684158563614,0.8298453688621521,0.10998266935348511,-0.2719295024871826,0.8645727634429932,-0.05328810214996338,-0.3178722858428955,0.5787624716758728,0.5988667011260986,-0.14028853178024292,0.6269539594650269,0.3074174225330353,-0.21149253845214844,0.6600913405418396,0.11947619915008545,-0.2637306749820709,0.6948975324630737,-0.04282313585281372,-0.30068379640579224,0.43936893343925476,0.6519023776054382,-0.15860027074813843,0.42198044061660767,0.4390750527381897,-0.23035921156406403,0.4130266606807709,0.2922646105289459,-0.266773521900177,0.4140862226486206,0.15799099206924438,-0.28865987062454224
0.5333002209663391,1.2114763259887695,1.8076186734106159e-06,0.7171935439109802,1.1928547620773315,-0.12504616379737854,0.8812171816825867,1.0976077318191528,-0.19418896734714508,1.0181803703308105,1.0022234916687012,-0.25307178497314453,1.1259446144104004,0.9310414791107178,-0.3118923604488373,0.8363373875617981,0.6759014129638672,-0.13489769399166107,0.9389529228210449,0.4178540110588074,-0.2205689251422882,0.9954438209533691,0.23925510048866272,-0.2896241247653961,1.0370570421218872,0.08720546960830688,-0.33922824263572693,0.711110532283783,0.5868359804153442,-0.1280999630689621,0.7823353409767151,0.2873474061489105,-0.20233884453773499,0.8221949338912964,0.08728575706481934,-0.2663414180278778,0.8546414375305176,-0.07996022701263428,-0.31415337324142456,0.5800227522850037,0.5728437900543213,-0.13319170475006104,0.6239424347877502,0.28709274530410767,-0.2012520283460617,0.6561884880065918,0.10734665393829346,-0.25207993388175964,0.6887781620025635,-0.04168587923049927,-0.2885943353176117,0.44192951917648315,0.6207672953605652,-0.14955931901931763,0.4262518286705017,0.4056752920150757,-0.21608588099479675,0.41842174530029297,0.2621651887893677,-0.24998661875724792,0.42046353220939636,0.13576340675354004,-0.2710324823856354
0.535893976688385,1.1859772205352783,1.7900383681990206e-06,0.7213355898857117,1.1617074012756348,-0.1222335547208786,0.8850079774856567,1.0592619180679321,-0.1906728893518448,1.0279138088226318,0.9568692445755005,-0.24893270432949066,1.1363956928253174,0.8772363662719727,-0.30705127120018005,0.8335486650466919,0.6500868797302246,-0.13744255900382996,0.9342189431190491,0.38497427105903625,-0.22309483587741852,0.9886118769645691,0.20299828052520752,-0.2899705171585083,1.0286920070648193,0.049649178981781006,-0.3372684717178345,0.7080711126327515,0.5643797516822815,-0.13028360903263092,0.7771636843681335,0.2648765444755554,-0.20392516255378723,0.8150973916053772,0.06686913967132568,-0.26475146412849426,0.8471459150314331,-0.09930181503295898,-0.30973368883132935,0.5805556774139404,0.5529479384422302,-0.13452371954917908,0.6200457811355591,0.2716574966907501,-0.2006378024816513,0.6484168171882629,0.09051823616027832,-0.24823853373527527,0.6789467930793762,-0.059401512145996094,-0.28237393498420715,0.44768476486206055,0.6022724509239197,-0.1498931348323822,0.42564699053764343,0.38698410987854004,-0.2144259214401245,0.4122346043586731,0.2439097762107849,-0.24669937789440155,0.4082659184932709,0.1165955662727356,-0.26615509390830994
0.5385679602622986,1.1585414409637451,1.674081204328104e-06,0.7260453701019287,1.1282989978790283,-0.11160179227590561,0.8937987089157104,1.024742841720581,-0.17260079085826874,1.035102367401123,0.924129068851471,-0.22520986199378967,1.1380805969238281,0.8435221910476685,-0.2777678668498993,0.8313204646110535,0.618297815322876,-0.11966355890035629,0.9232959151268005,0.3562331199645996,-0.1984585076570511,0.9720320701599121,0.17795422673225403,-0.2609519362449646,1.008060097694397,0.02760261297225952,-0.30526718497276306,0.7068852186203003,0.5388975143432617,-0.11598901450634003,0.7702438831329346,0.24178031086921692,-0.1820591241121292,0.8041979074478149,0.04785561561584473,-0.23955832421779633,0.8330729007720947,-0.11371898651123047,-0.2828139662742615,0.5809551477432251,0.5313243865966797,-0.12328943610191345,0.6180469989776611,0.25385162234306335,-0.1829390972852707,0.6435003876686096,0.07568114995956421,-0.2274722307920456,0.670708179473877,-0.07112699747085571,-0.2599666118621826,0.449969619512558,0.5842536687850952,-0.14121560752391815,0.42691734433174133,0.37069493532180786,-0.20003452897071838,0.41295480728149414,0.22829771041870117,-0.22851751744747162,0.40790846943855286,0.10205483436584473,-0.2456621676683426
0.5502975583076477,1.1194093227386475,1.6620839460301795e-06,0.7388438582420349,1.0849530696868896,-0.10410044342279434,0.9015492796897888,0.9920117855072021,-0.1644502878189087,1.0383983850479126,0.9023359417915344,-0.21819381415843964,1.1412138938903809,0.8317611813545227,-0.2727094292640686,0.8307304382324219,0.5847772359848022,-0.11401930451393127,0.9185188412666321,0.32540765404701233,-0.19079475104808807,0.96648770570755,0.15142908692359924,-0.2518772482872009,1.0028117895126343,0.004910647869110107,-0.29535382986068726,0.7058914303779602,0.5093024373054504,-0.1136121079325676,0.7657241821289062,0.21649155020713806,-0.17862488329410553,0.7959909439086914,0.026458799839019775,-0.23524831235408783,0.8222836852073669,-0.13147246837615967,-0.27810201048851013,0.5792229175567627,0.5038650631904602,-0.12342449277639389,0.6159244775772095,0.22266724705696106,-0.18211211264133453,0.6356481313705444,0.04560142755508423,-0.22584575414657593,0.6581956148147583,-0.09985578060150146,-0.2580396234989166,0.44782501459121704,0.5587879419326782,-0.1429886668920517,0.4223673641681671,0.34514346718788147,-0.20089520514011383,0.4089524447917938,0.20268884301185608,-0.2287980318069458,0.40597307682037354,0.0760074257850647,-0.24575337767601013
0.5360674262046814,1.0460419654846191,1.6498687500643427e-06,0.7234363555908203,1.0228781700134277,-0.10982877761125565,0.892770528793335,0.9394415616989136,-0.1778642237186432,1.0266077518463135,0.8460046648979187,-0.23729346692562103,1.1413313150405884,0.7793001532554626,-0.299529105424881,0.8254340887069702,0.540162205696106,-0.13718459010124207,0.9087339639663696,0.2801450490951538,-0.2198101282119751,0.9509000182151794,0.0991925597190857,-0.2835042476654053,0.9820213317871094,-0.05562716722488403,-0.3287947177886963,0.6983416676521301,0.4675748348236084,-0.13634777069091797,0.752190351486206,0.1723269522190094,-0.20870818197727203,0.7798706889152527,-0.020489811897277832,-0.26835161447525024,0.8033105134963989,-0.18095934391021729,-0.31359586119651794,0.5698443055152893,0.4622432291507721,-0.144939586520195,0.6034148931503296,0.17823821306228638,-0.2101089507341385,0.6210437417030334,-0.010487377643585205,-0.25644946098327637,0.6401559710502625,-0.16261506080627441,-0.28984934091567993,0.4362896978855133,0.5120068788528442,-0.163141131401062,0.40859830379486084,0.2783205211162567,-0.22557026147842407,0.395738810300827,0.11911642551422119,-0.2568195164203644,0.3931731879711151,-0.021713614463806152,-0.2760598957538605
0.5428909063339233,1.0172948837280273,1.4727778534506797e-06,0.729389488697052,0.9880744218826294,-0.09900525957345963,0.8960610628128052,0.8987008333206177,-0.16058093309402466,1.0166218280792236,0.7930766344070435,-0.21669679880142212,1.127825379371643,0.7222468256950378,-0.27507588267326355,0.8186461925506592,0.4921281933784485,-0.10739372670650482,0.8990938663482666,0.244775652885437,-0.18172745406627655,0.939609944820404,0.07507011294364929,-0.24299423396587372,0.9692877531051636,-0.07023626565933228,-0.2871941030025482,0.6901971101760864,0.4200819432735443,-0.11134810745716095,0.7408918738365173,0.12885847687721252,-0.17473456263542175,0.7653824687004089,-0.05495941638946533,-0.23136603832244873,0.7856730818748474,-0.20560264587402344,-0.27463623881340027,0.5605320930480957,0.41343989968299866,-0.1252518594264984,0.5887963771820068,0.13052749633789062,-0.18397243320941925,0.6051711440086365,-0.0556567907333374,-0.22663334012031555,0.6232489347457886,-0.20427274703979492,-0.25763624906539917,0.4229934811592102,0.46158266067504883,-0.14849624037742615,0.39413031935691833,0.22588685154914856,-0.2063627690076828,0.3807987868785858,0.06320357322692871,-0.2341393083333969,0.3771992325782776,-0.08033931255340576,-0.25068461894989014
0.5303342342376709,1.010977029800415,1.6259670019280748e-06,0.7201433777809143,0.9842871427536011,-0.11355040967464447,0.8917357325553894,0.8822921514511108,-0.181590735912323,1.0081243515014648,0.7621952295303345,-0.24053432047367096,1.103745460510254,0.6655899286270142,-0.3009713888168335,0.813919723033905,0.4403561055660248,-0.1363198608160019,0.9028668999671936,0.16974493861198425,-0.22112365067005157,0.9435215592384338,-0.022153854370117188,-0.28802135586738586,0.9732433557510376,-0.18489933013916016,-0.3357992470264435,0.6771678328514099,0.37080058455467224,-0.1353447586297989,0.7212087512016296,0.0772542953491211,-0.2104179710149765,0.7386481761932373,-0.113822340965271,-0.27262425422668457,0.7533937096595764,-0.26917290687561035,-0.3187171518802643,0.5421083569526672,0.3734719753265381,-0.14400312304496765,0.5664101839065552,0.08819612860679626,-0.21095094084739685,0.577404260635376,-0.09639942646026611,-0.2552921772003174,0.5895547270774841,-0.24161875247955322,-0.2867211401462555,0.40153175592422485,0.4367232024669647,-0.1628972589969635,0.3734840154647827,0.2060818374156952,-0.22813008725643158,0.35975170135498047,0.04522031545639038,-0.258684366941452,0.3550724983215332,-0.09549486637115479,-0.2755834758281708
0.5233964323997498,1.0007737874984741,1.5973837435012683e-06,0.7152302265167236,0.9727917909622192,-0.1125539019703865,0.890663206577301,0.8595243692398071,-0.17701759934425354,1.0143574476242065,0.7400014400482178,-0.2324640154838562,1.1177282333374023,0.6576834917068481,-0.2885585427284241,0.8107983469963074,0.40674516558647156,-0.12595494091510773,0.8983799815177917,0.13828995823860168,-0.20728467404842377,0.9367119073867798,-0.04728516936302185,-0.27282071113586426,0.961847722530365,-0.19868794083595276,-0.31881988048553467,0.6702622175216675,0.3386988043785095,-0.12273455411195755,0.713642418384552,0.05443340539932251,-0.19266489148139954,0.7302694916725159,-0.12828555703163147,-0.25162819027900696,0.7421730756759644,-0.2659449279308319,-0.29534921050071716,0.5321257710456848,0.34322497248649597,-0.12996892631053925,0.555881142616272,0.06664714217185974,-0.1912849098443985,0.5691645741462708,-0.10755309462547302,-0.23262310028076172,0.5828523635864258,-0.23643943667411804,-0.2618480324745178,0.3891862630844116,0.40882688760757446,-0.14783431589603424,0.3578093647956848,0.1802304983139038,-0.20707164704799652,0.34643056988716125,0.019857704639434814,-0.2353469729423523,0.3442261219024658,-0.11778584122657776,-0.2507532835006714
0.500336766242981,0.994965136051178,1.602799443389813e-06,0.7002217173576355,0.9636621475219727,-0.11227516084909439,0.8854905962944031,0.8461890816688538,-0.17635321617126465,1.0208053588867188,0.7267281413078308,-0.2323971390724182,1.1338317394256592,0.6492730379104614,-0.28947019577026367,0.7987372875213623,0.3835279941558838,-0.11942113190889359,0.8866848945617676,0.11679914593696594,-0.202168807387352,0.9271659851074219,-0.06528311967849731,-0.2696572244167328,0.9548887014389038,-0.21413880586624146,-0.3172062337398529,0.6550157070159912,0.31319546699523926,-0.11755732446908951,0.6982575058937073,0.02426934242248535,-0.18847553431987762,0.7187699675559998,-0.1555614471435547,-0.24919703602790833,0.7354880571365356,-0.29422223567962646,-0.29403573274612427,0.5139404535293579,0.3198750615119934,-0.1268506795167923,0.5330417156219482,0.03973153233528137,-0.1897605061531067,0.545279324054718,-0.1335963010787964,-0.23337124288082123,0.560380756855011,-0.26833057403564453,-0.26405689120292664,0.37061208486557007,0.39095374941825867,-0.1468803733587265,0.34182360768318176,0.16387459635734558,-0.20667476952075958,0.3309342563152313,0.00454401969909668,-0.2360447347164154,0.3291950821876526,-0.1372472047805786,-0.2526206076145172
0.4891820549964905,1.0068907737731934,1.6042828292484046e-06,0.6899726390838623,0.9646196961402893,-0.11796047538518906,0.8795892596244812,0.8346657752990723,-0.18220986425876617,1.0247108936309814,0.7065529227256775,-0.23810359835624695,1.1458684206008911,0.6301259994506836,-0.2944094240665436,0.791993260383606,0.36280927062034607,-0.11259706318378448,0.8769335746765137,0.09747925400733948,-0.19484511017799377,0.9115690588951111,-0.0855402946472168,-0.2641015350818634,0.9322252869606018,-0.23693585395812988,-0.31381756067276,0.6414757370948792,0.2905963659286499,-0.10900134593248367,0.6840280294418335,-0.000874638557434082,-0.17924441397190094,0.7039130926132202,-0.17976516485214233,-0.2412363439798355,0.7210289835929871,-0.32012736797332764,-0.2873533368110657,0.49459099769592285,0.2978981137275696,-0.1181737557053566,0.5112077593803406,0.015858769416809082,-0.1810341477394104,0.5215421319007874,-0.15826523303985596,-0.22626082599163055,0.5353808403015137,-0.29682719707489014,-0.2587435245513916,0.3477029800415039,0.3721969723701477,-0.13911932706832886,0.3144780993461609,0.14579874277114868,-0.19853806495666504,0.2988310754299164,-0.014268189668655396,-0.2290613204240799,0.29240089654922485,-0.16102105379104614,-0.2473110854625702
0.48967549204826355,1.0175400972366333,1.7164516066259239e-06,0.6842190027236938,0.9626657962799072,-0.12163791805505753,0.8722985982894897,0.8280982971191406,-0.19048352539539337,1.019240379333496,0.7003921270370483,-0.2513175904750824,1.1494420766830444,0.6301355957984924,-0.3130660057067871,0.7639739513397217,0.3442985415458679,-0.1168367937207222,0.8487669825553894,0.0782422125339508,-0.20374692976474762,0.8870349526405334,-0.10315954685211182,-0.2764640748500824,0.9135587811470032,-0.2532258629798889,-0.328359454870224,0.612007737159729,0.27594971656799316,-0.11432169377803802,0.6504142880439758,-0.02438640594482422,-0.1891782283782959,0.6729859709739685,-0.20750123262405396,-0.25460636615753174,0.6939929723739624,-0.3514348268508911,-0.30311134457588196,0.46624764800071716,0.28974539041519165,-0.12516802549362183,0.4762226343154907,-0.0006186962127685547,-0.19258126616477966,0.4882935583591461,-0.1802728772163391,-0.24135394394397736,0.5062894225120544,-0.3245653510093689,-0.2759767174720764,0.32288655638694763,0.37150514125823975,-0.14807049930095673,0.286391019821167,0.14018723368644714,-0.20980235934257507,0.27169185876846313,-0.02417805790901184,-0.24207480251789093,0.2681351602077484,-0.17366093397140503,-0.2617919445037842
0.4752597212791443,1.016526699066162,1.6340472939191386e-06,0.665580689907074,0.9593111276626587,-0.11594338715076447,0.840083122253418,0.8323153257369995,-0.18212752044200897,0.969825267791748,0.7083137631416321,-0.2408759593963623,1.0736085176467896,0.6104913949966431,-0.30003511905670166,0.7434166669845581,0.3378608226776123,-0.11000503599643707,0.8239802122116089,0.06651812791824341,-0.19457364082336426,0.8559873700141907,-0.11233159899711609,-0.26609981060028076,0.8772962093353271,-0.2623113691806793,-0.31695547699928284,0.5919528007507324,0.27164530754089355,-0.10757029056549072,0.6253553628921509,-0.0231686532497406,-0.17918062210083008,0.6452285051345825,-0.20058944821357727,-0.2442573755979538,0.6644498109817505,-0.33951535820961,-0.29346826672554016,0.44602835178375244,0.2891242802143097,-0.11821676045656204,0.4461316466331482,0.008282870054244995,-0.18187902867794037,0.45522183179855347,-0.16760984063148499,-0.2302444875240326,0.470655620098114,-0.30945709347724915,-0.2657615542411804,0.30311208963394165,0.3726944029331207,-0.1402910351753235,0.2655196487903595,0.1464613378047943,-0.1998136043548584,0.25052410364151,-0.01206427812576294,-0.23070593178272247,0.24767103791236877,-0.15491005778312683,-0.24990887939929962
0.45589953660964966,1.0220139026641846,1.7431010519430856e-06,0.6487225890159607,0.9641592502593994,-0.1198052316904068,0.820196270942688,0.832547664642334,-0.18706102669239044,0.9568547010421753,0.7095540761947632,-0.2464861422777176,1.0780975818634033,0.628424882888794,-0.30568069219589233,0.7106317281723022,0.3412795066833496,-0.10486561059951782,0.7913227677345276,0.0712423324584961,-0.1866491585969925,0.8282290101051331,-0.1081419587135315,-0.2568533420562744,0.8553229570388794,-0.25410962104797363,-0.3070560395717621,0.5655674934387207,0.27838239073753357,-0.1002160906791687,0.5977978706359863,-0.01796916127204895,-0.1703604757785797,0.6192431449890137,-0.20149075984954834,-0.23555554449558258,0.6402888298034668,-0.34059494733810425,-0.28413423895835876,0.4255490005016327,0.2972698211669922,-0.10943662375211716,0.4249260425567627,0.015001237392425537,-0.1735021024942398,0.43393421173095703,-0.16505473852157593,-0.22357437014579773,0.45073068141937256,-0.30688923597335815,-0.25909867882728577,0.28791138529777527,0.3823869526386261,-0.13037486374378204,0.2407797873020172,0.15745863318443298,-0.1902301162481308,0.22048836946487427,-0.002384394407272339,-0.2220950722694397,0.21523460745811462,-0.14453405141830444,-0.24154439568519592
0.43878373503685,1.0242418050765991,1.8635232663655188e-06,0.6301763653755188,0.9644080400466919,-0.1283707320690155,0.7946391105651855,0.8368239402770996,-0.20087336003780365,0.9324939250946045,0.719348669052124,-0.2647054195404053,1.0625801086425781,0.6497930288314819,-0.32913726568222046,0.6873018741607666,0.356713205575943,-0.11457750201225281,0.7685033679008484,0.08913198113441467,-0.2007020115852356,0.8068849444389343,-0.09218600392341614,-0.27400198578834534,0.8364145755767822,-0.2384953796863556,-0.32625749707221985,0.54486083984375,0.2944723963737488,-0.10699781030416489,0.5732170939445496,-0.0052446722984313965,-0.18092714250087738,0.5921581387519836,-0.1929706633090973,-0.24860790371894836,0.6113101243972778,-0.3332034647464752,-0.298660546541214,0.4065762162208557,0.3167538642883301,-0.11398106068372726,0.40187835693359375,0.03356859087944031,-0.18169039487838745,0.40822356939315796,-0.14734932780265808,-0.23418976366519928,0.423309326171875,-0.2903846204280853,-0.27098092436790466,0.2713910937309265,0.4040614366531372,-0.1333240270614624,0.23027536273002625,0.18577368557453156,-0.19580112397670746,0.212167888879776,0.031128138303756714,-0.22916528582572937,0.2077961564064026,-0.10750231146812439,-0.24974378943443298
0.42937374114990234,1.0352106094360352,1.7208470808327547e-06,0.6150501370429993,0.9728580117225647,-0.11867000162601471,0.7770734429359436,0.8416080474853516,-0.18740125000476837,0.917227029800415,0.7204000949859619,-0.2490081787109375,1.0529379844665527,0.6522371768951416,-0.3108287453651428,0.6663786172866821,0.3756919801235199,-0.10581047832965851,0.745448112487793,0.11181381344795227,-0.18711265921592712,0.7825990915298462,-0.06404587626457214,-0.2538922131061554,0.8111246228218079,-0.20597892999649048,-0.3012656569480896,0.5266485214233398,0.31489014625549316,-0.10240418463945389,0.5473877191543579,0.012562960386276245,-0.17213530838489532,0.5636942982673645,-0.17029082775115967,-0.23228733241558075,0.5805341601371765,-0.31074535846710205,-0.275841623544693,0.3920886516571045,0.337371826171875,-0.11290442943572998,0.3823990225791931,0.05347716808319092,-0.17786072194576263,0.38632258772850037,-0.1280391812324524,-0.22416190803050995,0.3986782431602478,-0.2768533229827881,-0.25547903776168823,0.2627550959587097,0.4236304759979248,-0.1350068897008896,0.21645015478134155,0.20322509109973907,-0.19523631036281586,0.19591876864433289,0.04637822508811951,-0.22467076778411865,0.18860012292861938,-0.09645348787307739,-0.2414190173149109
0.42398589849472046,1.0510566234588623,1.855607138168125e-06,0.6083871126174927,0.9837861061096191,-0.13182243704795837,0.774928629398346,0.8421212434768677,-0.20942935347557068,0.9403499364852905,0.7231199741363525,-0.2779480516910553,1.107097864151001,0.6688864827156067,-0.34717920422554016,0.6542022228240967,0.40619486570358276,-0.12193869054317474,0.732377290725708,0.13953465223312378,-0.20998303592205048,0.7705544829368591,-0.04138341546058655,-0.2817411720752716,0.8008558750152588,-0.18982580304145813,-0.3332289159297943,0.5178560614585876,0.34570953249931335,-0.11480489373207092,0.5389307141304016,0.04188588261604309,-0.1910204142332077,0.5569841861724854,-0.1447223722934723,-0.255232572555542,0.5746704936027527,-0.29159530997276306,-0.3018631637096405,0.386161744594574,0.367525190114975,-0.12244370579719543,0.37993180751800537,0.08287528157234192,-0.19142965972423553,0.3844262957572937,-0.1011679470539093,-0.2398100644350052,0.39676982164382935,-0.25509628653526306,-0.2727494537830353,0.26007136702537537,0.45098116993904114,-0.14296124875545502,0.21311867237091064,0.23249949514865875,-0.20405206084251404,0.19312334060668945,0.07646596431732178,-0.23386776447296143,0.18501845002174377,-0.06571826338768005,-0.25179705023765564
0.4129030704498291,1.0651037693023682,1.761906446517969e-06,0.5937316417694092,0.9958702325820923,-0.1234133318066597,0.761489748954773,0.8518927097320557,-0.19571951031684875,0.9261502623558044,0.7304791808128357,-0.2599417567253113,1.089946985244751,0.6740455627441406,-0.3252289593219757,0.6423055529594421,0.43258145451545715,-0.11519930511713028,0.7225508689880371,0.17014658451080322,-0.19890812039375305,0.7627099752426147,-0.006528526544570923,-0.26650696992874146,0.7940011024475098,-0.1527526080608368,-0.3144777715206146,0.5087319612503052,0.3735080361366272,-0.11046525835990906,0.5322877764701843,0.07124549150466919,-0.18116645514965057,0.5521281361579895,-0.11184492707252502,-0.239356130361557,0.5711547136306763,-0.25843188166618347,-0.2817226052284241,0.3819842040538788,0.394491970539093,-0.11985446512699127,0.37852489948272705,0.1175178587436676,-0.1835407167673111,0.38657569885253906,-0.06343647837638855,-0.2267831265926361,0.40257394313812256,-0.21753904223442078,-0.25651073455810547,0.26148170232772827,0.47621017694473267,-0.14183315634727478,0.21776768565177917,0.26210257411003113,-0.19761314988136292,0.20155996084213257,0.1099335253238678,-0.2230200469493866,0.19825983047485352,-0.030989080667495728,-0.23822316527366638
0.4254800081253052,1.0778733491897583,1.6017728512451868e-06,0.5998490452766418,1.0073297023773193,-0.11630281805992126,0.758744478225708,0.8704103231430054,-0.18733608722686768,0.9175847768783569,0.7521698474884033,-0.2506616711616516,1.0744121074676514,0.692805826663971,-0.31527072191238403,0.6392505764961243,0.46768441796302795,-0.11981821805238724,0.7160882949829102,0.20808789134025574,-0.20278170704841614,0.7551461458206177,0.0362362265586853,-0.2689456343650818,0.7861537933349609,-0.10902613401412964,-0.31651148200035095,0.5117614269256592,0.40865927934646606,-0.11766590178012848,0.5322418212890625,0.10816287994384766,-0.1882532685995102,0.549723207950592,-0.07054466009140015,-0.2462814897298813,0.566085159778595,-0.21789735555648804,-0.28950732946395874,0.3906366229057312,0.4270382821559906,-0.12797503173351288,0.38508254289627075,0.150539368391037,-0.19137924909591675,0.38882362842559814,-0.027413785457611084,-0.23591428995132446,0.39908653497695923,-0.18190258741378784,-0.26754632592201233,0.2759191691875458,0.5036417841911316,-0.14964333176612854,0.22624346613883972,0.2914900779724121,-0.2058434784412384,0.2054489254951477,0.14216569066047668,-0.23272083699703217,0.1964072585105896,0.003211498260498047,-0.2497357428073883
0.4354640245437622,1.1016781330108643,1.5670085531382938e-06,0.602047324180603,1.0300533771514893,-0.1072474792599678,0.7515010237693787,0.8957748413085938,-0.174146831035614,0.8964918851852417,0.7782770395278931,-0.2345348745584488,1.0402135848999023,0.7171453833580017,-0.2957330048084259,0.6407407522201538,0.5047788023948669,-0.1109481230378151,0.7173751592636108,0.24947765469551086,-0.1917465329170227,0.760140061378479,0.08068647980690002,-0.25628823041915894,0.7965887188911438,-0.05979102849960327,-0.3022322952747345,0.5223907232284546,0.446536123752594,-0.11138206720352173,0.5491271018981934,0.14961043000221252,-0.17953695356845856,0.5713462233543396,-0.02751767635345459,-0.23648066818714142,0.5933233499526978,-0.17262369394302368,-0.27836519479751587,0.4078841805458069,0.46145549416542053,-0.12334892898797989,0.4071730375289917,0.18196678161621094,-0.18551836907863617,0.4113985002040863,0.0008034706115722656,-0.2302514612674713,0.42221105098724365,-0.15527981519699097,-0.26185888051986694,0.29637086391448975,0.5344472527503967,-0.1455242782831192,0.2479914128780365,0.32883524894714355,-0.20199160277843475,0.22274911403656006,0.18264681100845337,-0.2284800112247467,0.2085694670677185,0.047185420989990234,-0.24470046162605286
0.44252192974090576,1.1288554668426514,1.4450239405050525e-06,0.6000896096229553,1.059133768081665,-0.0914500281214714,0.735580325126648,0.9344732761383057,-0.14907404780387878,0.8544667959213257,0.8186324238777161,-0.20208974182605743,0.9760355949401855,0.7556854486465454,-0.25581395626068115,0.6372299194335938,0.5464400053024292,-0.0927002876996994,0.7138228416442871,0.3027462363243103,-0.16492007672786713,0.7563700675964355,0.14116117358207703,-0.22457711398601532,0.7930595874786377,0.0042847394943237305,-0.26690995693206787,0.5246508717536926,0.49126219749450684,-0.09616764634847641,0.5561529994010925,0.20502248406410217,-0.15487554669380188,0.5826154351234436,0.031333327293395996,-0.20678135752677917,0.6087678074836731,-0.11249017715454102,-0.24581307172775269,0.4166683554649353,0.5036292672157288,-0.10967443138360977,0.4202170968055725,0.23808333277702332,-0.16247929632663727,0.42881113290786743,0.06391486525535583,-0.2032354474067688,0.4427475035190582,-0.0853775143623352,-0.23328326642513275,0.31131914258003235,0.5721398591995239,-0.13233301043510437,0.2732357680797577,0.37703660130500793,-0.18082647025585175,0.25491848587989807,0.23903855681419373,-0.2032996267080307,0.24541905522346497,0.11144644021987915,-0.2174922376871109
0.44082799553871155,1.1278879642486572,1.2785272929249913e-06,0.5942636728286743,1.0684542655944824,-0.07761111855506897,0.7279506325721741,0.9593839049339294,-0.12584494054317474,0.8369715213775635,0.8535023927688599,-0.17095156013965607,0.9478162527084351,0.789684534072876,-0.2165364921092987,0.6367852091789246,0.5801472663879395,-0.06883614510297775,0.7074179649353027,0.35759469866752625,-0.12906785309314728,0.7434986233711243,0.21064722537994385,-0.18123643100261688,0.7744274735450745,0.08291751146316528,-0.21906211972236633,0.5277674794197083,0.5227683186531067,-0.07378799468278885,0.5578092932701111,0.2488921582698822,-0.120802141726017,0.5791828036308289,0.0846986174583435,-0.16583004593849182,0.599090576171875,-0.04993152618408203,-0.20021004974842072,0.42253607511520386,0.5326642990112305,-0.08804921805858612,0.4257541000843048,0.27223140001296997,-0.13199928402900696,0.4306572377681732,0.10616323351860046,-0.1668771654367447,0.44071415066719055,-0.03641402721405029,-0.1928817331790924,0.32055583596229553,0.5973679423332214,-0.11034920066595078,0.2850061058998108,0.4098963141441345,-0.15296471118927002,0.26757556200027466,0.27764007449150085,-0.17176076769828796,0.2601969540119171,0.15197506546974182,-0.1830224096775055
0.4453582167625427,1.1274223327636719,1.2064590464433422e-06,0.5968724489212036,1.0740052461624146,-0.07361838221549988,0.7270411252975464,0.9674590229988098,-0.11978795379400253,0.8299472332000732,0.8728924989700317,-0.16317443549633026,0.9372777938842773,0.8232658505439758,-0.20782890915870667,0.6343458890914917,0.6179230809211731,-0.07410112768411636,0.7010966539382935,0.4059751033782959,-0.13516458868980408,0.7379130125045776,0.26596033573150635,-0.1864234060049057,0.7692055702209473,0.14082321524620056,-0.223380908370018,0.530339241027832,0.5618122816085815,-0.08090457320213318,0.5579574108123779,0.29450586438179016,-0.12942063808441162,0.5772767663002014,0.13302022218704224,-0.1731543391942978,0.5949252247810364,-0.0034505128860473633,-0.20629821717739105,0.4307016432285309,0.56956946849823,-0.09595603495836258,0.433954119682312,0.3207685351371765,-0.14057831466197968,0.44245749711990356,0.16183984279632568,-0.17392441630363464,0.45524862408638,0.024992048740386963,-0.198385089635849,0.3334013521671295,0.6289351582527161,-0.1186140850186348,0.3004242181777954,0.4446268081665039,-0.15976864099502563,0.28604862093925476,0.31838691234588623,-0.17677879333496094,0.2800356149673462,0.19997602701187134,-0.18712396919727325
0.4438304305076599,1.1369919776916504,1.1189146107426495e-06,0.5933405756950378,1.0864133834838867,-0.06459717452526093,0.7177836298942566,0.9827502965927124,-0.10410172492265701,0.8149423599243164,0.8905441761016846,-0.14174117147922516,0.919769823551178,0.8508560061454773,-0.17971940338611603,0.6265914440155029,0.6494910717010498,-0.056349799036979675,0.697270393371582,0.44827380776405334,-0.10616649687290192,0.7337567210197449,0.3182595372200012,-0.1499781757593155,0.7617112398147583,0.20179599523544312,-0.1818406581878662,0.5309686064720154,0.5988801717758179,-0.062268804758787155,0.5650575757026672,0.3495745360851288,-0.09962091594934464,0.5842761397361755,0.19960203766822815,-0.13522078096866608,0.5991111993789673,0.07587921619415283,-0.16292862594127655,0.43890684843063354,0.6038767099380493,-0.07606292515993118,0.45233824849128723,0.3690205216407776,-0.11081066727638245,0.468707412481308,0.22295817732810974,-0.13755550980567932,0.4856383502483368,0.09921836853027344,-0.15776051580905914,0.3468037247657776,0.6569498181343079,-0.09689924120903015,0.31728023290634155,0.4819236993789673,-0.1293087899684906,0.3066680133342743,0.3631892800331116,-0.14088843762874603,0.30245429277420044,0.25510334968566895,-0.14765803515911102
0.4377174973487854,1.1311585903167725,1.1868822866745177e-06,0.5885363817214966,1.0768563747406006,-0.062092553824186325,0.7075425386428833,0.9828189611434937,-0.09996630996465683,0.8026571869850159,0.8996618390083313,-0.1367800384759903,0.9027248620986938,0.8580868244171143,-0.17356234788894653,0.6240928769111633,0.6644672155380249,-0.043945103883743286,0.694487988948822,0.4725867509841919,-0.08824563026428223,0.7302259802818298,0.34857282042503357,-0.12848295271396637,0.7582747340202332,0.23947378993034363,-0.1582852452993393,0.5321745872497559,0.6194706559181213,-0.049860961735248566,0.5674459934234619,0.38625916838645935,-0.08389262855052948,0.588011622428894,0.24192196130752563,-0.11914343386888504,0.6041690707206726,0.12249302864074707,-0.14672930538654327,0.44252389669418335,0.6263782382011414,-0.06417267769575119,0.456823468208313,0.4068699777126312,-0.09728576987981796,0.47387421131134033,0.2701820433139801,-0.12478622794151306,0.4921357035636902,0.15136569738388062,-0.1454065442085266,0.35389015078544617,0.6774384379386902,-0.08537164330482483,0.32725125551223755,0.5167663097381592,-0.11811903119087219,0.3169794976711273,0.4055402874946594,-0.13163936138153076,0.3129444718360901,0.30110836029052734,-0.13965457677841187
0.4302966594696045,1.1051862239837646,1.1510579724927084e-06,0.5778583288192749,1.0551300048828125,-0.059804461896419525,0.6940062046051025,0.970260500907898,-0.09429457783699036,0.787360668182373,0.8965176343917847,-0.12739314138889313,0.8793073892593384,0.8578519821166992,-0.1603403091430664,0.6142196655273438,0.6734910011291504,-0.043513763695955276,0.6849571466445923,0.4888914227485657,-0.08402334898710251,0.7201184034347534,0.3714296519756317,-0.1195741817355156,0.7468692064285278,0.2691681981086731,-0.14574605226516724,0.5254865884780884,0.630686342716217,-0.04753493890166283,0.5595876574516296,0.4059365689754486,-0.07925520837306976,0.580105185508728,0.2714957892894745,-0.11117920279502869,0.5959852933883667,0.16207033395767212,-0.13571937382221222,0.44072967767715454,0.6367742419242859,-0.05943433940410614,0.45443010330200195,0.434093177318573,-0.0900968685746193,0.4725947082042694,0.3046654760837555,-0.11627455055713654,0.4917226731777191,0.19204890727996826,-0.13576440513134003,0.3576696813106537,0.6831908822059631,-0.07799848169088364,0.33391469717025757,0.5359593629837036,-0.10854919999837875,0.3228442072868347,0.4324553310871124,-0.12165985256433487,0.3170180320739746,0.3354276716709137,-0.12925563752651215
0.42829230427742004,1.096692681312561,1.0946649808829534e-06,0.5689422488212585,1.0444343090057373,-0.054792776703834534,0.6775615215301514,0.960205078125,-0.08614998310804367,0.769044041633606,0.8842670321464539,-0.11660456657409668,0.85914146900177,0.8436139225959778,-0.14695215225219727,0.6035583019256592,0.6755784153938293,-0.03523438051342964,0.6728034019470215,0.4996127486228943,-0.07135767489671707,0.7069679498672485,0.3898499011993408,-0.10439783334732056,0.7330566048622131,0.29224613308906555,-0.12955741584300995,0.5194697976112366,0.6358880400657654,-0.03974831849336624,0.55039381980896,0.42449289560317993,-0.06876262277364731,0.5702366828918457,0.29841241240501404,-0.09955377131700516,0.5858361124992371,0.19392424821853638,-0.12350290268659592,0.43797314167022705,0.6416581869125366,-0.05192337930202484,0.4483797550201416,0.4501250982284546,-0.0814320519566536,0.46360158920288086,0.32436227798461914,-0.10756641626358032,0.4802004098892212,0.21294116973876953,-0.12698709964752197,0.3577715754508972,0.6862123012542725,-0.0701441690325737,0.3332555890083313,0.5438969135284424,-0.10042479634284973,0.32253503799438477,0.4431890845298767,-0.11440104991197586,0.31827616691589355,0.34697970747947693,-0.122649647295475
0.4297715425491333,1.0878338813781738,1.0523056062083924e-06,0.5635994672775269,1.0382813215255737,-0.05621595308184624,0.6688836216926575,0.9554730653762817,-0.08888350427150726,0.7566365599632263,0.879350483417511,-0.11998551338911057,0.8442251682281494,0.8375619649887085,-0.15098236501216888,0.5965620875358582,0.6791244745254517,-0.04014819487929344,0.6586926579475403,0.5127369165420532,-0.07815934717655182,0.6898306012153625,0.4058936536312103,-0.11208827048540115,0.7141906023025513,0.3103879392147064,-0.13788463175296783,0.5144335031509399,0.6410226821899414,-0.044352877885103226,0.5411068201065063,0.43777981400489807,-0.07620208710432053,0.5589643716812134,0.3148594796657562,-0.10778874158859253,0.573407769203186,0.2119242548942566,-0.1319315880537033,0.435078501701355,0.648038387298584,-0.0560610294342041,0.44323602318763733,0.46244099736213684,-0.0883917510509491,0.45748600363731384,0.3432089686393738,-0.11421441286802292,0.4739249348640442,0.23645919561386108,-0.1327361911535263,0.35733354091644287,0.6928356289863586,-0.07378475368022919,0.3328334391117096,0.553611695766449,-0.10587979853153229,0.32327258586883545,0.45483583211898804,-0.12051373720169067,0.3208983838558197,0.3592907786369324,-0.1291152536869049
0.43457162380218506,1.0777614116668701,9.957852853403892e-07,0.5625825524330139,1.0334887504577637,-0.05885026231408119,0.6658327579498291,0.9521700143814087,-0.09312444180250168,0.7482781410217285,0.8736048340797424,-0.12519077956676483,0.8328840732574463,0.8312214612960815,-0.15711428225040436,0.5933876633644104,0.6842691898345947,-0.04740691930055618,0.6492099761962891,0.5221333503723145,-0.0877632349729538,0.6770787835121155,0.41739422082901,-0.1221407949924469,0.6993215084075928,0.32402193546295166,-0.1479896754026413,0.5130828022956848,0.6487461924552917,-0.051036570221185684,0.5351338386535645,0.44984692335128784,-0.08637204766273499,0.5511869788169861,0.3287021517753601,-0.11907277256250381,0.5647071599960327,0.22648468613624573,-0.14369626343250275,0.4362230896949768,0.6565844416618347,-0.062067169696092606,0.4409031271934509,0.4779933989048004,-0.09772669523954391,0.4544600546360016,0.36295413970947266,-0.12484464049339294,0.47093382477760315,0.26002588868141174,-0.14367645978927612,0.36045047640800476,0.7001012563705444,-0.07914210855960846,0.3353802561759949,0.5630648136138916,-0.11342163383960724,0.3249310553073883,0.46568381786346436,-0.12974967062473297,0.321630597114563,0.3718746304512024,-0.13958638906478882
0.43573886156082153,1.0736111402511597,9.955384712156956e-07,0.5596227645874023,1.02878737449646,-0.05584181845188141,0.6570109128952026,0.9500843286514282,-0.08854535222053528,0.7370739579200745,0.8722749948501587,-0.11938652396202087,0.8185470104217529,0.8306083083152771,-0.14992544054985046,0.5906470417976379,0.6885082125663757,-0.042176615446805954,0.6449389457702637,0.5304946303367615,-0.080238938331604,0.6716179847717285,0.4289347529411316,-0.11355505883693695,0.6923883557319641,0.3385946452617645,-0.13860642910003662,0.5128879547119141,0.6536269783973694,-0.04569664224982262,0.53583824634552,0.46106740832328796,-0.07853060215711594,0.5510216355323792,0.34304484724998474,-0.10985738784074783,0.5631793737411499,0.24347558617591858,-0.1333216428756714,0.43798375129699707,0.6614583730697632,-0.05638528987765312,0.4425278306007385,0.4870372414588928,-0.08906860649585724,0.45414334535598755,0.37480658292770386,-0.11432024091482162,0.46845147013664246,0.27531877160072327,-0.13191810250282288,0.36374199390411377,0.7049345970153809,-0.07293334603309631,0.33963894844055176,0.5732775330543518,-0.10443948209285736,0.33033013343811035,0.4795246422290802,-0.11896134912967682,0.32795462012290955,0.39010369777679443,-0.12743200361728668
0.4345802962779999,1.0574369430541992,9.793617437026114e-07,0.5535600781440735,1.0141017436981201,-0.05808335915207863,0.6516581773757935,0.9408879280090332,-0.09377817064523697,0.7301111221313477,0.8669620752334595,-0.12719056010246277,0.8089960217475891,0.8253204226493835,-0.1604393571615219,0.5882138609886169,0.6866954565048218,-0.049741730093955994,0.6413295269012451,0.534294605255127,-0.09013711661100388,0.6666966080665588,0.435471773147583,-0.12445985525846481,0.6865496635437012,0.3462625741958618,-0.1501346379518509,0.5123029947280884,0.6525423526763916,-0.052978381514549255,0.5350868701934814,0.468283474445343,-0.08826294541358948,0.549080491065979,0.35369083285331726,-0.12047995626926422,0.5606330633163452,0.25528448820114136,-0.14463169872760773,0.43900901079177856,0.6605641841888428,-0.06311638653278351,0.4445073902606964,0.49413853883743286,-0.0968550592660904,0.45641037821769714,0.38498905301094055,-0.12178907543420792,0.4711967408657074,0.28658586740493774,-0.13944485783576965,0.3661118745803833,0.7033491134643555,-0.07930096238851547,0.3435850739479065,0.5769608616828918,-0.11098945140838623,0.3353874683380127,0.4857322573661804,-0.12545059621334076,0.3335888385772705,0.39844924211502075,-0.1341688185930252
0.4373641312122345,1.0405715703964233,9.41647499530518e-07,0.5532336235046387,0.9990091323852539,-0.05703308433294296,0.6478725671768188,0.9286603927612305,-0.09320893883705139,0.7246056199073792,0.859897255897522,-0.12698493897914886,0.800961971282959,0.8195676207542419,-0.16082929074764252,0.587465226650238,0.6801643371582031,-0.055505815893411636,0.6398797035217285,0.533291757106781,-0.09768808633089066,0.66517174243927,0.4357965588569641,-0.13247594237327576,0.6846500635147095,0.3473275601863861,-0.15843753516674042,0.512805700302124,0.6460729837417603,-0.05920660123229027,0.5340664386749268,0.4683038890361786,-0.09622423350811005,0.5467134118080139,0.35633385181427,-0.12831905484199524,0.5571186542510986,0.26022833585739136,-0.1523677408695221,0.44069796800613403,0.6546213030815125,-0.06924819946289062,0.44810622930526733,0.4933038651943207,-0.10400713980197906,0.4602371156215668,0.38500428199768066,-0.1289423108100891,0.47524523735046387,0.2866370379924774,-0.14680038392543793,0.37007030844688416,0.6979895830154419,-0.08506277203559875,0.3476821780204773,0.5770442485809326,-0.1181509792804718,0.3397103548049927,0.4885700047016144,-0.13363495469093323,0.33838003873825073,0.40367957949638367,-0.14299631118774414
0.44151610136032104,1.03412663936615,9.345495755042066e-07,0.5563415288925171,0.9944913387298584,-0.055632688105106354,0.6496745944023132,0.9211056232452393,-0.08942890912294388,0.7254726886749268,0.8517853617668152,-0.12089616060256958,0.8019798398017883,0.816638171672821,-0.1522929072380066,0.5886778831481934,0.6758801341056824,-0.051323819905519485,0.6399129629135132,0.5313671827316284,-0.09136226773262024,0.6644997000694275,0.43407830595970154,-0.12500357627868652,0.6828758716583252,0.34652021527290344,-0.1503593474626541,0.5143307447433472,0.6417209506034851,-0.05491487309336662,0.5341108441352844,0.46640291810035706,-0.09053128212690353,0.5463321805000305,0.3552229106426239,-0.12182778120040894,0.5562781095504761,0.25987866520881653,-0.14501953125,0.44268274307250977,0.6492822170257568,-0.06486333906650543,0.45000380277633667,0.48980778455734253,-0.09875889867544174,0.46214601397514343,0.3821325898170471,-0.12353523075580597,0.47709083557128906,0.2838558852672577,-0.1409483402967453,0.3729619085788727,0.6911202073097229,-0.08050277084112167,0.3511158227920532,0.5709372162818909,-0.11303329467773438,0.3434513807296753,0.48372846841812134,-0.12847773730754852,0.34285926818847656,0.3995934724807739,-0.1376127302646637
0.4406837224960327,1.022881269454956,9.278767265641363e-07,0.5536330342292786,0.9837158918380737,-0.05369493365287781,0.6488453149795532,0.9094710350036621,-0.08553240448236465,0.723881721496582,0.8407483100891113,-0.11512614041566849,0.7958705425262451,0.8037999272346497,-0.1444709300994873,0.5861258506774902,0.6689290404319763,-0.049092475324869156,0.6377265453338623,0.5252710580825806,-0.08746926486492157,0.6626549959182739,0.42876145243644714,-0.1197979524731636,0.6808007955551147,0.3425668179988861,-0.1439538449048996,0.5136911869049072,0.6352095603942871,-0.05255194380879402,0.5347119569778442,0.46197110414505005,-0.08646490424871445,0.5472280383110046,0.35175299644470215,-0.11670572310686111,0.5569438338279724,0.25747084617614746,-0.13908478617668152,0.4438970386981964,0.6411976218223572,-0.06214963272213936,0.45248544216156006,0.48451507091522217,-0.09426726400852203,0.4649946689605713,0.37846624851226807,-0.11842820793390274,0.4792342782020569,0.28203243017196655,-0.1353960484266281,0.3751440644264221,0.6802725195884705,-0.07729005068540573,0.3552895188331604,0.562187671661377,-0.10818129777908325,0.3469139635562897,0.47737276554107666,-0.12277455627918243,0.344626784324646,0.396434485912323,-0.13122592866420746
0.4405968487262726,1.0114824771881104,9.163998129224638e-07,0.5542948842048645,0.9719016551971436,-0.05265989527106285,0.6501328945159912,0.8953655958175659,-0.08335664123296738,0.7243821620941162,0.8258268237113953,-0.11158984154462814,0.7950316667556763,0.7849525809288025,-0.13962115347385406,0.5855523347854614,0.6554086208343506,-0.04876013100147247,0.6361708641052246,0.5138082504272461,-0.08600302785634995,0.6604816913604736,0.4184103012084961,-0.11775574833154678,0.6780551671981812,0.3327729403972626,-0.1418023705482483,0.5127493143081665,0.6221277713775635,-0.05247242748737335,0.5329742431640625,0.4508476257324219,-0.08520952612161636,0.5457172989845276,0.3423234522342682,-0.11474072933197021,0.5557974576950073,0.24972686171531677,-0.137016162276268,0.44243982434272766,0.6291523575782776,-0.06224788725376129,0.4521262049674988,0.47329020500183105,-0.09409906715154648,0.4663604199886322,0.3696528673171997,-0.11806879937648773,0.4822079539299011,0.27533161640167236,-0.13515934348106384,0.3730165362358093,0.6696692109107971,-0.07740805298089981,0.35345786809921265,0.550055980682373,-0.10898066312074661,0.346868097782135,0.46537309885025024,-0.1242453083395958,0.3471376895904541,0.3839469254016876,-0.1333196461200714
0.4392821788787842,1.0009617805480957,9.24807466162747e-07,0.5542871952056885,0.958909809589386,-0.053006697446107864,0.6495737433433533,0.880666196346283,-0.08413128554821014,0.7215665578842163,0.8079060912132263,-0.11278409510850906,0.7913008332252502,0.7631328701972961,-0.14098352193832397,0.5842541456222534,0.6420391201972961,-0.04782022908329964,0.6328569054603577,0.5002288818359375,-0.08509169518947601,0.6561009883880615,0.4056463837623596,-0.1170731633901596,0.6728545427322388,0.3207591474056244,-0.14120642840862274,0.5119217038154602,0.6096539497375488,-0.051554735749959946,0.5317511558532715,0.4389168322086334,-0.08436840027570724,0.5447449684143066,0.3294699490070343,-0.1142524778842926,0.5546413064002991,0.2355004847049713,-0.13666380941867828,0.44166243076324463,0.6172069907188416,-0.06152864545583725,0.45071154832839966,0.4613789916038513,-0.09381777793169022,0.463644802570343,0.3588266372680664,-0.11794908344745636,0.47785109281539917,0.2655423581600189,-0.1348368525505066,0.3721578121185303,0.6580160856246948,-0.07690925151109695,0.352286696434021,0.5384767055511475,-0.1090497225522995,0.34443479776382446,0.4537346363067627,-0.12472689896821976,0.34291312098503113,0.3723371624946594,-0.1338474303483963
0.4374956488609314,0.9902580380439758,8.823953976389021e-07,0.5527578592300415,0.9477232694625854,-0.051857419312000275,0.6465868353843689,0.8650005459785461,-0.08203709125518799,0.7170388698577881,0.7872611880302429,-0.10974165052175522,0.7851148843765259,0.7334830164909363,-0.13733115792274475,0.5811048746109009,0.629036545753479,-0.05113699287176132,0.6270539164543152,0.48440706729888916,-0.08877310156822205,0.6484092473983765,0.3895004391670227,-0.11986997723579407,0.663307785987854,0.30441009998321533,-0.1432577669620514,0.5089067220687866,0.5990379452705383,-0.05590733885765076,0.5284466743469238,0.42638981342315674,-0.08908863365650177,0.5402124524116516,0.31605538725852966,-0.11834641546010971,0.5474764108657837,0.22177931666374207,-0.14041173458099365,0.43813884258270264,0.610576331615448,-0.06667426228523254,0.4451333284378052,0.45267438888549805,-0.10017939656972885,0.454529345035553,0.3484123945236206,-0.12523671984672546,0.46462076902389526,0.25398194789886475,-0.14293131232261658,0.3681233823299408,0.6556575894355774,-0.08245481550693512,0.3448304831981659,0.5371004343032837,-0.11625421047210693,0.33391880989074707,0.45208248496055603,-0.13328209519386292,0.32878372073173523,0.3701136112213135,-0.14356030523777008
0.43918031454086304,0.980666995048523,8.4125508692523e-07,0.5549730658531189,0.935019850730896,-0.05251220613718033,0.6462153196334839,0.8432072401046753,-0.08341893553733826,0.7132335901260376,0.7598099708557129,-0.11199145764112473,0.7843053936958313,0.7051129937171936,-0.1409747153520584,0.5769026875495911,0.6121362447738647,-0.05493650212883949,0.6176859140396118,0.4640248119831085,-0.0945165827870369,0.6372545957565308,0.3673749566078186,-0.1265990138053894,0.6512985229492188,0.28081214427948,-0.15094111859798431,0.5052430629730225,0.5862805247306824,-0.06065559759736061,0.5210753679275513,0.41317832469940186,-0.09579480439424515,0.5308330059051514,0.3019537329673767,-0.12569794058799744,0.5365540385246277,0.2076253890991211,-0.1484311819076538,0.4354873299598694,0.6023199558258057,-0.07241944223642349,0.4395982027053833,0.44163787364959717,-0.10742936283349991,0.4461477994918823,0.3339062035083771,-0.13295695185661316,0.45438262820243835,0.23598498106002808,-0.15134325623512268,0.3671237826347351,0.6523529291152954,-0.0893017128109932,0.3407161235809326,0.5330305695533752,-0.12458533048629761,0.32931268215179443,0.4471262991428375,-0.1427001655101776,0.32411473989486694,0.36482346057891846,-0.15408623218536377
0.44597703218460083,0.9698668718338013,7.90345040968532e-07,0.557703971862793,0.9166406393051147,-0.04820794239640236,0.6460325717926025,0.815670907497406,-0.07647797465324402,0.7105377316474915,0.7265499830245972,-0.10305211693048477,0.777830958366394,0.666991651058197,-0.13038447499275208,0.5699353218078613,0.5933601260185242,-0.05252598598599434,0.6054621934890747,0.4440261721611023,-0.09042208641767502,0.6222805380821228,0.34833386540412903,-0.12101028859615326,0.6350429654121399,0.2628231942653656,-0.14456026256084442,0.49862417578697205,0.5732308626174927,-0.060270678251981735,0.5115240812301636,0.4015626609325409,-0.09375070035457611,0.5184088945388794,0.29113325476646423,-0.12244755029678345,0.5221014618873596,0.19735130667686462,-0.14480365812778473,0.4299507737159729,0.5943610072135925,-0.07364770770072937,0.4318293333053589,0.4326416850090027,-0.10727506130933762,0.43567779660224915,0.323722779750824,-0.13258039951324463,0.4418380856513977,0.2241308093070984,-0.1516638994216919,0.36268293857574463,0.6499254107475281,-0.09175316244363785,0.33258700370788574,0.5344682335853577,-0.1265670508146286,0.3188462257385254,0.44997185468673706,-0.14490902423858643,0.31123751401901245,0.3685234487056732,-0.15703187882900238
0.4527852535247803,0.957707405090332,8.22987374249351e-07,0.5622839331626892,0.895248293876648,-0.045935191214084625,0.6459783315658569,0.7876466512680054,-0.07349367439746857,0.7071056365966797,0.6961301565170288,-0.10004442185163498,0.7709575891494751,0.6347161531448364,-0.12790176272392273,0.5635170936584473,0.5728470683097839,-0.051847927272319794,0.59283447265625,0.4223859906196594,-0.0924970805644989,0.6071438193321228,0.3240407109260559,-0.12551014125347137,0.617814838886261,0.23707443475723267,-0.1505739837884903,0.4924076199531555,0.5572899580001831,-0.0615697056055069,0.49986228346824646,0.3824332654476166,-0.09827215224504471,0.5036954283714294,0.2672506868839264,-0.1299949437379837,0.5046388506889343,0.16927790641784668,-0.15414100885391235,0.4245718717575073,0.5833823084831238,-0.07672207802534103,0.42031678557395935,0.4198031425476074,-0.11354423314332962,0.42098161578178406,0.30964213609695435,-0.14136506617069244,0.4240471124649048,0.20867744088172913,-0.16165867447853088,0.3582826256752014,0.6437987089157104,-0.09622601419687271,0.3276618719100952,0.5302540063858032,-0.13362520933151245,0.31313052773475647,0.44667452573776245,-0.15348342061042786,0.30490219593048096,0.3660767674446106,-0.16641362011432648
0.46266037225723267,0.9508837461471558,8.012354442143987e-07,0.5694057941436768,0.8779881596565247,-0.043513234704732895,0.6496025323867798,0.7651140689849854,-0.06936407834291458,0.7050313353538513,0.6693819165229797,-0.09471428394317627,0.7630395889282227,0.6028013825416565,-0.12163742631673813,0.5564730763435364,0.5550100207328796,-0.047515347599983215,0.578547477722168,0.40227773785591125,-0.08765638619661331,0.5893135070800781,0.3043844401836395,-0.12101966142654419,0.59799724817276,0.21631968021392822,-0.14626538753509521,0.4859730005264282,0.5448824763298035,-0.05851336941123009,0.48910507559776306,0.36899590492248535,-0.09459896385669708,0.49064549803733826,0.25396203994750977,-0.1270648092031479,0.49012723565101624,0.15463212132453918,-0.15183687210083008,0.41943711042404175,0.5750617980957031,-0.07487520575523376,0.4137383699417114,0.4097657799720764,-0.1115170419216156,0.4139716625213623,0.2981468141078949,-0.14005053043365479,0.41619670391082764,0.19548115134239197,-0.1608567237854004,0.3548250198364258,0.6388522982597351,-0.0953555628657341,0.32282567024230957,0.5239003896713257,-0.13290734589099884,0.30982735753059387,0.4398113489151001,-0.15266568958759308,0.3033839166164398,0.3588789701461792,-0.165513813495636
0.4748498797416687,0.9350316524505615,8.295393172375043e-07,0.5750630497932434,0.8523209095001221,-0.04062743857502937,0.6462467908859253,0.7287600040435791,-0.06517671048641205,0.6951417326927185,0.6313627362251282,-0.08945012092590332,0.7496020197868347,0.5635110139846802,-0.11624820530414581,0.5480517745018005,0.5323076844215393,-0.047273747622966766,0.5646188259124756,0.3792119026184082,-0.08933338522911072,0.5749577283859253,0.2815871238708496,-0.12406452000141144,0.5836721658706665,0.19329339265823364,-0.14992141723632812,0.4796220362186432,0.5306863188743591,-0.06075354665517807,0.4798641800880432,0.35071510076522827,-0.09873094409704208,0.4803471267223358,0.23242375254631042,-0.13220083713531494,0.47903233766555786,0.12812086939811707,-0.15747474133968353,0.41578999161720276,0.5697644352912903,-0.07950588315725327,0.40983328223228455,0.3998905122280121,-0.11890536546707153,0.408740371465683,0.2854544520378113,-0.14875255525112152,0.40957561135292053,0.1786881387233734,-0.16999764740467072,0.3540118932723999,0.6421008110046387,-0.10185353457927704,0.3228744864463806,0.5255544781684875,-0.1429087072610855,0.310394287109375,0.4403930902481079,-0.1638059914112091,0.3033407926559448,0.3568369150161743,-0.17717081308364868
0.4849098026752472,0.9203110337257385,7.991006896190811e-07,0.5777658224105835,0.8270589709281921,-0.03663104400038719,0.6379894614219666,0.6933704614639282,-0.06155724450945854,0.6827054619789124,0.5923122763633728,-0.0869586393237114,0.7331044673919678,0.5184977650642395,-0.1160556748509407,0.5394831299781799,0.5125601291656494,-0.05408962815999985,0.5485630035400391,0.3527776002883911,-0.10053602606058121,0.5538052916526794,0.2519473731517792,-0.13693755865097046,0.5578410029411316,0.16067129373550415,-0.16405408084392548,0.47578728199005127,0.5195205807685852,-0.07161569595336914,0.47110143303871155,0.33604633808135986,-0.11495959758758545,0.4665912091732025,0.21481633186340332,-0.1509670615196228,0.459709495306015,0.10575306415557861,-0.1779767870903015,0.41654324531555176,0.568631649017334,-0.09368926286697388,0.4041060507297516,0.39265960454940796,-0.13886025547981262,0.3988703191280365,0.2763994634151459,-0.1712372601032257,0.3951582610607147,0.16742762923240662,-0.1939794421195984,0.35985246300697327,0.649712324142456,-0.11836972087621689,0.32401561737060547,0.5337515473365784,-0.1646900177001953,0.31004273891448975,0.4477473497390747,-0.18812349438667297,0.30140167474746704,0.36367565393447876,-0.20331135392189026
0.49184513092041016,0.9070858955383301,7.807042265994824e-07,0.577660083770752,0.8027571439743042,-0.03243693709373474,0.6260954737663269,0.6629179120063782,-0.05851474404335022,0.6632174253463745,0.5614917278289795,-0.0862111747264862,0.7098350524902344,0.4836553633213043,-0.11842469125986099,0.5309647917747498,0.49854785203933716,-0.05905720591545105,0.5303640365600586,0.33431416749954224,-0.11028026789426804,0.5315486192703247,0.23188766837120056,-0.1493147909641266,0.5323846340179443,0.13954725861549377,-0.1777036190032959,0.4745786488056183,0.5126156806945801,-0.08103722333908081,0.4664098024368286,0.3292221128940582,-0.12846854329109192,0.46002504229545593,0.20555227994918823,-0.16704443097114563,0.4530280828475952,0.09283947944641113,-0.19617509841918945,0.42170777916908264,0.5675579905509949,-0.10706331580877304,0.40624290704727173,0.39225566387176514,-0.15468664467334747,0.4002375602722168,0.2751098573207855,-0.18745848536491394,0.3972146511077881,0.1629895567893982,-0.2110060155391693,0.37019920349121094,0.6532717943191528,-0.1353134661912918,0.334575355052948,0.5367900133132935,-0.18280166387557983,0.32623499631881714,0.45190560817718506,-0.2057729959487915,0.3253225088119507,0.3707737326622009,-0.2210671454668045
0.4944819509983063,0.882442831993103,7.32981334294891e-07,0.57198566198349,0.7751208543777466,-0.018033351749181747,0.604191780090332,0.627798318862915,-0.03455202654004097,0.6360827088356018,0.5256088376045227,-0.05448707565665245,0.6746143102645874,0.4444490671157837,-0.07977105677127838,0.5119734406471252,0.4650043845176697,-0.03915848582983017,0.5101690888404846,0.30577799677848816,-0.08294060826301575,0.5093734264373779,0.2023855745792389,-0.11700014770030975,0.5086265802383423,0.11260664463043213,-0.14265429973602295,0.46971192955970764,0.48162537813186646,-0.06602437794208527,0.46231958270072937,0.3002338707447052,-0.10838516056537628,0.4604131877422333,0.1750914752483368,-0.14476314187049866,0.4573967754840851,0.06671088933944702,-0.1719251573085785,0.43101343512535095,0.5421098470687866,-0.0960773453116417,0.41029900312423706,0.36695098876953125,-0.14374341070652008,0.4115789234638214,0.256285697221756,-0.17643480002880096,0.41572675108909607,0.15491852164268494,-0.19911354780197144,0.3941648602485657,0.6366547346115112,-0.12668123841285706,0.3606613576412201,0.5285472273826599,-0.1782342791557312,0.3627028465270996,0.45402833819389343,-0.201559916138649,0.37296706438064575,0.3869144916534424,-0.21584326028823853
0.4830091595649719,0.8793891072273254,6.264541525524692e-07,0.5545907020568848,0.7466288805007935,0.0030720068607479334,0.5775316953659058,0.5890428423881531,-0.010112449526786804,0.6085801124572754,0.4891970455646515,-0.0306595116853714,0.6425780057907104,0.4088703393936157,-0.05893517658114433,0.48908817768096924,0.450173556804657,-0.03321699798107147,0.47910594940185547,0.2887010872364044,-0.08117658644914627,0.47538337111473083,0.17405816912651062,-0.1196063980460167,0.4702303409576416,0.07479843497276306,-0.14970706403255463,0.4649585485458374,0.4789862334728241,-0.07422024011611938,0.4576927721500397,0.29486310482025146,-0.12277492135763168,0.45600563287734985,0.16067883372306824,-0.16392108798027039,0.44834837317466736,0.03939557075500488,-0.195670485496521,0.4415826201438904,0.5452128052711487,-0.11650881171226501,0.43129226565361023,0.3668537735939026,-0.16691668331623077,0.43729454278945923,0.24270373582839966,-0.19714926183223724,0.43827295303344727,0.12841865420341492,-0.2198309600353241,0.42294901609420776,0.6388681530952454,-0.15765058994293213,0.4118942320346832,0.5230579376220703,-0.20795655250549316,0.41873377561569214,0.4298575520515442,-0.22916139662265778,0.42699283361434937,0.34099826216697693,-0.24467076361179352
0.4564862549304962,0.8524843454360962,6.402343615263817e-07,0.48816826939582825,0.7137510180473328,0.021199429407715797,0.5123195648193359,0.5524846315383911,0.01437484659254551,0.5463464260101318,0.4567182958126068,-0.000159006318426691,0.5810902118682861,0.3835950195789337,-0.021518461406230927,0.5045044422149658,0.43644583225250244,-0.03659762814640999,0.49443021416664124,0.255982369184494,-0.07747577875852585,0.4827018976211548,0.13016825914382935,-0.10465958714485168,0.47312211990356445,0.023129433393478394,-0.12627078592777252,0.495380699634552,0.4516547918319702,-0.07876966148614883,0.4811837077140808,0.24903160333633423,-0.12096937745809555,0.47052913904190063,0.10466310381889343,-0.1506023108959198,0.45805346965789795,-0.019253253936767578,-0.17511750757694244,0.47510218620300293,0.49796369671821594,-0.11889399588108063,0.4706098437309265,0.3004407286643982,-0.16175894439220428,0.46473732590675354,0.1712591052055359,-0.187771737575531,0.4589754343032837,0.06149524450302124,-0.20931194722652435,0.44800451397895813,0.5622369647026062,-0.155648872256279,0.44564518332481384,0.43107539415359497,-0.20517103374004364,0.4480278491973877,0.3247283697128296,-0.2321099191904068,0.45444756746292114,0.2316213846206665,-0.2525426149368286
0.40962284803390503,0.8895816802978516,7.941052331261744e-07,0.3955160975456238,0.7251201868057251,-0.0017947604646906257,0.4011843800544739,0.5399057269096375,-0.02233869396150112,0.4336295425891876,0.4031921923160553,-0.04551580175757408,0.472160279750824,0.31512510776519775,-0.07284051179885864,0.37112265825271606,0.5094547867774963,-0.08943922817707062,0.3973340392112732,0.2946700155735016,-0.14812110364437103,0.41461625695228577,0.1614808738231659,-0.1817922592163086,0.42532363533973694,0.050780534744262695,-0.20342004299163818,0.39720141887664795,0.5585427284240723,-0.12135627865791321,0.4475111961364746,0.32437294721603394,-0.1804453730583191,0.4835335612297058,0.18057259917259216,-0.2140587568283081,0.5117830634117126,0.06771141290664673,-0.23528751730918884,0.44522625207901,0.6279851794242859,-0.1495804488658905,0.49603456258773804,0.4027121663093567,-0.20646974444389343,0.5304450392723083,0.25799673795700073,-0.23769304156303406,0.5578687787055969,0.1435239017009735,-0.25620177388191223,0.5097275972366333,0.7057400345802307,-0.1750061810016632,0.5770787596702576,0.5559751391410828,-0.2270514816045761,0.6224321126937866,0.46502363681793213,-0.2485288828611374,0.6647544503211975,0.3910658359527588,-0.2604036331176758
0.40636980533599854,0.8670312762260437,1.335862521045783e-06,0.35071587562561035,0.7195970416069031,-0.010042092762887478,0.3334907293319702,0.547889769077301,-0.03848503530025482,0.3514214754104614,0.4153197407722473,-0.06518176198005676,0.3882661461830139,0.335737019777298,-0.09783563017845154,0.35699236392974854,0.5042238235473633,-0.12317004799842834,0.3860227167606354,0.2732592225074768,-0.1883317530155182,0.3962199091911316,0.12666434049606323,-0.22438350319862366,0.39692556858062744,0.006170332431793213,-0.2478441596031189,0.41130906343460083,0.5536366701126099,-0.15133026242256165,0.4664496183395386,0.2913629710674286,-0.21701620519161224,0.49599772691726685,0.12000691890716553,-0.25327324867248535,0.5151025652885437,-0.02132624387741089,-0.2769604027271271,0.47881144285202026,0.6231997609138489,-0.17402386665344238,0.5375561714172363,0.38113677501678467,-0.2394220381975174,0.5748518705368042,0.23392611742019653,-0.2736608386039734,0.6002839803695679,0.1103784441947937,-0.29348549246788025,0.5503897666931152,0.7006999254226685,-0.19293780624866486,0.6289111971855164,0.5514046549797058,-0.25628653168678284,0.676995038986206,0.45844635367393494,-0.282313734292984,0.7189366817474365,0.37169599533081055,-0.2956766188144684
0.404011994600296,0.8790019750595093,1.4366997902470757e-06,0.3209384083747864,0.7406715750694275,-0.03218372166156769,0.2762913107872009,0.5914236903190613,-0.07718877494335175,0.2763206362724304,0.464265912771225,-0.11665955930948257,0.3160015940666199,0.3698121905326843,-0.16100695729255676,0.3541572093963623,0.5169333815574646,-0.15087614953517914,0.3749053478240967,0.2857687473297119,-0.2275545448064804,0.3804778456687927,0.14018189907073975,-0.27015769481658936,0.3836876451969147,0.020490020513534546,-0.2970142066478729,0.43258973956108093,0.5611725449562073,-0.1722911149263382,0.4942818582057953,0.30410870909690857,-0.2528552711009979,0.5337121486663818,0.120537668466568,-0.3002406656742096,0.5618704557418823,-0.030591607093811035,-0.3309679329395294,0.5095693469047546,0.6268848180770874,-0.1892760545015335,0.5796490907669067,0.4022938013076782,-0.26756954193115234,0.6322320699691772,0.25089848041534424,-0.3084166347980499,0.6682608723640442,0.12082001566886902,-0.3307172358036041,0.5752829313278198,0.699472963809967,-0.2033403515815735,0.6615673303604126,0.552106499671936,-0.2727736532688141,0.7107807397842407,0.4545470178127289,-0.29990291595458984,0.7478876113891602,0.3623666763305664,-0.31362074613571167
0.4092657268047333,0.8660334944725037,1.3336683650777559e-06,0.32043886184692383,0.7313631772994995,-0.03312072157859802,0.27025309205055237,0.5780890583992004,-0.0758366584777832,0.2664850950241089,0.4465184509754181,-0.11048091948032379,0.3058880567550659,0.34678739309310913,-0.14842933416366577,0.35980671644210815,0.5136414170265198,-0.15016476809978485,0.37209808826446533,0.2771478593349457,-0.2231004685163498,0.3800089657306671,0.1252175271511078,-0.264309287071228,0.3914145827293396,0.0030665993690490723,-0.28925567865371704,0.447565495967865,0.556330680847168,-0.16527029871940613,0.5092459917068481,0.3023640215396881,-0.23600846529006958,0.5545798540115356,0.12927675247192383,-0.2757793366909027,0.5898727774620056,-0.011476516723632812,-0.30222851037979126,0.5275465250015259,0.6150246262550354,-0.17582359910011292,0.6056414842605591,0.3874325454235077,-0.2431485652923584,0.6634917259216309,0.23699671030044556,-0.27703091502189636,0.704857349395752,0.10924065113067627,-0.29601430892944336,0.5911750197410583,0.6775481700897217,-0.1836363971233368,0.6819064021110535,0.520830512046814,-0.24146538972854614,0.7328037023544312,0.4217223525047302,-0.2607059180736542,0.7708868980407715,0.32938408851623535,-0.26970532536506653
0.41260355710983276,0.8580911755561829,1.2828385251850705e-06,0.31942683458328247,0.7314941883087158,-0.03221918269991875,0.2702797055244446,0.5791217088699341,-0.07264386862516403,0.26511430740356445,0.4422062039375305,-0.10384261608123779,0.27180957794189453,0.331287145614624,-0.13893164694309235,0.3644368648529053,0.5273096561431885,-0.15786303579807281,0.3735162019729614,0.2870953679084778,-0.22962094843387604,0.3812920153141022,0.1349380910396576,-0.2671327292919159,0.3941604793071747,0.014583885669708252,-0.2883630394935608,0.45858341455459595,0.5627087950706482,-0.1721205860376358,0.5225933790206909,0.2910832166671753,-0.2405552864074707,0.5702658891677856,0.11724299192428589,-0.2759755849838257,0.6093259453773499,-0.020183205604553223,-0.298440158367157,0.5405185222625732,0.612591564655304,-0.18097332119941711,0.6188313961029053,0.37181657552719116,-0.24559970200061798,0.6762108206748962,0.21961665153503418,-0.277851939201355,0.7185985445976257,0.0946442186832428,-0.29550787806510925,0.6032850742340088,0.6674317717552185,-0.18667307496070862,0.6911319494247437,0.5039498805999756,-0.24258163571357727,0.7399499416351318,0.4023619294166565,-0.26126155257225037,0.7764947414398193,0.3068143129348755,-0.2695639729499817
0.4184796214103699,0.8582839965820312,1.1893085911651724e-06,0.32252439856529236,0.732690155506134,-0.03796866163611412,0.2696281671524048,0.5831301808357239,-0.08054506778717041,0.2521026134490967,0.4468049705028534,-0.11264914274215698,0.23420844972133636,0.333365261554718,-0.1483667641878128,0.37776970863342285,0.5254143476486206,-0.16339793801307678,0.386040061712265,0.2720193862915039,-0.23348858952522278,0.39521053433418274,0.11536586284637451,-0.2685292661190033,0.4077698290348053,-0.006930172443389893,-0.2878703474998474,0.47430768609046936,0.5583959221839905,-0.17364263534545898,0.5441355109214783,0.2896966338157654,-0.23760174214839935,0.5892032384872437,0.12108102440834045,-0.26853466033935547,0.6247931122779846,-0.012317121028900146,-0.2886255085468292,0.5526667237281799,0.6037750244140625,-0.17927485704421997,0.6330059766769409,0.36441367864608765,-0.23789939284324646,0.6856542229652405,0.2121448814868927,-0.2677444815635681,0.7233580350875854,0.08941200375556946,-0.2852531969547272,0.6113277673721313,0.6561902761459351,-0.18274137377738953,0.6965852379798889,0.49422743916511536,-0.23439866304397583,0.7416449785232544,0.3904549181461334,-0.2531876564025879,0.7739799618721008,0.29375597834587097,-0.26229140162467957
0.42261233925819397,0.8627045154571533,1.1173393659191788e-06,0.3243045508861542,0.733673095703125,-0.04588935151696205,0.26772692799568176,0.5806800723075867,-0.09258702397346497,0.24365633726119995,0.440853476524353,-0.12830375134944916,0.20482495427131653,0.33410710096359253,-0.1679689735174179,0.3811163008213043,0.5267890691757202,-0.16273842751979828,0.3975406885147095,0.2883600890636444,-0.23224753141403198,0.40944692492485046,0.1409255862236023,-0.26903894543647766,0.4227822721004486,0.021678388118743896,-0.28978002071380615,0.4786776304244995,0.5608466863632202,-0.17003878951072693,0.552178680896759,0.2955644726753235,-0.23048244416713715,0.5981694459915161,0.12490102648735046,-0.2621278464794159,0.6348344087600708,-0.010699748992919922,-0.28418514132499695,0.5567619800567627,0.6042485237121582,-0.173932284116745,0.6383470296859741,0.36432933807373047,-0.22983703017234802,0.6908988952636719,0.21034488081932068,-0.2614636719226837,0.7298890352249146,0.08796879649162292,-0.28107529878616333,0.6153001189231873,0.6529272794723511,-0.17677167057991028,0.694766640663147,0.48418864607810974,-0.22526341676712036,0.7368072271347046,0.37877094745635986,-0.24420922994613647,0.7675366401672363,0.28410670161247253,-0.2546188533306122
0.43250665068626404,0.8545002937316895,1.1395546835046844e-06,0.32755911350250244,0.7317695617675781,-0.05139702185988426,0.265299916267395,0.5817473530769348,-0.10196726769208908,0.23706553876399994,0.443776398897171,-0.1399816870689392,0.19365209341049194,0.34055095911026,-0.18218301236629486,0.39242956042289734,0.5262744426727295,-0.1750948280096054,0.40068456530570984,0.2850264310836792,-0.2494153380393982,0.40961381793022156,0.13431698083877563,-0.290973424911499,0.42232438921928406,0.012557834386825562,-0.31536445021629333,0.49483203887939453,0.5535458922386169,-0.1796962171792984,0.5622140765190125,0.2793561518192291,-0.24127687513828278,0.6044015288352966,0.1079341471195221,-0.2730845808982849,0.6382400989532471,-0.02712702751159668,-0.2958167493343353,0.5732569694519043,0.5927713513374329,-0.18082253634929657,0.6496720910072327,0.35079023241996765,-0.23675520718097687,0.6976215243339539,0.19715458154678345,-0.26748472452163696,0.7330155968666077,0.07640868425369263,-0.28716373443603516,0.6276552677154541,0.6406580209732056,-0.18141616880893707,0.7026660442352295,0.47564592957496643,-0.2318824827671051,0.739147424697876,0.37221384048461914,-0.2512910068035126,0.7648396492004395,0.27955466508865356,-0.261906236410141
0.428167462348938,0.8568136692047119,1.098979282687651e-06,0.32451754808425903,0.7305554151535034,-0.05169031396508217,0.26288068294525146,0.580516517162323,-0.1023811623454094,0.23218442499637604,0.4399581551551819,-0.1422002911567688,0.17872557044029236,0.33892011642456055,-0.18600882589817047,0.3984944820404053,0.5130650997161865,-0.1621677130460739,0.40999436378479004,0.2727538049221039,-0.23292756080627441,0.4190995395183563,0.12107542157173157,-0.2719762623310089,0.43038439750671387,-0.0015488862991333008,-0.2952111065387726,0.49873483180999756,0.538915753364563,-0.16868498921394348,0.567014217376709,0.26965218782424927,-0.230192169547081,0.608532726764679,0.09599924087524414,-0.26323071122169495,0.6412143707275391,-0.04482707381248474,-0.28615832328796387,0.5738634467124939,0.5806878209114075,-0.1726851612329483,0.6484470963478088,0.3441978096961975,-0.23021624982357025,0.6984125971794128,0.1922968327999115,-0.2622460722923279,0.7342027425765991,0.06774204969406128,-0.28196126222610474,0.6262642741203308,0.6344089508056641,-0.1765170693397522,0.7019991278648376,0.47463658452033997,-0.22608520090579987,0.7381464242935181,0.37097811698913574,-0.2454386055469513,0.760947585105896,0.2752569317817688,-0.25617387890815735
0.4279335141181946,0.8530378937721252,1.064316279553168e-06,0.32457518577575684,0.7301329374313354,-0.05169280618429184,0.26198968291282654,0.5811216831207275,-0.10116620361804962,0.22863030433654785,0.4403078854084015,-0.1399349868297577,0.17452868819236755,0.34020233154296875,-0.1820816695690155,0.4032493531703949,0.5081141591072083,-0.15531066060066223,0.4208609163761139,0.2590424716472626,-0.21973064541816711,0.43212783336639404,0.10369792580604553,-0.25203388929367065,0.4444870054721832,-0.01796126365661621,-0.27057990431785583,0.5034952759742737,0.533122181892395,-0.16087116301059723,0.5746166706085205,0.2649266719818115,-0.2183760553598404,0.6144157648086548,0.09439310431480408,-0.24709279835224152,0.6439855694770813,-0.042196035385131836,-0.26602184772491455,0.5775439143180847,0.5743934512138367,-0.16438958048820496,0.653087854385376,0.3375983238220215,-0.21920377016067505,0.7014591693878174,0.18617749214172363,-0.24972575902938843,0.7346851229667664,0.05957752466201782,-0.26803702116012573,0.6276023983955383,0.6278551816940308,-0.16780008375644684,0.701941728591919,0.4700002670288086,-0.21571336686611176,0.7368737459182739,0.3662261664867401,-0.23505282402038574,0.7573434114456177,0.2691146731376648,-0.24547317624092102
0.43280869722366333,0.8534462451934814,1.083479560293199e-06,0.3287554979324341,0.7327604293823242,-0.053843360394239426,0.264934778213501,0.5852983593940735,-0.10593506693840027,0.2305499017238617,0.4459930956363678,-0.1467694193124771,0.17754444479942322,0.3467572331428528,-0.1910892128944397,0.405864417552948,0.5156439542770386,-0.1654718667268753,0.4199625253677368,0.2621867060661316,-0.23265472054481506,0.42972445487976074,0.10486933588981628,-0.26529404520988464,0.44005924463272095,-0.019047796726226807,-0.2834266722202301,0.5082099437713623,0.5371854305267334,-0.17049607634544373,0.581076443195343,0.2594437599182129,-0.23148004710674286,0.6214777231216431,0.0808253288269043,-0.2613922953605652,0.6510976552963257,-0.06295889616012573,-0.2805161476135254,0.5822057127952576,0.5755436420440674,-0.17277058959007263,0.6593905687332153,0.3371570408344269,-0.22940436005592346,0.707831084728241,0.18312644958496094,-0.26063328981399536,0.7407357692718506,0.055016934871673584,-0.2789003551006317,0.6304383277893066,0.6260733604431152,-0.17487457394599915,0.7054728269577026,0.469532310962677,-0.22263115644454956,0.7403260469436646,0.36441361904144287,-0.2412923127412796,0.7599084377288818,0.26636677980422974,-0.2511240243911743
0.4354649484157562,0.8535327911376953,1.0610262961563421e-06,0.3295220732688904,0.733493983745575,-0.05395660549402237,0.26609039306640625,0.5861025452613831,-0.10443641245365143,0.22994719445705414,0.4461100995540619,-0.14323218166828156,0.1759319007396698,0.3481297492980957,-0.18505887687206268,0.4137866497039795,0.5118981599807739,-0.16061389446258545,0.4276416599750519,0.2576420307159424,-0.22406087815761566,0.4360724985599518,0.100985586643219,-0.25449880957603455,0.44501009583473206,-0.02261093258857727,-0.2715439796447754,0.5173441767692566,0.5305756330490112,-0.16391408443450928,0.5875533819198608,0.2526049017906189,-0.2222837507724762,0.6254502534866333,0.07419508695602417,-0.2510702311992645,0.6526593565940857,-0.07112273573875427,-0.2695198953151703,0.5896276235580444,0.5673668384552002,-0.16441725194454193,0.6654592752456665,0.33130013942718506,-0.21855290234088898,0.7122284770011902,0.17900460958480835,-0.24862679839134216,0.7431520223617554,0.05139991641044617,-0.26627352833747864,0.6338641047477722,0.6167347431182861,-0.1648828536272049,0.7083479166030884,0.46583837270736694,-0.21051472425460815,0.7427999973297119,0.361624538898468,-0.22862224280834198,0.7620608806610107,0.26363837718963623,-0.23826535046100616
0.43767043948173523,0.8572441339492798,1.001717919280054e-06,0.33389055728912354,0.7375063300132751,-0.05228695273399353,0.26878875494003296,0.5926215648651123,-0.1028975248336792,0.2322172373533249,0.45407456159591675,-0.14229020476341248,0.17983058094978333,0.3544408679008484,-0.18461094796657562,0.4176971912384033,0.5130936503410339,-0.15713325142860413,0.4358840584754944,0.26665884256362915,-0.21946744620800018,0.44538795948028564,0.11456900835037231,-0.24940672516822815,0.45445698499679565,-0.008482009172439575,-0.2661208212375641,0.5214941501617432,0.5296455025672913,-0.16085949540138245,0.593785285949707,0.25125792622566223,-0.21990400552749634,0.6334514617919922,0.073494553565979,-0.24951055645942688,0.6628954410552979,-0.07281872630119324,-0.26809385418891907,0.5942544937133789,0.5675556063652039,-0.16138653457164764,0.6706336140632629,0.33323556184768677,-0.21580250561237335,0.717191219329834,0.18092691898345947,-0.24606537818908691,0.7472288012504578,0.05260586738586426,-0.26322704553604126,0.6392017006874084,0.618263840675354,-0.16158612072467804,0.7092965841293335,0.4634854197502136,-0.20571115612983704,0.7406352758407593,0.3601202368736267,-0.22204512357711792,0.7567518353462219,0.2620319724082947,-0.2301809936761856
0.44183751940727234,0.8700083494186401,9.865766514849383e-07,0.3368242383003235,0.7491435408592224,-0.05152779072523117,0.27093178033828735,0.6008262038230896,-0.10204503685235977,0.23417307436466217,0.4610816240310669,-0.14149782061576843,0.18115094304084778,0.3640661835670471,-0.1843104213476181,0.4216959476470947,0.5198197364807129,-0.15834422409534454,0.43848997354507446,0.2714710831642151,-0.22159016132354736,0.447945237159729,0.11831188201904297,-0.2527800500392914,0.457455575466156,-0.00632399320602417,-0.2706203758716583,0.5258451104164124,0.5350858569145203,-0.16280952095985413,0.5963281989097595,0.25324109196662903,-0.2222892940044403,0.6368558406829834,0.07256567478179932,-0.2528095543384552,0.6680134534835815,-0.07671129703521729,-0.2722450792789459,0.5989921689033508,0.5736590623855591,-0.16372327506542206,0.6713054180145264,0.33581310510635376,-0.2180372029542923,0.7168771624565125,0.18176215887069702,-0.24874861538410187,0.7468299865722656,0.05308231711387634,-0.2665475308895111,0.6448972225189209,0.626278281211853,-0.16430628299713135,0.7119811773300171,0.4708678722381592,-0.20885418355464935,0.7414754629135132,0.36615943908691406,-0.22542409598827362,0.7570000886917114,0.267650842666626,-0.23377583920955658
0.4461047351360321,0.8788200616836548,9.908540050673764e-07,0.3398391306400299,0.7620232105255127,-0.05315406993031502,0.2714961767196655,0.6185653209686279,-0.10619788616895676,0.2350982427597046,0.4806745648384094,-0.148176372051239,0.18444329500198364,0.38214564323425293,-0.1932964026927948,0.42804837226867676,0.5309451222419739,-0.16233427822589874,0.44266819953918457,0.2932172417640686,-0.22747188806533813,0.45063573122024536,0.14932730793952942,-0.2607838213443756,0.4584142863750458,0.026644021272659302,-0.2797986567020416,0.5327179431915283,0.5441247224807739,-0.16593913733959198,0.6003996133804321,0.2595096826553345,-0.2280862033367157,0.6409393548965454,0.07521197199821472,-0.2611713111400604,0.672533392906189,-0.07814309000968933,-0.2823336720466614,0.6049825549125671,0.5815227031707764,-0.16548626124858856,0.6722016334533691,0.3457235097885132,-0.22129115462303162,0.7165882587432861,0.19013339281082153,-0.25342950224876404,0.7460384368896484,0.0607452392578125,-0.27171072363853455,0.6497397422790527,0.6324480175971985,-0.16475482285022736,0.7139690518379211,0.47591567039489746,-0.2088087499141693,0.741889476776123,0.37052929401397705,-0.22463221848011017,0.7563720941543579,0.2717520296573639,-0.23230180144309998
0.44365590810775757,0.8901534080505371,1.0140513495571213e-06,0.3390871584415436,0.7725619673728943,-0.055203184485435486,0.27160024642944336,0.6323450207710266,-0.11031175404787064,0.2341611683368683,0.4962378740310669,-0.15446345508098602,0.1813579499721527,0.3959297239780426,-0.20138660073280334,0.43244031071662903,0.5334917306900024,-0.16070446372032166,0.4485393762588501,0.2994635999202728,-0.22476017475128174,0.4565703272819519,0.1593591570854187,-0.25759878754615784,0.4644908308982849,0.04013699293136597,-0.27638253569602966,0.5342890620231628,0.5484709143638611,-0.1639147847890854,0.6025546789169312,0.2664097249507904,-0.2263879030942917,0.6437959671020508,0.08315819501876831,-0.2600111663341522,0.6768634915351868,-0.06712538003921509,-0.281530499458313,0.6044989824295044,0.5892471075057983,-0.1635463833808899,0.6715642213821411,0.3528798222541809,-0.2193441540002823,0.7162179350852966,0.1990661919116974,-0.2523682415485382,0.7471071481704712,0.07305797934532166,-0.2715405821800232,0.649398684501648,0.6443583965301514,-0.1632530689239502,0.7139943242073059,0.49025556445121765,-0.20742979645729065,0.742734432220459,0.3845826983451843,-0.22464746236801147,0.758769154548645,0.2851438820362091,-0.2334854155778885
0.4451971650123596,0.8985503911972046,1.0521533795326832e-06,0.3432270586490631,0.7819321155548096,-0.05709190294146538,0.27628350257873535,0.6412040591239929,-0.11309041827917099,0.23675967752933502,0.5060824751853943,-0.15750673413276672,0.18171826004981995,0.4057216942310333,-0.2043485790491104,0.4328501522541046,0.545476496219635,-0.16537731885910034,0.44879350066185,0.3104734420776367,-0.2297229915857315,0.45822474360466003,0.1708521544933319,-0.261852890253067,0.4692988991737366,0.05353730916976929,-0.27994677424430847,0.5334557294845581,0.5574944615364075,-0.16655732691287994,0.603350043296814,0.27240604162216187,-0.22997047007083893,0.6472916603088379,0.08933696150779724,-0.26288747787475586,0.6839659214019775,-0.059398502111434937,-0.2836233675479889,0.6033886671066284,0.596572756767273,-0.16389621794223785,0.6685159802436829,0.3606414198875427,-0.2199990600347519,0.7129977941513062,0.21056142449378967,-0.2523457705974579,0.7450035810470581,0.08812999725341797,-0.2706678807735443,0.64890056848526,0.6511328220367432,-0.16142308712005615,0.7132627964019775,0.4998171627521515,-0.20489896833896637,0.7427008152008057,0.39715948700904846,-0.2217225283384323,0.7596464157104492,0.30004408955574036,-0.2302696853876114
0.4436730444431305,0.9055924415588379,1.0059463875222718e-06,0.3425084948539734,0.7889798879623413,-0.05659114196896553,0.27667438983917236,0.6473343968391418,-0.10837525129318237,0.23834267258644104,0.5098113417625427,-0.14910919964313507,0.18587854504585266,0.4105531573295593,-0.1917862743139267,0.4344996511936188,0.5474945902824402,-0.1508936583995819,0.4487331509590149,0.3146728277206421,-0.2104962021112442,0.45883479714393616,0.1758245825767517,-0.2410978376865387,0.47197356820106506,0.06110689043998718,-0.2588191628456116,0.5332088470458984,0.5596031546592712,-0.1521427035331726,0.5997225642204285,0.2796230912208557,-0.2076350599527359,0.643277645111084,0.09869888424873352,-0.23670147359371185,0.680325984954834,-0.04518979787826538,-0.25566262006759644,0.6011815071105957,0.598630428314209,-0.15118087828159332,0.6624935865402222,0.3642386496067047,-0.20195309817790985,0.7066751718521118,0.2179466187953949,-0.23194795846939087,0.7396306991577148,0.10036918520927429,-0.24975308775901794,0.6454519033432007,0.6549152135848999,-0.15122902393341064,0.7073705196380615,0.5101746916770935,-0.19340182840824127,0.7367843389511108,0.41028785705566406,-0.21062512695789337,0.7539358139038086,0.3168114423751831,-0.2197219282388687
0.4428851902484894,0.9082132577896118,8.409646738982701e-07,0.34200045466423035,0.7910861968994141,-0.054086413234472275,0.2787702977657318,0.6550424098968506,-0.10269723832607269,0.24035540223121643,0.5186669826507568,-0.14012384414672852,0.19289052486419678,0.4182918667793274,-0.17876163125038147,0.4355490803718567,0.5483415126800537,-0.14184339344501495,0.45548558235168457,0.3111996054649353,-0.19477279484272003,0.4688831567764282,0.17043885588645935,-0.22043614089488983,0.4855727553367615,0.05884656310081482,-0.2347629964351654,0.5295261740684509,0.5625454783439636,-0.13912978768348694,0.5889008045196533,0.30255764722824097,-0.1860504448413849,0.6268080472946167,0.14663922786712646,-0.20637401938438416,0.6600677371025085,0.02902659773826599,-0.2195158749818802,0.5953657627105713,0.5996633768081665,-0.13456259667873383,0.6568270921707153,0.37170732021331787,-0.17579500377178192,0.6974943280220032,0.23205280303955078,-0.19643670320510864,0.7285358905792236,0.12281826138496399,-0.2091716229915619,0.6382296085357666,0.6503117084503174,-0.13135813176631927,0.6964009404182434,0.5043164491653442,-0.16540779173374176,0.7238110303878784,0.4085758924484253,-0.17702528834342957,0.7412424087524414,0.3221161961555481,-0.18240900337696075
0.44178101420402527,0.9021996259689331,8.491876428706746e-07,0.3385172486305237,0.7919134497642517,-0.05382978543639183,0.27574849128723145,0.6560437083244324,-0.10025095194578171,0.24034081399440765,0.5219605565071106,-0.1360323578119278,0.19625961780548096,0.41739100217819214,-0.17278875410556793,0.43148207664489746,0.5399095416069031,-0.1323850303888321,0.44937101006507874,0.3093968629837036,-0.18407998979091644,0.46074312925338745,0.17184042930603027,-0.21076616644859314,0.47544413805007935,0.06284251809120178,-0.22613482177257538,0.5224531888961792,0.5558763146400452,-0.13019904494285583,0.5817029476165771,0.30482256412506104,-0.17475564777851105,0.6180785894393921,0.1546626091003418,-0.19599446654319763,0.6489512920379639,0.03937274217605591,-0.20986920595169067,0.5867903232574463,0.5951625108718872,-0.1271810233592987,0.649915874004364,0.37432488799095154,-0.16774965822696686,0.6884158849716187,0.23815283179283142,-0.19080598652362823,0.7156226634979248,0.12793850898742676,-0.20516110956668854,0.6305678486824036,0.6488927602767944,-0.1255621612071991,0.6908915042877197,0.504719078540802,-0.16034115850925446,0.7169004082679749,0.41199183464050293,-0.17370307445526123,0.7304273247718811,0.3274040222167969,-0.18012386560440063
0.4385751783847809,0.8979519605636597,8.214907438741648e-07,0.33694779872894287,0.7876174449920654,-0.05171877518296242,0.2756693363189697,0.6528502702713013,-0.09493421018123627,0.24275729060173035,0.5204691290855408,-0.12817882001399994,0.19933739304542542,0.42056605219841003,-0.16213500499725342,0.4299115240573883,0.5332204699516296,-0.12080816924571991,0.4457010328769684,0.3103106617927551,-0.168256476521492,0.45580828189849854,0.1778932809829712,-0.19341616332530975,0.4690042734146118,0.07365965843200684,-0.20805232226848602,0.5200878381729126,0.548794150352478,-0.11794814467430115,0.5749160051345825,0.30914071202278137,-0.15828336775302887,0.6098831295967102,0.16445797681808472,-0.17808441817760468,0.6399731040000916,0.05451974272727966,-0.1911037713289261,0.5839655995368958,0.5878902077674866,-0.11469441652297974,0.6408159732818604,0.37598901987075806,-0.15202301740646362,0.6771343350410461,0.2458467185497284,-0.17351464927196503,0.7024695873260498,0.14152592420578003,-0.1868780553340912,0.6282941102981567,0.6404980421066284,-0.112974151968956,0.6847749352455139,0.5031448602676392,-0.14503225684165955,0.70937180519104,0.4135076701641083,-0.15705746412277222,0.7224087119102478,0.3324573040008545,-0.16262462735176086
0.43819284439086914,0.896324634552002,7.393915666398243e-07,0.3363771438598633,0.7857005000114441,-0.04567858949303627,0.27567386627197266,0.6492418050765991,-0.08323252946138382,0.24508599936962128,0.5180947780609131,-0.11276664584875107,0.20523560047149658,0.41949552297592163,-0.14246101677417755,0.42748594284057617,0.5249662399291992,-0.09864935278892517,0.44227394461631775,0.3071962893009186,-0.1400873214006424,0.4512585401535034,0.17870929837226868,-0.16278007626533508,0.46241623163223267,0.07857775688171387,-0.17605915665626526,0.5145576596260071,0.5401373505592346,-0.09853411465883255,0.5662691593170166,0.3060872554779053,-0.13065944612026215,0.5980857610702515,0.16584837436676025,-0.14702656865119934,0.6257741451263428,0.06128248572349548,-0.15779006481170654,0.5780049562454224,0.57993483543396,-0.09922409057617188,0.6293923854827881,0.3716081380844116,-0.12942716479301453,0.6597697734832764,0.2463102638721466,-0.14780345559120178,0.6810681819915771,0.14792108535766602,-0.1598220020532608,0.624172031879425,0.6350834965705872,-0.10185112804174423,0.6736894249916077,0.5043619275093079,-0.12946981191635132,0.6947081685066223,0.4172968566417694,-0.13962632417678833,0.7055379152297974,0.33942711353302,-0.1439439058303833
0.44114670157432556,0.8911848068237305,7.376208372988913e-07,0.33855903148651123,0.7815954685211182,-0.041173093020915985,0.2792115807533264,0.6426047086715698,-0.0748891606926918,0.24931570887565613,0.5109795331954956,-0.10100874304771423,0.20822320878505707,0.415947288274765,-0.12695086002349854,0.42644375562667847,0.5176289081573486,-0.08911219239234924,0.44120484590530396,0.30461278557777405,-0.12535281479358673,0.45087185502052307,0.18092218041419983,-0.14434656500816345,0.46272075176239014,0.08610820770263672,-0.15490761399269104,0.5114306807518005,0.5306960344314575,-0.08852582424879074,0.5610132217407227,0.3027944564819336,-0.11499038338661194,0.5924358367919922,0.16895753145217896,-0.12669679522514343,0.6198214888572693,0.07327860593795776,-0.13409695029258728,0.573290228843689,0.5694957971572876,-0.08867800980806351,0.6199907064437866,0.36449819803237915,-0.11395817250013351,0.6469988226890564,0.24536246061325073,-0.12828871607780457,0.6660362482070923,0.15499788522720337,-0.13769298791885376,0.6183345317840576,0.6243963241577148,-0.09059124439954758,0.6650991439819336,0.4981597363948822,-0.11375878751277924,0.6852906942367554,0.41505661606788635,-0.12104161083698273,0.6965855956077576,0.3421003818511963,-0.12352772057056427
0.4406614303588867,0.8790309429168701,7.349404995693476e-07,0.3377435803413391,0.7706567645072937,-0.03566288948059082,0.2799266576766968,0.6304729580879211,-0.06507956981658936,0.2509160041809082,0.49740758538246155,-0.08751215040683746,0.20799727737903595,0.4079623222351074,-0.10945340991020203,0.42506667971611023,0.500974714756012,-0.07639709115028381,0.4406101405620575,0.29081279039382935,-0.10607275366783142,0.4515031576156616,0.17008540034294128,-0.1210976392030716,0.4639398455619812,0.07781985402107239,-0.12915530800819397,0.5089951157569885,0.5140061974525452,-0.07506342977285385,0.5565215349197388,0.2932232618331909,-0.09440896660089493,0.586650013923645,0.16662311553955078,-0.10185430198907852,0.612650990486145,0.07766497135162354,-0.10666587203741074,0.5696558952331543,0.5525290966033936,-0.07429572194814682,0.6121275424957275,0.35316818952560425,-0.0930769070982933,0.63866126537323,0.23867395520210266,-0.10387386381626129,0.6566339135169983,0.15391746163368225,-0.11158981919288635,0.61385577917099,0.6057208776473999,-0.07506640255451202,0.6592669486999512,0.48514336347579956,-0.09211643785238266,0.6797657012939453,0.4057597815990448,-0.09653038531541824,0.6910353899002075,0.3365323543548584,-0.09765855222940445
0.4382944107055664,0.8580052852630615,6.812967967562145e-07,0.33727967739105225,0.7483370304107666,-0.030720703303813934,0.2808469533920288,0.6088225245475769,-0.054362405091524124,0.2545279860496521,0.48020848631858826,-0.07263343036174774,0.21912690997123718,0.39596378803253174,-0.09028658270835876,0.4249168634414673,0.48046332597732544,-0.06015842407941818,0.44061142206192017,0.2798152565956116,-0.08769255876541138,0.4534808099269867,0.1624847948551178,-0.10350304841995239,0.46741464734077454,0.0730733871459961,-0.11219196766614914,0.507667601108551,0.4941854178905487,-0.060472071170806885,0.5541163682937622,0.2851737439632416,-0.076509490609169,0.5826281309127808,0.16257038712501526,-0.0839376226067543,0.6072311401367188,0.07599258422851562,-0.0891186073422432,0.5672032237052917,0.5315274000167847,-0.06213562563061714,0.6091238856315613,0.34340882301330566,-0.07766928523778915,0.6338218450546265,0.23435267806053162,-0.08673682808876038,0.6503850817680359,0.15462732315063477,-0.09345581382513046,0.6100468635559082,0.5838552117347717,-0.0655825287103653,0.6536605358123779,0.47109371423721313,-0.07994158565998077,0.6722425222396851,0.3959079384803772,-0.08259053528308868,0.6819793581962585,0.33166390657424927,-0.08249355107545853
0.4354339838027954,0.8335821628570557,6.366627758325194e-07,0.3357970118522644,0.7272774577140808,-0.03050226904451847,0.2801158130168915,0.5904029607772827,-0.0523744635283947,0.2562834620475769,0.4639469385147095,-0.06907486915588379,0.22267742455005646,0.38569003343582153,-0.08542361855506897,0.4233539402484894,0.4571242928504944,-0.05423732101917267,0.43803679943084717,0.2630308270454407,-0.07961210608482361,0.4488092064857483,0.14794862270355225,-0.09563502669334412,0.46069350838661194,0.061098963022232056,-0.10532974451780319,0.5046401023864746,0.47029909491539,-0.05476701259613037,0.5463847517967224,0.2674570381641388,-0.06935616582632065,0.5724173784255981,0.14590927958488464,-0.0781228318810463,0.5949089527130127,0.06163033843040466,-0.08482278883457184,0.5632063746452332,0.5088933110237122,-0.057029835879802704,0.6027048826217651,0.3261118531227112,-0.07244976609945297,0.6257226467132568,0.21824193000793457,-0.08432510495185852,0.6413674354553223,0.1393553912639618,-0.0934123620390892,0.6061100363731384,0.5637078285217285,-0.06109055504202843,0.6483166217803955,0.4551950693130493,-0.0771317109465599,0.664500892162323,0.3804190456867218,-0.08258233964443207,0.6721100211143494,0.31577005982398987,-0.08469520509243011
0.43180692195892334,0.8110827207565308,5.164570211491082e-07,0.33460181951522827,0.7047485709190369,-0.022260142490267754,0.27916786074638367,0.5676775574684143,-0.03822396695613861,0.25528302788734436,0.4452635645866394,-0.05063110589981079,0.22670026123523712,0.37079188227653503,-0.06330282986164093,0.42195427417755127,0.4392072558403015,-0.04333704337477684,0.4326043128967285,0.2502235174179077,-0.06470321118831635,0.4396243393421173,0.1396687626838684,-0.07850666344165802,0.4480200707912445,0.056604743003845215,-0.08690621703863144,0.4999080300331116,0.45131438970565796,-0.046293020248413086,0.5373973250389099,0.25103217363357544,-0.05768347531557083,0.5602501630783081,0.13033044338226318,-0.06526308506727219,0.5802046656608582,0.0466153621673584,-0.07120134681463242,0.5584525465965271,0.4895760416984558,-0.05048846825957298,0.5927167534828186,0.3112666606903076,-0.06238740310072899,0.6136016845703125,0.20451900362968445,-0.07394276559352875,0.6276321411132812,0.1259162724018097,-0.08325286209583282,0.6031138896942139,0.5454015135765076,-0.05595797672867775,0.6444246172904968,0.43749380111694336,-0.06888403743505478,0.6592360734939575,0.36402177810668945,-0.07352820783853531,0.6656558513641357,0.3012310862541199,-0.07551243901252747
0.43327534198760986,0.7802163362503052,5.443044983621803e-07,0.3372730314731598,0.67438805103302,-0.023977909237146378,0.28062060475349426,0.5423750281333923,-0.041527945548295975,0.2547970414161682,0.42671018838882446,-0.055528633296489716,0.23032788932323456,0.35669785737991333,-0.07005661725997925,0.41915613412857056,0.4191727042198181,-0.04726963862776756,0.4283336400985718,0.23424945771694183,-0.07247507572174072,0.43533259630203247,0.1229582130908966,-0.08958171308040619,0.44320425391197205,0.03919142484664917,-0.09947026520967484,0.49651244282722473,0.4273771345615387,-0.05019604042172432,0.5309344530105591,0.22589431703090668,-0.06393558531999588,0.5522041320800781,0.09848475456237793,-0.07371605932712555,0.5705788135528564,0.007197558879852295,-0.08073456585407257,0.5560327768325806,0.4631023108959198,-0.05423004552721977,0.5863301157951355,0.28896769881248474,-0.06659755855798721,0.6054254770278931,0.18213769793510437,-0.078189916908741,0.6189030408859253,0.10320785641670227,-0.08697706460952759,0.6008192300796509,0.5193864107131958,-0.059915006160736084,0.6378559470176697,0.41398417949676514,-0.0716555267572403,0.6509700417518616,0.3426181375980377,-0.0743379145860672,0.6576946973800659,0.28327029943466187,-0.07450228184461594
0.4322200119495392,0.7600232362747192,6.029808332641551e-07,0.3341582119464874,0.658613920211792,-0.032439373433589935,0.2799729108810425,0.5314250588417053,-0.05466668680310249,0.25301510095596313,0.4127567708492279,-0.07134170830249786,0.22971707582473755,0.3330243229866028,-0.08783186972141266,0.41939306259155273,0.39809638261795044,-0.05559971556067467,0.4244084656238556,0.20978111028671265,-0.08381570130586624,0.4284619987010956,0.09562951326370239,-0.1026400774717331,0.43510618805885315,0.010259747505187988,-0.1129705086350441,0.4984133839607239,0.40520820021629333,-0.053118746727705,0.529738187789917,0.2042669653892517,-0.06827569752931595,0.5491207838058472,0.07718008756637573,-0.07761640846729279,0.5659535527229309,-0.012737154960632324,-0.0836285874247551,0.5570977926254272,0.4431684911251068,-0.05227603390812874,0.5859545469284058,0.26921722292900085,-0.0657636970281601,0.6037539839744568,0.16590014100074768,-0.07566177845001221,0.6157480478286743,0.08928626775741577,-0.0823148712515831,0.5978993773460388,0.5016078948974609,-0.05355814844369888,0.6326076984405518,0.3975241184234619,-0.06505012512207031,0.6445215940475464,0.32914552092552185,-0.06596606224775314,0.6504726409912109,0.2725493311882019,-0.0641498863697052
0.4330122470855713,0.7409943342208862,6.385013193721534e-07,0.3372107148170471,0.6393826007843018,-0.03446207940578461,0.2802451252937317,0.5172684192657471,-0.059807006269693375,0.25105881690979004,0.4022490680217743,-0.07940885424613953,0.22719301283359528,0.31760501861572266,-0.0986546128988266,0.4190904498100281,0.376497745513916,-0.059975072741508484,0.42072007060050964,0.1854945421218872,-0.08914060890674591,0.4242117404937744,0.0713793933391571,-0.10812133550643921,0.43139922618865967,-0.015054166316986084,-0.11830047518014908,0.49845942854881287,0.38392624258995056,-0.05745807662606239,0.52825528383255,0.18055176734924316,-0.07487313449382782,0.5466552972793579,0.049496203660964966,-0.08636195957660675,0.56344074010849,-0.044897764921188354,-0.09373963624238968,0.5564024448394775,0.4239426255226135,-0.05638695880770683,0.5847851037979126,0.2524951100349426,-0.07281386107206345,0.6004509925842285,0.1501820683479309,-0.08478429913520813,0.6098018884658813,0.07528042793273926,-0.09225049614906311,0.5972735285758972,0.48466795682907104,-0.05725385248661041,0.6311505436897278,0.3819313943386078,-0.07066076248884201,0.6421964168548584,0.31387850642204285,-0.07233437150716782,0.6461806297302246,0.25755518674850464,-0.07076352834701538
0.43304771184921265,0.7394264340400696,6.350658736664627e-07,0.33554136753082275,0.6380366086959839,-0.03727154806256294,0.28065699338912964,0.5115317106246948,-0.06224677711725235,0.25557661056518555,0.3926866352558136,-0.08050268888473511,0.2299705147743225,0.304751455783844,-0.09758249670267105,0.42044004797935486,0.35954251885414124,-0.05958038195967674,0.4180315434932709,0.16212356090545654,-0.08704229444265366,0.42166051268577576,0.04697316884994507,-0.10481126606464386,0.42921847105026245,-0.039905697107315063,-0.11418408155441284,0.499968945980072,0.36998143792152405,-0.0543779619038105,0.5294919013977051,0.1679593324661255,-0.06950253248214722,0.5478941798210144,0.04138818383216858,-0.07872878760099411,0.563281238079071,-0.048826247453689575,-0.08430730551481247,0.5571002960205078,0.4135981500148773,-0.05107035115361214,0.5845457911491394,0.24163582921028137,-0.06530776619911194,0.6009442806243896,0.13958409428596497,-0.074665367603302,0.6109105348587036,0.06480282545089722,-0.0801769345998764,0.5962592363357544,0.47620344161987305,-0.050114598125219345,0.6294471025466919,0.36900898814201355,-0.06168964132666588,0.6404920220375061,0.3004409968852997,-0.061572808772325516,0.6449313163757324,0.24430681765079498,-0.05856861174106598
0.4313843548297882,0.7332640886306763,5.584404334513238e-07,0.33357465267181396,0.630489706993103,-0.03505561500787735,0.28021082282066345,0.5016432404518127,-0.05724450945854187,0.25605881214141846,0.38054749369621277,-0.07256503403186798,0.23348653316497803,0.2903611660003662,-0.08639176189899445,0.4194011688232422,0.34737834334373474,-0.055195946246385574,0.4138409197330475,0.14637121558189392,-0.07891867309808731,0.41717103123664856,0.03287559747695923,-0.09355811029672623,0.42573854327201843,-0.05150124430656433,-0.10112118721008301,0.4991624057292938,0.3573833107948303,-0.04810931161046028,0.5263399481773376,0.16045933961868286,-0.05958005040884018,0.5443416237831116,0.0446876585483551,-0.06608666479587555,0.56058669090271,-0.03627857565879822,-0.07022015005350113,0.5562460422515869,0.4007377326488495,-0.04278732091188431,0.5838193893432617,0.229883074760437,-0.0536397360265255,0.6016825437545776,0.13040578365325928,-0.061625439673662186,0.6133160591125488,0.05673247575759888,-0.06718573719263077,0.5944073796272278,0.463703989982605,-0.03965171054005623,0.6316844820976257,0.3622306287288666,-0.04930427670478821,0.6436120271682739,0.2940225899219513,-0.05011925473809242,0.6477200984954834,0.23711217939853668,-0.048414845019578934
0.4295341372489929,0.7287709712982178,5.757573831033369e-07,0.33104759454727173,0.6254196763038635,-0.03289280831813812,0.27642160654067993,0.49421268701553345,-0.05363180860877037,0.2528749108314514,0.3718951344490051,-0.06742151826620102,0.23155628144741058,0.2832018733024597,-0.08003395795822144,0.41695424914360046,0.33967724442481995,-0.05654675140976906,0.41307878494262695,0.13407748937606812,-0.07948745042085648,0.4184149205684662,0.01921999454498291,-0.09265290945768356,0.4289180338382721,-0.06482812762260437,-0.09903993457555771,0.4975392818450928,0.35120949149131775,-0.049720339477062225,0.5272014141082764,0.15193437039852142,-0.06139221414923668,0.5477215647697449,0.03676530718803406,-0.06702353060245514,0.5657498836517334,-0.04191210865974426,-0.07022969424724579,0.5549615621566772,0.39512765407562256,-0.044184017926454544,0.5843989849090576,0.22284376621246338,-0.0551937073469162,0.6022899746894836,0.12323528528213501,-0.06336112320423126,0.6134157776832581,0.0503501296043396,-0.06885219365358353,0.5929428935050964,0.4587380588054657,-0.04046862944960594,0.6317362189292908,0.3569381833076477,-0.050748854875564575,0.6438038945198059,0.2875058948993683,-0.052383553236722946,0.6477401852607727,0.22970858216285706,-0.05106443539261818
0.4269145131111145,0.7273187637329102,5.605199362435087e-07,0.32820379734039307,0.6230431795120239,-0.030561381950974464,0.27747881412506104,0.48569661378860474,-0.04914774373173714,0.25399839878082275,0.35628220438957214,-0.060603078454732895,0.2229100912809372,0.269156277179718,-0.07121172547340393,0.4156896770000458,0.3388780951499939,-0.05810227990150452,0.41056427359580994,0.12815968692302704,-0.08046925812959671,0.41551461815834045,0.011856377124786377,-0.09216640889644623,0.42460325360298157,-0.07471266388893127,-0.09724149852991104,0.496545672416687,0.34812912344932556,-0.05120546743273735,0.5233189463615417,0.13693015277385712,-0.06291205435991287,0.5398987531661987,0.012302696704864502,-0.06761743128299713,0.5526540279388428,-0.07578501105308533,-0.0698869451880455,0.5536834597587585,0.39196598529815674,-0.04462696984410286,0.5836514234542847,0.21675726771354675,-0.05485646426677704,0.6006109714508057,0.1146993637084961,-0.061662811785936356,0.6090682744979858,0.04012015461921692,-0.06589380651712418,0.5901763439178467,0.4559287130832672,-0.03948988765478134,0.6290030479431152,0.35345885157585144,-0.0483807697892189,0.6408988833427429,0.2826906740665436,-0.04850400984287262,0.6437134146690369,0.22397147119045258,-0.0460733026266098
0.4258306324481964,0.7283579111099243,4.625895542176295e-07,0.3265238106250763,0.6224462389945984,-0.027016570791602135,0.27405616641044617,0.48482978343963623,-0.04319825768470764,0.2541106045246124,0.3561534881591797,-0.05271732434630394,0.22628332674503326,0.2680116295814514,-0.06096454709768295,0.4171457290649414,0.33263155817985535,-0.051046982407569885,0.410858690738678,0.12576857209205627,-0.07054249942302704,0.4135113060474396,0.012208789587020874,-0.08021459728479385,0.4205726683139801,-0.07202321290969849,-0.0839041918516159,0.4974735677242279,0.34380003809928894,-0.04437953606247902,0.5258597135543823,0.13815723359584808,-0.053070928901433945,0.5424657464027405,0.02204868197441101,-0.054165225476026535,0.555639922618866,-0.05884605646133423,-0.053684789687395096,0.5541079044342041,0.38835424184799194,-0.038299091160297394,0.5845729112625122,0.21590599417686462,-0.04539709538221359,0.601091742515564,0.11689586937427521,-0.04834043234586716,0.6096969246864319,0.044840723276138306,-0.04975403845310211,0.5910305380821228,0.4522715210914612,-0.033666715025901794,0.6298668384552002,0.34663838148117065,-0.038442619144916534,0.6409731507301331,0.27727627754211426,-0.03536711633205414,0.6434013843536377,0.22079843282699585,-0.030709123238921165
0.425597608089447,0.7296831607818604,4.560630486594164e-07,0.32713547348976135,0.6229058504104614,-0.025510482490062714,0.27485018968582153,0.48591017723083496,-0.04146289825439453,0.254337877035141,0.35907262563705444,-0.051052019000053406,0.22716936469078064,0.2703741192817688,-0.05938218906521797,0.41646525263786316,0.3343431353569031,-0.05032050609588623,0.41096919775009155,0.126001238822937,-0.06914109736680984,0.41418641805648804,0.012284964323043823,-0.07817787677049637,0.4215126633644104,-0.07214123010635376,-0.08154831826686859,0.4955516457557678,0.34617552161216736,-0.044335443526506424,0.5237048268318176,0.1397695392370224,-0.053313128650188446,0.5408020615577698,0.02459043264389038,-0.05482073873281479,0.5548021793365479,-0.05615168809890747,-0.05478745698928833,0.5519976019859314,0.3909904360771179,-0.03867875039577484,0.5826278924942017,0.21723619103431702,-0.045789510011672974,0.5998886823654175,0.11675994098186493,-0.04943273961544037,0.609430730342865,0.04315155744552612,-0.05161289870738983,0.5896921157836914,0.4550873935222626,-0.03428427129983902,0.6290006637573242,0.34773609042167664,-0.03845370560884476,0.6406535506248474,0.27769923210144043,-0.03555634245276451,0.6432942152023315,0.22056394815444946,-0.031428784132003784
0.42096662521362305,0.7322219610214233,4.857892008658382e-07,0.32150423526763916,0.6268640756607056,-0.025682540610432625,0.2688423693180084,0.4883013069629669,-0.041078418493270874,0.24921995401382446,0.3583700656890869,-0.049275755882263184,0.22033187747001648,0.268704354763031,-0.0560583621263504,0.41173669695854187,0.3374175727367401,-0.055596284568309784,0.40654003620147705,0.12293544411659241,-0.07420763373374939,0.41019946336746216,0.007522761821746826,-0.0811682641506195,0.4181945323944092,-0.07748520374298096,-0.08260126411914825,0.4922516942024231,0.3492411673069,-0.04814773425459862,0.5215412378311157,0.13675665855407715,-0.05798392742872238,0.5394483804702759,0.019809305667877197,-0.05714179947972298,0.5534844994544983,-0.06101912260055542,-0.05450258404016495,0.5496071577072144,0.394256055355072,-0.040481582283973694,0.5807867646217346,0.21837118268013,-0.04775391146540642,0.5984336137771606,0.11822019517421722,-0.04905180633068085,0.60771644115448,0.046057313680648804,-0.048639170825481415,0.5874720215797424,0.45852935314178467,-0.033867254853248596,0.6274792551994324,0.3479957580566406,-0.03734734654426575,0.638775110244751,0.2775152325630188,-0.03292393684387207,0.6405825018882751,0.2214934527873993,-0.027035987004637718
0.4197292625904083,0.7421518564224243,4.5959760086589085e-07,0.3224986493587494,0.6339051127433777,-0.02341722697019577,0.26845377683639526,0.4916773736476898,-0.03820245712995529,0.24635213613510132,0.3619134724140167,-0.0469602532684803,0.21635489165782928,0.27264854311943054,-0.05457330495119095,0.40909668803215027,0.34438955783843994,-0.050863806158304214,0.40148553252220154,0.1326105296611786,-0.07060126960277557,0.4044322669506073,0.01660853624343872,-0.07903825491666794,0.4115749001502991,-0.06923916935920715,-0.08170513808727264,0.4886261820793152,0.3553602695465088,-0.04694173485040665,0.5199790000915527,0.14270348846912384,-0.05731341615319252,0.5393866896629333,0.02347204089164734,-0.058466024696826935,0.5548067688941956,-0.05941382050514221,-0.057581640779972076,0.5460364818572998,0.40015262365341187,-0.04311371222138405,0.5772252082824707,0.22430244088172913,-0.05145132541656494,0.5952651500701904,0.1221090704202652,-0.054588619619607925,0.6052148342132568,0.04829365015029907,-0.055850885808467865,0.5851408243179321,0.46572941541671753,-0.040327414870262146,0.6251212358474731,0.3554007411003113,-0.045014847069978714,0.6377001404762268,0.2844449579715729,-0.041377466171979904,0.6404887437820435,0.22728794813156128,-0.03640846535563469
0.4200429618358612,0.7483783960342407,4.685808221438492e-07,0.3232243061065674,0.6402849555015564,-0.025371922180056572,0.2683042287826538,0.5000984072685242,-0.042154017835855484,0.244053915143013,0.37066951394081116,-0.05314858257770538,0.21278752386569977,0.28302767872810364,-0.063426673412323,0.40710049867630005,0.3525192439556122,-0.05295853316783905,0.40180912613868713,0.1423952281475067,-0.07612022012472153,0.4054641127586365,0.023775815963745117,-0.0878632664680481,0.41307100653648376,-0.06368637084960938,-0.0928729921579361,0.487150639295578,0.3625490069389343,-0.04907557740807533,0.522600531578064,0.15693145990371704,-0.060497742146253586,0.5458751916885376,0.04189920425415039,-0.06291534006595612,0.5646926760673523,-0.037402063608169556,-0.06358284503221512,0.5450166463851929,0.4043751060962677,-0.04577337205410004,0.576423168182373,0.23070700466632843,-0.054842494428157806,0.5949665307998657,0.1300455927848816,-0.05843114107847214,0.6051409840583801,0.057561129331588745,-0.06061124429106712,0.5845084190368652,0.46622979640960693,-0.04388320446014404,0.6232870817184448,0.35670584440231323,-0.05024583265185356,0.6352912187576294,0.28713011741638184,-0.04746980220079422,0.6377437114715576,0.2313571274280548,-0.04325416311621666
0.41593727469444275,0.7526081800460815,5.358942871680483e-07,0.3193826973438263,0.6472030282020569,-0.030276186764240265,0.2640102207660675,0.5091828107833862,-0.04969130456447601,0.24048134684562683,0.3803972601890564,-0.06239844113588333,0.20884957909584045,0.29367655515670776,-0.07456081360578537,0.4038058817386627,0.35590070486068726,-0.060190293937921524,0.397831529378891,0.14487992227077484,-0.08491258323192596,0.4009234309196472,0.02512258291244507,-0.09797318279743195,0.4086604118347168,-0.06350848078727722,-0.1043359711766243,0.48466941714286804,0.36728715896606445,-0.055686432868242264,0.5166277885437012,0.159213125705719,-0.06918102502822876,0.5390549302101135,0.03824883699417114,-0.0747813805937767,0.5577250123023987,-0.04569441080093384,-0.07810939848423004,0.542210042476654,0.4126318395137787,-0.051867783069610596,0.5723528861999512,0.23687757551670074,-0.06485479325056076,0.5920694470405579,0.1334843784570694,-0.07354828715324402,0.6034310460090637,0.058642953634262085,-0.07940330356359482,0.581472635269165,0.4773077368736267,-0.04945764318108559,0.6199524402618408,0.3706642985343933,-0.06158905848860741,0.6326371431350708,0.3009350299835205,-0.06360377371311188,0.6361071467399597,0.24315005540847778,-0.06272910535335541
0.4138811528682709,0.7634063959121704,4.816232035409485e-07,0.3178078234195709,0.6582322120666504,-0.029178055003285408,0.262054979801178,0.5191464424133301,-0.04857221245765686,0.23888400197029114,0.3906337320804596,-0.062092375010252,0.20640027523040771,0.30528324842453003,-0.07549998909235,0.401034414768219,0.37030214071273804,-0.057960059493780136,0.3962857723236084,0.16572466492652893,-0.08587945252656937,0.3979213833808899,0.045329391956329346,-0.10282847285270691,0.4030075967311859,-0.04530295729637146,-0.1119832992553711,0.48110049962997437,0.3787994086742401,-0.05605059489607811,0.5133477449417114,0.17134906351566315,-0.07088261097669601,0.5338753461837769,0.04587724804878235,-0.07874792814254761,0.5503803491592407,-0.04356333613395691,-0.08412385731935501,0.5390756726264954,0.4216564893722534,-0.05512633174657822,0.5699098110198975,0.24757833778858185,-0.06881007552146912,0.5894922614097595,0.14330391585826874,-0.07770176976919174,0.6005029678344727,0.06723365187644958,-0.08392097055912018,0.57883620262146,0.48616960644721985,-0.05589144676923752,0.6169801950454712,0.37930983304977417,-0.06819223612546921,0.6302173137664795,0.30991536378860474,-0.06948120146989822,0.6348145604133606,0.2521921694278717,-0.06823483854532242
0.4127486050128937,0.7749570608139038,4.808898097508063e-07,0.3171026110649109,0.6700410842895508,-0.02573934569954872,0.2606193423271179,0.5301753282546997,-0.04318460449576378,0.2377895712852478,0.4020029902458191,-0.055605486035346985,0.20742011070251465,0.3177230656147003,-0.06795049458742142,0.39801132678985596,0.3873896896839142,-0.05214152857661247,0.39310720562934875,0.18707695603370667,-0.079025499522686,0.39459028840065,0.07055866718292236,-0.09537564963102341,0.39831051230430603,-0.01769554615020752,-0.10384340584278107,0.47721582651138306,0.3936915993690491,-0.052046000957489014,0.5106905698776245,0.18186846375465393,-0.0661146268248558,0.5301918983459473,0.05281868577003479,-0.07368673384189606,0.5446454882621765,-0.03872373700141907,-0.07844395190477371,0.5357123017311096,0.43530893325805664,-0.05293329060077667,0.5676060318946838,0.26100629568099976,-0.06585812568664551,0.5863006711006165,0.15373845398426056,-0.07490451633930206,0.5963063836097717,0.07566601037979126,-0.08091656118631363,0.5766770243644714,0.5000370740890503,-0.05526064336299896,0.6156977415084839,0.39187344908714294,-0.0658477172255516,0.6293233633041382,0.32116106152534485,-0.06614154577255249,0.6343357563018799,0.2623828649520874,-0.06423861533403397
0.4111407399177551,0.7897493839263916,3.991705739281315e-07,0.3142789602279663,0.6838286519050598,-0.026235442608594894,0.2572616934776306,0.5414533019065857,-0.04268777742981911,0.23626826703548431,0.4146479070186615,-0.05445282906293869,0.20663052797317505,0.3327505588531494,-0.06634505093097687,0.39817580580711365,0.39572110772132874,-0.0466046966612339,0.3940850794315338,0.2051783800125122,-0.07132718712091446,0.39604368805885315,0.09222880005836487,-0.08811448514461517,0.4007653295993805,0.006487369537353516,-0.09837150573730469,0.4781278371810913,0.4051937460899353,-0.048351529985666275,0.511000394821167,0.20716100931167603,-0.061134181916713715,0.53086918592453,0.08967512845993042,-0.07033287733793259,0.5477368831634521,0.006355702877044678,-0.07745255529880524,0.5365471839904785,0.44742006063461304,-0.05170315131545067,0.5690872073173523,0.27403610944747925,-0.06608693301677704,0.5871690511703491,0.1685333400964737,-0.07695098966360092,0.5982361435890198,0.09001237154006958,-0.08513927459716797,0.5783376693725586,0.511703372001648,-0.05661897361278534,0.615986168384552,0.4033866822719574,-0.0706188976764679,0.630057692527771,0.3332999050617218,-0.07326168566942215,0.6364684700965881,0.27458029985427856,-0.07344995439052582
0.4100150167942047,0.8001888394355774,4.34976016094879e-07,0.31102728843688965,0.7005249857902527,-0.02995111420750618,0.2541615068912506,0.5635617971420288,-0.048815906047821045,0.23521631956100464,0.43995317816734314,-0.06247367337346077,0.21195565164089203,0.35511013865470886,-0.07582079619169235,0.3968537449836731,0.41557785868644714,-0.05113636329770088,0.39241185784339905,0.22722779214382172,-0.07798076421022415,0.39342987537384033,0.1141902506351471,-0.09684404730796814,0.3971926271915436,0.026776790618896484,-0.10837124288082123,0.4769103527069092,0.42391252517700195,-0.05107935145497322,0.5110149383544922,0.22881323099136353,-0.06473914533853531,0.5317921042442322,0.11169761419296265,-0.07405849546194077,0.5499348640441895,0.028438597917556763,-0.08111762255430222,0.5357051491737366,0.46480581164360046,-0.052962373942136765,0.5671439170837402,0.2924993634223938,-0.06766848266124725,0.5853063464164734,0.1866595447063446,-0.07783065736293793,0.5974276065826416,0.10836225748062134,-0.0851709246635437,0.5779489278793335,0.5275956392288208,-0.056844282895326614,0.6145137548446655,0.41724130511283875,-0.07023362070322037,0.6281827688217163,0.3469450771808624,-0.07163725048303604,0.6345093250274658,0.28897321224212646,-0.07062478363513947
0.4139535427093506,0.8196552991867065,4.68710368295433e-07,0.3134121894836426,0.7168861627578735,-0.035695698112249374,0.25707823038101196,0.5809953808784485,-0.05968617647886276,0.23812170326709747,0.45519328117370605,-0.07768537104129791,0.20982764661312103,0.36786314845085144,-0.09542826563119888,0.39703062176704407,0.43854832649230957,-0.060961466282606125,0.3959461450576782,0.25316429138183594,-0.09303751587867737,0.39863887429237366,0.13934877514839172,-0.11557891964912415,0.4043634831905365,0.05005842447280884,-0.12985068559646606,0.47732865810394287,0.45029497146606445,-0.06132122874259949,0.5097508430480957,0.256267249584198,-0.0815969929099083,0.5313301086425781,0.1369720995426178,-0.09507201611995697,0.5509656667709351,0.04927891492843628,-0.10519006848335266,0.5361650586128235,0.49192842841148376,-0.06397794187068939,0.5676419734954834,0.3193679451942444,-0.08478446304798126,0.5888591408729553,0.21306340396404266,-0.09748756885528564,0.6043142080307007,0.1325499415397644,-0.10630374401807785,0.5799381732940674,0.5530527830123901,-0.06897489726543427,0.615126371383667,0.4385639727115631,-0.0876736268401146,0.6287338137626648,0.3662354052066803,-0.09158160537481308,0.6349570155143738,0.3046523332595825,-0.09230691939592361
0.41714316606521606,0.8398033380508423,5.090312242828077e-07,0.3159085512161255,0.7363826036453247,-0.03218599408864975,0.2625024914741516,0.5997282266616821,-0.05465694144368172,0.24382489919662476,0.4721730649471283,-0.07096587866544724,0.21140769124031067,0.38770949840545654,-0.08742218464612961,0.40070992708206177,0.4594610631465912,-0.06074603646993637,0.4010342061519623,0.2735169231891632,-0.08923066407442093,0.4060457646846771,0.16057607531547546,-0.10855306684970856,0.41395124793052673,0.0720052719116211,-0.12033770978450775,0.4819936454296112,0.4734812378883362,-0.059945110231637955,0.5152083039283752,0.2795729637145996,-0.07675305008888245,0.538763165473938,0.16106274724006653,-0.08697038143873215,0.5602461695671082,0.07514980435371399,-0.09461881965398788,0.5408066511154175,0.5174922943115234,-0.06049983575940132,0.5725445747375488,0.3424544036388397,-0.07846688479185104,0.5941104888916016,0.23484116792678833,-0.09008586406707764,0.6096880435943604,0.15382152795791626,-0.0979752168059349,0.5841923952102661,0.5781216025352478,-0.06261689960956573,0.61970055103302,0.4606221616268158,-0.07802950590848923,0.6341143250465393,0.38645774126052856,-0.08055111765861511,0.641399621963501,0.32362931966781616,-0.08042296767234802
0.423791766166687,0.8601553440093994,5.393205810833024e-07,0.32040297985076904,0.7560712695121765,-0.03377829119563103,0.26702675223350525,0.6221949458122253,-0.05787838250398636,0.2473636418581009,0.49564093351364136,-0.0758131667971611,0.2130909115076065,0.4088440239429474,-0.09328241646289825,0.40553900599479675,0.48063328862190247,-0.060309600085020065,0.40775448083877563,0.2937450408935547,-0.08850715309381485,0.4137180745601654,0.1815304458141327,-0.10775414109230042,0.42361918091773987,0.09407097101211548,-0.11965589970350266,0.48706772923469543,0.49296677112579346,-0.05895013362169266,0.5207035541534424,0.29928165674209595,-0.07546784728765488,0.5458057522773743,0.1833115816116333,-0.08534969389438629,0.5689303278923035,0.10006538033485413,-0.09291277080774307,0.5460942983627319,0.5354141592979431,-0.059255730360746384,0.5778231620788574,0.3611929416656494,-0.07633353024721146,0.5993166565895081,0.2565436363220215,-0.08662044256925583,0.6142681837081909,0.17889779806137085,-0.09387920796871185,0.5899021029472351,0.5950032472610474,-0.0614863820374012,0.6262764930725098,0.47745439410209656,-0.07585452497005463,0.6393998265266418,0.405580997467041,-0.0773160457611084,0.6440756320953369,0.34625813364982605,-0.07652353495359421
0.42472895979881287,0.8753268718719482,5.344537044038589e-07,0.3255133032798767,0.7685559391975403,-0.032034751027822495,0.2709237337112427,0.6354271769523621,-0.05663157254457474,0.2465340495109558,0.5078650116920471,-0.07552603632211685,0.209861621260643,0.41839855909347534,-0.09382516890764236,0.41214242577552795,0.5005435943603516,-0.05922362580895424,0.4155704379081726,0.31058502197265625,-0.08650501817464828,0.4222731590270996,0.19934964179992676,-0.10430877655744553,0.43273472785949707,0.11275774240493774,-0.11522232741117477,0.4916223883628845,0.5123888850212097,-0.058898087590932846,0.5231653451919556,0.3169129192829132,-0.07561861723661423,0.5460039377212524,0.1997605264186859,-0.08570994436740875,0.566571831703186,0.11582031846046448,-0.09359899163246155,0.5483207702636719,0.5531664490699768,-0.06000702455639839,0.5820014476776123,0.37871018052101135,-0.07762186229228973,0.6032688617706299,0.27351516485214233,-0.08912482857704163,0.6160129308700562,0.19562724232673645,-0.0975164994597435,0.5894774198532104,0.6100673675537109,-0.06265086680650711,0.6273603439331055,0.49461960792541504,-0.07824770361185074,0.6408274173736572,0.4217023253440857,-0.08137604594230652,0.6446468830108643,0.3610216975212097,-0.08197201043367386
0.4247402548789978,0.8818511962890625,5.26461633398867e-07,0.3265797793865204,0.776330828666687,-0.03124324046075344,0.27467483282089233,0.6441844701766968,-0.05558117851614952,0.24982225894927979,0.5168399810791016,-0.07454689592123032,0.21122963726520538,0.42611756920814514,-0.0929131731390953,0.4125331938266754,0.5118926763534546,-0.05696525424718857,0.4164728820323944,0.32223331928253174,-0.08256471157073975,0.42309436202049255,0.21276503801345825,-0.09888288378715515,0.43405047059059143,0.12833821773529053,-0.10893275588750839,0.49212175607681274,0.5231833457946777,-0.057108767330646515,0.524497389793396,0.3274686932563782,-0.07268082350492477,0.5469393730163574,0.21067571640014648,-0.0826001763343811,0.5667553544044495,0.12801039218902588,-0.09049050509929657,0.5490344166755676,0.5637736916542053,-0.058606307953596115,0.5839745998382568,0.3892340064048767,-0.07513880729675293,0.6054490804672241,0.2853844165802002,-0.08659962564706802,0.6177560687065125,0.2089388370513916,-0.09523113816976547,0.5904436111450195,0.6206499338150024,-0.06158369407057762,0.6291443705558777,0.5054717659950256,-0.0769011378288269,0.6426965594291687,0.4322132468223572,-0.08042426407337189,0.6460763216018677,0.3714640736579895,-0.08137622475624084
0.42734000086784363,0.889352560043335,5.661016189151269e-07,0.3287256062030792,0.7865897417068481,-0.033971067517995834,0.2765039801597595,0.656213641166687,-0.059757981449365616,0.2514023184776306,0.5279822945594788,-0.07906708866357803,0.21211454272270203,0.4353971481323242,-0.09758102893829346,0.4122180640697479,0.5214287638664246,-0.06294044107198715,0.4162636697292328,0.3280295729637146,-0.08735029399394989,0.4221769869327545,0.21880784630775452,-0.10158970206975937,0.43229347467422485,0.13454437255859375,-0.11020591855049133,0.49301785230636597,0.5316557884216309,-0.060554977506399155,0.5269495844841003,0.33361905813217163,-0.07589098066091537,0.5495426654815674,0.21824124455451965,-0.08460431545972824,0.5690653920173645,0.13654354214668274,-0.09137623012065887,0.550713062286377,0.5705975294113159,-0.05912000313401222,0.5856571197509766,0.39142996072769165,-0.07524922490119934,0.6055905818939209,0.2895479202270508,-0.0858355313539505,0.6166890859603882,0.21448203921318054,-0.0937277227640152,0.5920577049255371,0.625266969203949,-0.05916585028171539,0.6310334205627441,0.5099420547485352,-0.0739448070526123,0.6453736424446106,0.43774858117103577,-0.07727807760238647,0.6504156589508057,0.3772388696670532,-0.07797601073980331
0.42912840843200684,0.8993089199066162,5.647444822898251e-07,0.32870712876319885,0.7952321171760559,-0.03292316943407059,0.27590277791023254,0.6604479551315308,-0.05703867971897125,0.25098344683647156,0.5304330587387085,-0.07409992814064026,0.21319344639778137,0.4363251030445099,-0.09005438536405563,0.4127386510372162,0.5291867852210999,-0.06198731064796448,0.41726890206336975,0.3343450725078583,-0.08392160385847092,0.42227357625961304,0.22514337301254272,-0.09570112079381943,0.43087199330329895,0.14180967211723328,-0.10243120044469833,0.4936028718948364,0.5392286777496338,-0.058137014508247375,0.5285832285881042,0.33819812536239624,-0.07089700549840927,0.5512032508850098,0.22405537962913513,-0.07669148594141006,0.5703352689743042,0.14544892311096191,-0.08103343844413757,0.5513256192207336,0.5778003931045532,-0.05501212924718857,0.5851951837539673,0.394072949886322,-0.06937219947576523,0.6042394638061523,0.29130685329437256,-0.07880845665931702,0.6150476932525635,0.2162393033504486,-0.08568185567855835,0.59283846616745,0.6321560144424438,-0.0530407540500164,0.6303379535675049,0.5146329998970032,-0.06606308370828629,0.6447799205780029,0.4428374171257019,-0.06840944290161133,0.6504092812538147,0.3830345869064331,-0.06830432265996933
0.4327824115753174,0.9072700142860413,5.657310566675733e-07,0.3335786759853363,0.8020082712173462,-0.02912255749106407,0.28075480461120605,0.6671105623245239,-0.05184871703386307,0.25299307703971863,0.5401780009269714,-0.06814407557249069,0.21355699002742767,0.4493234157562256,-0.0834350660443306,0.41378945112228394,0.5359158515930176,-0.06006956472992897,0.41644322872161865,0.33925384283065796,-0.08160809427499771,0.4210628867149353,0.23082709312438965,-0.09228317439556122,0.42961350083351135,0.14809268712997437,-0.09774644672870636,0.49393871426582336,0.546769380569458,-0.057554714381694794,0.5294467806816101,0.34338194131851196,-0.07072693854570389,0.5525738000869751,0.2298545241355896,-0.07556828111410141,0.5721428394317627,0.15112316608428955,-0.07866662740707397,0.5510972142219543,0.5854326486587524,-0.05535835400223732,0.5850893259048462,0.4009034037590027,-0.06963490694761276,0.6043119430541992,0.2987169027328491,-0.07772815972566605,0.6151548027992249,0.22407817840576172,-0.08301509916782379,0.5922513604164124,0.6391247510910034,-0.05394529551267624,0.6292039155960083,0.5175747871398926,-0.06515957415103912,0.643241286277771,0.44620877504348755,-0.06529474258422852,0.6481741666793823,0.38776999711990356,-0.06344996392726898
0.43245717883110046,0.9110344648361206,5.719835485251679e-07,0.33469358086586,0.8045141100883484,-0.029297415167093277,0.28204280138015747,0.6717844009399414,-0.052852384746074677,0.25364604592323303,0.5457387566566467,-0.06969159841537476,0.21511772274971008,0.4557710886001587,-0.08560419827699661,0.41629326343536377,0.5480682849884033,-0.06524658203125,0.41939547657966614,0.349992573261261,-0.08828427642583847,0.4230130910873413,0.2404489815235138,-0.09909792989492416,0.43050482869148254,0.1562652587890625,-0.1043756902217865,0.4962889552116394,0.5571078062057495,-0.06207887455821037,0.531653642654419,0.34978944063186646,-0.07690205425024033,0.5536244511604309,0.23462823033332825,-0.08126543462276459,0.5719599723815918,0.15472137928009033,-0.08395183086395264,0.5529500246047974,0.5932495594024658,-0.058765243738889694,0.5871106386184692,0.40717828273773193,-0.07333244383335114,0.6050001978874207,0.30441054701805115,-0.08031731843948364,0.6137363910675049,0.23030737042427063,-0.08481741696596146,0.5930586457252502,0.6441823840141296,-0.056234750896692276,0.6317267417907715,0.5228196978569031,-0.06739760935306549,0.6452445387840271,0.44992536306381226,-0.06738100945949554,0.6484226584434509,0.39026740193367004,-0.06543644517660141
0.4382900297641754,0.9154396057128906,5.762137789133703e-07,0.33973339200019836,0.8109985589981079,-0.030986787751317024,0.2861328721046448,0.6789282560348511,-0.0555553138256073,0.25613486766815186,0.5506548285484314,-0.07295353710651398,0.21686892211437225,0.4591766595840454,-0.08928076177835464,0.4188385009765625,0.5537844896316528,-0.0676935464143753,0.4217836558818817,0.35238268971443176,-0.0903545469045639,0.4243534803390503,0.2427186667919159,-0.10060285031795502,0.43083998560905457,0.15838617086410522,-0.10556823015213013,0.49926456809043884,0.5613722801208496,-0.06312167644500732,0.5333031415939331,0.3524990379810333,-0.0774972066283226,0.554453432559967,0.23669174313545227,-0.08165299147367477,0.5722023844718933,0.1562659740447998,-0.08425713330507278,0.5560890436172485,0.5964411497116089,-0.05831420421600342,0.588867723941803,0.40826648473739624,-0.07257228344678879,0.6057976484298706,0.30576977133750916,-0.08004795759916306,0.61390620470047,0.23202380537986755,-0.08501513302326202,0.5963976979255676,0.6464629769325256,-0.05431818962097168,0.6337523460388184,0.527515172958374,-0.06551022827625275,0.6467549800872803,0.45584288239479065,-0.06618295609951019,0.65000319480896,0.39676767587661743,-0.06473064422607422
0.4383854866027832,0.9137346744537354,5.886703888791089e-07,0.3410765528678894,0.8106096982955933,-0.03162449225783348,0.2864855229854584,0.68057781457901,-0.0570841021835804,0.25707483291625977,0.5528232455253601,-0.07513164728879929,0.21905376017093658,0.46125122904777527,-0.09217876940965652,0.41916894912719727,0.5584380626678467,-0.07174360752105713,0.4212647080421448,0.3563886284828186,-0.09522988647222519,0.4239426255226135,0.2468532919883728,-0.10536283999681473,0.4310203790664673,0.16271871328353882,-0.11014216393232346,0.499144971370697,0.5646421313285828,-0.06701381504535675,0.5329163074493408,0.35482484102249146,-0.08251047879457474,0.5541665554046631,0.23868125677108765,-0.08661214262247086,0.5725006461143494,0.15779417753219604,-0.08917242288589478,0.5559180974960327,0.5981506109237671,-0.061855748295784,0.5890382528305054,0.40898042917251587,-0.07715050876140594,0.6064333319664001,0.3057311177253723,-0.08482926338911057,0.6152932643890381,0.23102939128875732,-0.08995089679956436,0.5962976217269897,0.647087037563324,-0.05745500698685646,0.6355116367340088,0.5277664065361023,-0.06954208016395569,0.649667501449585,0.4559495449066162,-0.07075841724872589,0.6543132066726685,0.3961561918258667,-0.06974466890096664
0.43823879957199097,0.9112567901611328,5.87600425205892e-07,0.3402790129184723,0.8089554905891418,-0.032656677067279816,0.2846372723579407,0.6805663704872131,-0.05864322558045387,0.25685811042785645,0.5537784099578857,-0.07741779088973999,0.22028499841690063,0.4601915776729584,-0.09520821273326874,0.4183233976364136,0.5565595030784607,-0.07174335420131683,0.42107656598091125,0.3561035394668579,-0.09547923505306244,0.4231365919113159,0.2472418248653412,-0.10630318522453308,0.4293564558029175,0.16273844242095947,-0.11198366433382034,0.49862179160118103,0.5625633001327515,-0.06786332279443741,0.5303951501846313,0.35324931144714355,-0.08336817473173141,0.5512570738792419,0.2353396713733673,-0.08881063759326935,0.5694277882575989,0.1529223918914795,-0.09292316436767578,0.5559792518615723,0.5965075492858887,-0.06385999172925949,0.5885984897613525,0.40731722116470337,-0.07957445830106735,0.605495274066925,0.3039228320121765,-0.08899661898612976,0.6135766506195068,0.22932741045951843,-0.09595262259244919,0.597145140171051,0.6462347507476807,-0.06081167608499527,0.637006402015686,0.5295758247375488,-0.07503670454025269,0.6506010293960571,0.45620039105415344,-0.07887513190507889,0.6544865369796753,0.39429640769958496,-0.07991812378168106
0.43557000160217285,0.9101892709732056,5.805710543427267e-07,0.33919405937194824,0.8063674569129944,-0.0333097018301487,0.28545328974723816,0.6768321990966797,-0.05915828049182892,0.2579419016838074,0.5505546927452087,-0.07846156507730484,0.2217649221420288,0.4572533667087555,-0.09712290018796921,0.4174766540527344,0.5551565885543823,-0.06925374269485474,0.41866496205329895,0.3572830855846405,-0.09552152454853058,0.4205073118209839,0.2476586401462555,-0.10921727120876312,0.42699703574180603,0.16143476963043213,-0.11733850836753845,0.4971387982368469,0.560799777507782,-0.06719420105218887,0.5262327194213867,0.35335788130760193,-0.08561564236879349,0.5464669466018677,0.2332012951374054,-0.09462527185678482,0.5646196603775024,0.14723005890846252,-0.10145960748195648,0.5545278191566467,0.5963567495346069,-0.06553850322961807,0.5862834453582764,0.40721917152404785,-0.08506625145673752,0.6033535599708557,0.30240580439567566,-0.09730802476406097,0.6122440099716187,0.22532036900520325,-0.10602772980928421,0.5958980917930603,0.6488264203071594,-0.06496226787567139,0.637189507484436,0.5338594317436218,-0.0834537073969841,0.6511327028274536,0.45873236656188965,-0.09009513258934021,0.6561070084571838,0.3941478133201599,-0.09299411624670029
0.43799665570259094,0.9017574787139893,5.629821089314646e-07,0.34445661306381226,0.7980072498321533,-0.031638357788324356,0.28812599182128906,0.6693108081817627,-0.05774261802434921,0.25833216309547424,0.5459359288215637,-0.07840947806835175,0.2223694622516632,0.4549930691719055,-0.09877297282218933,0.41664984822273254,0.5504211187362671,-0.06609059870243073,0.4140298068523407,0.35486847162246704,-0.09438617527484894,0.41413414478302,0.24514156579971313,-0.11029860377311707,0.41992664337158203,0.15938568115234375,-0.11990660429000854,0.4946659505367279,0.5577436089515686,-0.0676264539361,0.5222865343093872,0.3504946529865265,-0.08765173703432083,0.5407915711402893,0.2279781699180603,-0.09935459494590759,0.5572469234466553,0.13973307609558105,-0.10809562355279922,0.5527561902999878,0.5933837890625,-0.07000739872455597,0.5840014219284058,0.4055217504501343,-0.09129279106855392,0.6013866066932678,0.29662173986434937,-0.1063457578420639,0.6109186410903931,0.21408811211585999,-0.11713778972625732,0.596848726272583,0.6450803279876709,-0.07346130907535553,0.6395584344863892,0.5289832353591919,-0.09426181763410568,0.6557495594024658,0.4515303373336792,-0.1027139276266098,0.6633880138397217,0.3834495544433594,-0.1069200336933136
0.43479493260383606,0.889862060546875,5.764032380284334e-07,0.3440912961959839,0.787136435508728,-0.0296847652643919,0.28781068325042725,0.6617679595947266,-0.057718973606824875,0.2582642436027527,0.5409550666809082,-0.08064313232898712,0.22517205774784088,0.450204074382782,-0.10407017916440964,0.41064873337745667,0.5501245856285095,-0.07579100877046585,0.40823304653167725,0.35376670956611633,-0.10925200581550598,0.40771448612213135,0.24253466725349426,-0.12736886739730835,0.41242775321006775,0.1560453474521637,-0.13754107058048248,0.48748403787612915,0.5610601305961609,-0.0791744738817215,0.5168878436088562,0.35102713108062744,-0.10360948741436005,0.5365796685218811,0.22603365778923035,-0.11586293578147888,0.5541765689849854,0.13483434915542603,-0.1245659738779068,0.5476996302604675,0.5981044769287109,-0.08272938430309296,0.5827263593673706,0.40595465898513794,-0.1077209860086441,0.6032666563987732,0.2950330376625061,-0.12237070500850677,0.6147351861000061,0.21090376377105713,-0.13200725615024567,0.5963506102561951,0.6505822539329529,-0.08681491017341614,0.6438432335853577,0.5271428227424622,-0.10972294956445694,0.662406861782074,0.44778645038604736,-0.117148756980896,0.6702893376350403,0.37852293252944946,-0.12004110217094421
0.43365049362182617,0.8823473453521729,6.115031396802806e-07,0.34398096799850464,0.7823299169540405,-0.03211217746138573,0.2873622179031372,0.6598328351974487,-0.0624675489962101,0.25954335927963257,0.5387936234474182,-0.08717847615480423,0.2306298315525055,0.4449547529220581,-0.11268021166324615,0.4050212800502777,0.5521153807640076,-0.08422771841287613,0.40308907628059387,0.35579293966293335,-0.12180142849683762,0.4031994938850403,0.24416065216064453,-0.1415995955467224,0.40737295150756836,0.15687167644500732,-0.1525205373764038,0.48188334703445435,0.5637315511703491,-0.08780824393033981,0.5121493935585022,0.352544903755188,-0.11704382300376892,0.5314456820487976,0.22496530413627625,-0.13201792538166046,0.5479834675788879,0.12956228852272034,-0.14222587645053864,0.5437203645706177,0.6012452244758606,-0.09141600877046585,0.5796300172805786,0.40921705961227417,-0.12120064347982407,0.6019266247749329,0.2940322160720825,-0.13858741521835327,0.6146370768547058,0.20526903867721558,-0.14951565861701965,0.5944281220436096,0.6551563143730164,-0.09538077563047409,0.6452280282974243,0.5304715633392334,-0.1222735345363617,0.6678372621536255,0.4494939148426056,-0.13189712166786194,0.6788793802261353,0.37789061665534973,-0.13602566719055176
0.4332157075405121,0.8753679990768433,6.444145697059867e-07,0.3464217185974121,0.7742323875427246,-0.030475256964564323,0.2893114984035492,0.6529545783996582,-0.06027129292488098,0.2594618797302246,0.5342037081718445,-0.08486197143793106,0.2341388463973999,0.441677451133728,-0.11036081612110138,0.4028187394142151,0.5508242845535278,-0.08414112776517868,0.40082329511642456,0.35515621304512024,-0.12296827137470245,0.4012373387813568,0.2449144721031189,-0.14319711923599243,0.4059258997440338,0.1583603322505951,-0.15425905585289001,0.4791061282157898,0.5633442997932434,-0.08890631794929504,0.5097776055335999,0.3527672588825226,-0.1196071058511734,0.5290959477424622,0.22468873858451843,-0.13513992726802826,0.5455877780914307,0.12865686416625977,-0.14536654949188232,0.5414738655090332,0.6009370684623718,-0.09363836795091629,0.5776801705360413,0.41031894087791443,-0.12453386932611465,0.5998069643974304,0.2943013608455658,-0.14209385216236115,0.6128383278846741,0.20409643650054932,-0.15278612077236176,0.5933343172073364,0.6552323698997498,-0.09855666011571884,0.6439720392227173,0.5328454971313477,-0.12611305713653564,0.6666656732559204,0.4523943066596985,-0.13581444323062897,0.6783685088157654,0.38076138496398926,-0.1397767961025238
0.43312492966651917,0.8710587620735168,6.582558285117557e-07,0.34655308723449707,0.7704464197158813,-0.032166026532649994,0.28917133808135986,0.6520653963088989,-0.06426650285720825,0.2575032711029053,0.534281313419342,-0.09087591618299484,0.23273317515850067,0.4399930536746979,-0.11819634586572647,0.4005930423736572,0.5515502691268921,-0.08885674178600311,0.39953118562698364,0.3554261326789856,-0.13072200119495392,0.39897701144218445,0.24390074610710144,-0.15292344987392426,0.40241485834121704,0.1563304364681244,-0.16496342420578003,0.47632721066474915,0.5640298128128052,-0.09342487156391144,0.5072497129440308,0.3536999821662903,-0.12591175734996796,0.5269646644592285,0.22458112239837646,-0.1420011818408966,0.5436776876449585,0.12738999724388123,-0.1526041179895401,0.5392404198646545,0.6006425023078918,-0.09801129251718521,0.577464759349823,0.4094681143760681,-0.12982068955898285,0.6022688746452332,0.29411399364471436,-0.14660286903381348,0.6179153919219971,0.20441800355911255,-0.15668930113315582,0.5916411876678467,0.6537573337554932,-0.10295788943767548,0.642914891242981,0.5304288268089294,-0.1310630738735199,0.6663457751274109,0.4504508078098297,-0.1401168406009674,0.6790263652801514,0.37926965951919556,-0.14342688024044037
0.43167293071746826,0.8679910898208618,6.548761461999675e-07,0.34665802121162415,0.767817497253418,-0.02998514287173748,0.2898675799369812,0.6493743658065796,-0.060781389474868774,0.25959011912345886,0.5335752964019775,-0.08678507059812546,0.23298068344593048,0.4412810504436493,-0.11376858502626419,0.39876851439476013,0.5492603778839111,-0.0862613394856453,0.39591851830482483,0.35394781827926636,-0.1275995820760727,0.3937562108039856,0.24301278591156006,-0.14970719814300537,0.39512115716934204,0.15465039014816284,-0.16208603978157043,0.4733492434024811,0.5637010335922241,-0.09291382879018784,0.5035446286201477,0.3559921383857727,-0.1262844055891037,0.5229493379592896,0.22787323594093323,-0.14363868534564972,0.5399419665336609,0.12972962856292725,-0.15526098012924194,0.535888135433197,0.601959764957428,-0.09951568394899368,0.5752648711204529,0.41169092059135437,-0.13311263918876648,0.6015218496322632,0.2957448363304138,-0.1512010395526886,0.6190555691719055,0.2035856544971466,-0.16214510798454285,0.588496744632721,0.6560231447219849,-0.10620088875293732,0.6415162086486816,0.5318455696105957,-0.1363130658864975,0.665962278842926,0.4516999125480652,-0.1462811827659607,0.679905891418457,0.3790287971496582,-0.15029104053974152
0.4292092025279999,0.8693286180496216,6.943793096070294e-07,0.34376439452171326,0.7672630548477173,-0.032333165407180786,0.28673720359802246,0.6493184566497803,-0.06513938307762146,0.2543490529060364,0.5350720286369324,-0.0927976593375206,0.22819532454013824,0.4418990910053253,-0.12164093554019928,0.3965173363685608,0.5503175854682922,-0.09029831737279892,0.3944968581199646,0.3573855757713318,-0.13403749465942383,0.3932206630706787,0.24587616324424744,-0.15800374746322632,0.3957245647907257,0.1561182141304016,-0.17174063622951508,0.4707549810409546,0.5663716197013855,-0.09653577208518982,0.5034513473510742,0.360709011554718,-0.13232584297657013,0.5231720209121704,0.23222053050994873,-0.1511870175600052,0.5396155714988708,0.13184106349945068,-0.16392500698566437,0.5326734185218811,0.6056199669837952,-0.10284865647554398,0.574416995048523,0.4151616096496582,-0.13881291449069977,0.6009318232536316,0.29872119426727295,-0.1582842469215393,0.6177213788032532,0.20418432354927063,-0.17002177238464355,0.5844590067863464,0.6603977680206299,-0.10928096622228622,0.639744758605957,0.5351034998893738,-0.14121168851852417,0.6642068028450012,0.45544642210006714,-0.15215639770030975,0.6771763563156128,0.38200774788856506,-0.15690486133098602
0.4256192445755005,0.8663807511329651,6.910968295414932e-07,0.34215256571769714,0.7647489905357361,-0.028630929067730904,0.2861638069152832,0.6450566053390503,-0.05926751717925072,0.25450295209884644,0.5317335724830627,-0.08543765544891357,0.22898606956005096,0.4426082968711853,-0.11324521154165268,0.39364176988601685,0.5477400422096252,-0.08761231601238251,0.3928928077220917,0.35303688049316406,-0.1300826221704483,0.3919456899166107,0.24160975217819214,-0.15299470722675323,0.3943008482456207,0.15259107947349548,-0.16623930633068085,0.46736446022987366,0.5645851492881775,-0.095908023416996,0.5010742545127869,0.3573174476623535,-0.1310144066810608,0.5213162302970886,0.22973492741584778,-0.1495903730392456,0.5375617742538452,0.1310378909111023,-0.1620933711528778,0.5295161008834839,0.6052356958389282,-0.10396499186754227,0.5735337734222412,0.4121655821800232,-0.139766663312912,0.5999295711517334,0.29674455523490906,-0.15974248945713043,0.6162666082382202,0.2029898762702942,-0.17188668251037598,0.5817742347717285,0.6617646813392639,-0.11176729202270508,0.6382227540016174,0.5370563268661499,-0.14476799964904785,0.6625121831893921,0.456423282623291,-0.15688732266426086,0.6750850677490234,0.3813108801841736,-0.16239142417907715
0.4249763786792755,0.870275616645813,6.853966851849691e-07,0.3414560556411743,0.7672302722930908,-0.027766117826104164,0.2860349118709564,0.6442852020263672,-0.057407766580581665,0.25617530941963196,0.5278111100196838,-0.08263442665338516,0.23050512373447418,0.44038501381874084,-0.10970155894756317,0.3913348615169525,0.5490131378173828,-0.08844254165887833,0.3911841809749603,0.35305145382881165,-0.13051393628120422,0.39145010709762573,0.24066922068595886,-0.15251126885414124,0.39403238892555237,0.15123140811920166,-0.1650371104478836,0.464551717042923,0.5663214921951294,-0.09709499031305313,0.4979506731033325,0.358660489320755,-0.13314570486545563,0.5180217027664185,0.22876986861228943,-0.1518990695476532,0.5340983867645264,0.12824085354804993,-0.164262592792511,0.5269816517829895,0.6073228120803833,-0.10520705580711365,0.5706849694252014,0.4141773581504822,-0.1420309692621231,0.5972911715507507,0.29518923163414,-0.16296471655368805,0.6141440868377686,0.19902297854423523,-0.17553500831127167,0.5798603892326355,0.6641668081283569,-0.11283793300390244,0.6367568373680115,0.5382205843925476,-0.14648085832595825,0.6619932055473328,0.4565393924713135,-0.15905404090881348,0.676052451133728,0.3814029097557068,-0.16481642425060272
0.42346489429473877,0.8694132566452026,6.918741064509959e-07,0.33994007110595703,0.7652291059494019,-0.025171004235744476,0.284464955329895,0.6437190175056458,-0.05368573218584061,0.2530874013900757,0.5296733975410461,-0.07843390852212906,0.22656236588954926,0.44315415620803833,-0.10502481460571289,0.39068180322647095,0.5484218597412109,-0.08315509557723999,0.390828400850296,0.35196107625961304,-0.12268968671560287,0.39111584424972534,0.24005839228630066,-0.14297345280647278,0.3941226303577423,0.15158876776695251,-0.1544329971075058,0.4645770788192749,0.5656048059463501,-0.09265225380659103,0.4970274865627289,0.35793745517730713,-0.12615472078323364,0.516650378704071,0.22923937439918518,-0.1435866355895996,0.532605767250061,0.13067474961280823,-0.1551910787820816,0.527489185333252,0.6060124039649963,-0.10156701505184174,0.5701299905776978,0.41272491216659546,-0.13619112968444824,0.5957779288291931,0.29531294107437134,-0.1557643860578537,0.6116684675216675,0.20041218400001526,-0.16772036254405975,0.5803573727607727,0.6617435812950134,-0.10987718403339386,0.6367391347885132,0.5361412167549133,-0.1416713148355484,0.6615869998931885,0.45503759384155273,-0.15305987000465393,0.67489093542099,0.3800199031829834,-0.1581975519657135
0.42348310351371765,0.8706340193748474,6.734604767189012e-07,0.3403620719909668,0.7652960419654846,-0.024381088092923164,0.2847476601600647,0.6418008208274841,-0.05225181579589844,0.25407928228378296,0.5262286067008972,-0.07626232504844666,0.2286776900291443,0.4402296245098114,-0.10221105068922043,0.3911416530609131,0.5507688522338867,-0.08531883358955383,0.3907628059387207,0.3524130880832672,-0.12482473999261856,0.3912214934825897,0.24010470509529114,-0.14440765976905823,0.3940374255180359,0.15133580565452576,-0.15533225238323212,0.4647865891456604,0.5672410726547241,-0.09486991167068481,0.4967597424983978,0.35811370611190796,-0.1288139522075653,0.5165742635726929,0.22851645946502686,-0.14583100378513336,0.5326327085494995,0.1292515993118286,-0.1570986807346344,0.52756267786026,0.6073712706565857,-0.10351211577653885,0.5698294043540955,0.4125811457633972,-0.13882745802402496,0.5957331657409668,0.29490500688552856,-0.15861444175243378,0.6118118762969971,0.20014896988868713,-0.17053215205669403,0.5803419947624207,0.6629765629768372,-0.1113269180059433,0.6366974115371704,0.5364105701446533,-0.14388726651668549,0.6616357564926147,0.4546150863170624,-0.15576684474945068,0.6753225326538086,0.37927404046058655,-0.16116148233413696
0.42171651124954224,0.8720431923866272,6.63718196847185e-07,0.33957377076148987,0.7671785354614258,-0.02562410570681095,0.28452402353286743,0.6435743570327759,-0.05385108292102814,0.2557467520236969,0.5269559025764465,-0.07784643769264221,0.23229855298995972,0.43961596488952637,-0.10372515022754669,0.39194193482398987,0.5520572066307068,-0.08703674376010895,0.3919203281402588,0.35423189401626587,-0.12645584344863892,0.3927323818206787,0.24210071563720703,-0.1457851380109787,0.3960401117801666,0.15349823236465454,-0.15664154291152954,0.46556854248046875,0.5686772465705872,-0.09586289525032043,0.49717435240745544,0.3601404130458832,-0.1300535351037979,0.5170860886573792,0.23085153102874756,-0.1472325623035431,0.5333831310272217,0.13146701455116272,-0.1587643176317215,0.5280687808990479,0.6089504957199097,-0.10380413383245468,0.5700695514678955,0.41469907760620117,-0.13971562683582306,0.5963024497032166,0.2966921925544739,-0.16020914912223816,0.6126189827919006,0.20158681273460388,-0.1727195382118225,0.5804557204246521,0.6646747589111328,-0.11094041168689728,0.6365227699279785,0.5381991863250732,-0.14445540308952332,0.6618381142616272,0.4565045237541199,-0.15733882784843445,0.6760253310203552,0.38129496574401855,-0.16351422667503357
0.42333176732063293,0.8726801872253418,6.700500421175093e-07,0.34126338362693787,0.7680875658988953,-0.025888044387102127,0.28531694412231445,0.6451169848442078,-0.05455312132835388,0.2551904320716858,0.5281291604042053,-0.0788758173584938,0.23300263285636902,0.44063660502433777,-0.10492614656686783,0.39214712381362915,0.5548655986785889,-0.08846358209848404,0.3930598795413971,0.3556100130081177,-0.12906914949417114,0.3944060802459717,0.2424415946006775,-0.14902058243751526,0.39784058928489685,0.15319323539733887,-0.16001543402671814,0.4656932055950165,0.5715232491493225,-0.0970044732093811,0.49881255626678467,0.36152464151382446,-0.13255642354488373,0.5190115571022034,0.23096758127212524,-0.15008778870105743,0.5348471403121948,0.13012894988059998,-0.16142533719539642,0.5279183387756348,0.6114820241928101,-0.10460849106311798,0.5707154273986816,0.41757917404174805,-0.14118149876594543,0.5976697206497192,0.2994636595249176,-0.16181032359600067,0.6140908002853394,0.20423126220703125,-0.17398421466350555,0.5799894332885742,0.666981041431427,-0.11140093952417374,0.6362875699996948,0.5412895083427429,-0.14459551870822906,0.6614499688148499,0.4600215554237366,-0.15709362924098969,0.6749262809753418,0.385430246591568,-0.16276998817920685
0.4245738387107849,0.8738878965377808,6.803146561651374e-07,0.3413728177547455,0.7712401151657104,-0.027721870690584183,0.2850995659828186,0.6484661102294922,-0.05679525062441826,0.2540181577205658,0.5314957499504089,-0.08132835477590561,0.22744618356227875,0.44406700134277344,-0.10738350450992584,0.3931266963481903,0.5557813048362732,-0.08621849864721298,0.39301684498786926,0.35714131593704224,-0.12551254034042358,0.39379146695137024,0.24423551559448242,-0.14510321617126465,0.3978007435798645,0.15561625361442566,-0.15609675645828247,0.467894971370697,0.5715262293815613,-0.09401626884937286,0.49915510416030884,0.36203867197036743,-0.1278463453054428,0.5188466310501099,0.23268923163414001,-0.14481380581855774,0.5348749160766602,0.13429638743400574,-0.15593281388282776,0.5307443737983704,0.6110795140266418,-0.10129260271787643,0.5723064541816711,0.4172768294811249,-0.13662469387054443,0.5979311466217041,0.30024901032447815,-0.15654298663139343,0.6136483550071716,0.20654845237731934,-0.1684139370918274,0.5831037163734436,0.6661397814750671,-0.10805509984493256,0.638372540473938,0.541441023349762,-0.14050181210041046,0.6623835563659668,0.46064695715904236,-0.1526779979467392,0.6747213006019592,0.38677406311035156,-0.15821295976638794
0.42388707399368286,0.8800550699234009,6.948225177438871e-07,0.3402278423309326,0.7765488624572754,-0.03124522604048252,0.28290069103240967,0.6544598340988159,-0.06252908706665039,0.2512580454349518,0.5368319153785706,-0.08839026093482971,0.22653703391551971,0.4453597068786621,-0.11519088596105576,0.3925628066062927,0.5599223971366882,-0.09097862243652344,0.39374396204948425,0.36095792055130005,-0.1311006397008896,0.3946492075920105,0.2473260760307312,-0.15054382383823395,0.3984629511833191,0.15845465660095215,-0.16127413511276245,0.4672636389732361,0.5757839679718018,-0.09672705829143524,0.49929559230804443,0.36651840806007385,-0.13204506039619446,0.5191546678543091,0.23623374104499817,-0.14923159778118134,0.5352637767791748,0.1360541582107544,-0.16038914024829865,0.5298860669136047,0.614653468132019,-0.1020197793841362,0.5726390480995178,0.4212026298046112,-0.13838410377502441,0.5994733572006226,0.3037815988063812,-0.15831895172595978,0.6157658100128174,0.20942068099975586,-0.17001940310001373,0.5823512077331543,0.6690425872802734,-0.10700002312660217,0.6387072801589966,0.5443044900894165,-0.13956446945667267,0.6628153920173645,0.4640173614025116,-0.15174898505210876,0.674924373626709,0.39043092727661133,-0.15728759765625
0.420751690864563,0.8838412761688232,6.962809493415989e-07,0.3370721936225891,0.7810264229774475,-0.03378446027636528,0.2805342972278595,0.6609169840812683,-0.06648894399404526,0.24947530031204224,0.5441126227378845,-0.09333747625350952,0.22315804660320282,0.45324933528900146,-0.12113550305366516,0.3927518427371979,0.5641658306121826,-0.09257741272449493,0.39268630743026733,0.3667280673980713,-0.13326503336429596,0.39318957924842834,0.25298386812210083,-0.15371116995811462,0.3970545530319214,0.163556307554245,-0.1653294861316681,0.4680330455303192,0.5789790749549866,-0.09705813974142075,0.49885690212249756,0.37061089277267456,-0.13169196248054504,0.519062876701355,0.24118033051490784,-0.14884141087532043,0.5358892679214478,0.1418125331401825,-0.16045650839805603,0.5302684307098389,0.6176618933677673,-0.10138221830129623,0.5710418820381165,0.4254460334777832,-0.1371716856956482,0.5971234440803528,0.30882713198661804,-0.1573076993227005,0.6129451990127563,0.21542426943778992,-0.169577494263649,0.5824102163314819,0.6720436811447144,-0.1057133823633194,0.6373147964477539,0.548597514629364,-0.13806481659412384,0.6609565019607544,0.4684903919696808,-0.1508815437555313,0.6727625131607056,0.3948059678077698,-0.1572045534849167
0.4213312268257141,0.8912290334701538,6.902296263433527e-07,0.3361856937408447,0.7889878153800964,-0.03493909537792206,0.2798526883125305,0.6685206294059753,-0.06869219988584518,0.2496452033519745,0.5507545471191406,-0.09623602777719498,0.22127622365951538,0.4573816955089569,-0.1248248815536499,0.3906990885734558,0.5697855949401855,-0.09527686983346939,0.39027342200279236,0.3721863031387329,-0.1373426616191864,0.38992780447006226,0.2577977478504181,-0.15874110162258148,0.3928951025009155,0.16752463579177856,-0.1709517538547516,0.46721547842025757,0.5839293003082275,-0.09951148927211761,0.4982837438583374,0.375894695520401,-0.13565412163734436,0.517864465713501,0.2452201247215271,-0.1541280895471573,0.5335794687271118,0.14418700337409973,-0.16655179858207703,0.5297531485557556,0.6227132678031921,-0.1035374328494072,0.5690008401870728,0.4320301115512848,-0.14047594368457794,0.5940436124801636,0.313470721244812,-0.16173693537712097,0.6090019941329956,0.2181643545627594,-0.1747102290391922,0.5814110040664673,0.6769183874130249,-0.10751698166131973,0.6353533864021301,0.55368971824646,-0.1405770629644394,0.6585798859596252,0.4736417531967163,-0.15383344888687134,0.6699978709220886,0.4000324010848999,-0.16039834916591644
0.42142659425735474,0.8945428729057312,7.012515652604634e-07,0.33593541383743286,0.7924214601516724,-0.034907206892967224,0.27851402759552,0.6749412417411804,-0.06919293105602264,0.24724820256233215,0.5584179162979126,-0.09744413197040558,0.21877023577690125,0.4660002887248993,-0.12658143043518066,0.3882870078086853,0.578011691570282,-0.09488070011138916,0.3881007730960846,0.3818683624267578,-0.1376459300518036,0.3875698745250702,0.266946405172348,-0.15979541838169098,0.3902357816696167,0.17683786153793335,-0.17235654592514038,0.46517181396484375,0.5906195640563965,-0.09929118305444717,0.4967590570449829,0.38371652364730835,-0.13536709547042847,0.5162123441696167,0.2528243064880371,-0.15369468927383423,0.5318058729171753,0.15255284309387207,-0.16596508026123047,0.5285601615905762,0.6271394491195679,-0.1035798043012619,0.5671519041061401,0.43690967559814453,-0.13990385830402374,0.5915935039520264,0.3187885284423828,-0.16001485288143158,0.6060183048248291,0.22505030035972595,-0.1722339242696762,0.5810136795043945,0.6793389320373535,-0.10800463706254959,0.6341425776481628,0.5587954521179199,-0.1401398777961731,0.6572699546813965,0.47938641905784607,-0.15224598348140717,0.6683792471885681,0.4072560667991638,-0.15790951251983643
0.4188614785671234,0.8947102427482605,6.660500275756931e-07,0.3351307213306427,0.7937310338020325,-0.028808211907744408,0.27917900681495667,0.6758689880371094,-0.05937860533595085,0.2485845535993576,0.5615002512931824,-0.08481090515851974,0.2205829918384552,0.4715043604373932,-0.11138992011547089,0.38707736134529114,0.5785231590270996,-0.08727194368839264,0.3875861167907715,0.3834206163883209,-0.1264435350894928,0.38778579235076904,0.27030718326568604,-0.14619088172912598,0.3912147581577301,0.18240773677825928,-0.15721867978572845,0.4636072516441345,0.5929012298583984,-0.09338953346014023,0.4946771264076233,0.38740357756614685,-0.1252272129058838,0.5146529674530029,0.2596151530742645,-0.14104071259498596,0.5311217308044434,0.1632351279258728,-0.15182657539844513,0.5272852182388306,0.6307118535041809,-0.09892771393060684,0.5663976073265076,0.44006189703941345,-0.13185006380081177,0.5901486277580261,0.3244897127151489,-0.1498640775680542,0.6042879223823547,0.2325720489025116,-0.1610560566186905,0.580273449420929,0.6846317052841187,-0.10411850363016129,0.6333509087562561,0.5654356479644775,-0.13425084948539734,0.655538022518158,0.48692959547042847,-0.14490920305252075,0.6659024953842163,0.41509562730789185,-0.14960947632789612
0.4177192747592926,0.9026220440864563,6.479694434347039e-07,0.3372792601585388,0.7973501682281494,-0.023997319862246513,0.2823115289211273,0.6770802140235901,-0.05237201228737831,0.2527614235877991,0.5644791722297668,-0.07649853080511093,0.22895458340644836,0.4745599031448364,-0.10200105607509613,0.3854839503765106,0.58299720287323,-0.08479399979114532,0.3877072334289551,0.38821542263031006,-0.12514613568782806,0.38856756687164307,0.27522534132003784,-0.14548440277576447,0.39176225662231445,0.18738657236099243,-0.1565573662519455,0.46039116382598877,0.5988010168075562,-0.09326351433992386,0.4933515191078186,0.39466753602027893,-0.12673544883728027,0.5146339535713196,0.2674524486064911,-0.1430743932723999,0.5316785573959351,0.1717241406440735,-0.15370507538318634,0.5238056778907776,0.638087809085846,-0.10080144554376602,0.5653870701789856,0.4492512345314026,-0.13481579720973969,0.5915568470954895,0.3339347243309021,-0.15274561941623688,0.6079501509666443,0.2416439652442932,-0.1634533554315567,0.5769118666648865,0.6939568519592285,-0.1075359359383583,0.631568968296051,0.5733752250671387,-0.13815326988697052,0.6555189490318298,0.4947068989276886,-0.14831356704235077,0.6684244871139526,0.42215946316719055,-0.15237756073474884
0.4189133942127228,0.9068551659584045,6.502731935142947e-07,0.3405250906944275,0.7990478873252869,-0.019674520939588547,0.28816258907318115,0.6766185760498047,-0.044376078993082047,0.2652548849582672,0.5626224279403687,-0.06587017327547073,0.2497660368680954,0.4729699194431305,-0.08890525996685028,0.3852509558200836,0.5885103940963745,-0.07830660790205002,0.39241957664489746,0.3953810930252075,-0.1179378405213356,0.39543038606643677,0.2846681475639343,-0.1378280371427536,0.3990428149700165,0.1989079713821411,-0.14839187264442444,0.45724040269851685,0.6072221398353577,-0.0893365815281868,0.4925086200237274,0.4030410349369049,-0.12266843020915985,0.5151456594467163,0.27557840943336487,-0.13919155299663544,0.5333346724510193,0.180077463388443,-0.14954884350299835,0.5197241306304932,0.6475952863693237,-0.09951027482748032,0.5626671314239502,0.4611967206001282,-0.13432390987873077,0.5906825065612793,0.34524205327033997,-0.1527751088142395,0.6099655032157898,0.25195565819740295,-0.16328954696655273,0.5737860202789307,0.7035630345344543,-0.10853785276412964,0.6300584673881531,0.5829552412033081,-0.13944226503372192,0.6577290892601013,0.504926860332489,-0.1491170972585678,0.676351010799408,0.43404901027679443,-0.15258488059043884
0.410740464925766,0.9138754606246948,6.49792013973638e-07,0.3450404703617096,0.8029942512512207,-0.010246165096759796,0.3082219064235687,0.6826493144035339,-0.02935762330889702,0.2931020259857178,0.5751111507415771,-0.04721828177571297,0.278667151927948,0.49211570620536804,-0.06719321757555008,0.3937573730945587,0.5872357487678528,-0.06465604156255722,0.40042632818222046,0.39998024702072144,-0.10079138725996017,0.4047592580318451,0.29202497005462646,-0.11956896632909775,0.40737399458885193,0.20794257521629333,-0.129085510969162,0.4589242935180664,0.6081054210662842,-0.0790558010339737,0.49680930376052856,0.40670955181121826,-0.1093636304140091,0.5207082629203796,0.2807985842227936,-0.12566950917243958,0.5385915040969849,0.18456435203552246,-0.1352265477180481,0.5161119103431702,0.6509764194488525,-0.09194689989089966,0.5615881681442261,0.4686203896999359,-0.12437961250543594,0.5919838547706604,0.35168635845184326,-0.14317686855793,0.6134759783744812,0.258070170879364,-0.1535065770149231,0.5661619901657104,0.7095122337341309,-0.10292034596204758,0.6260096430778503,0.5920204520225525,-0.1307283192873001,0.6591443419456482,0.5166680812835693,-0.13823021948337555,0.6832367181777954,0.44902801513671875,-0.13996882736682892
0.40499192476272583,0.9282386302947998,6.254405207073432e-07,0.34599900245666504,0.813748836517334,-0.0035810049157589674,0.31886857748031616,0.6902701258659363,-0.019488509744405746,0.3131701350212097,0.5875238180160522,-0.035371072590351105,0.3075045347213745,0.5078288316726685,-0.054377563297748566,0.397643119096756,0.586373507976532,-0.06016163155436516,0.41599708795547485,0.4042679965496063,-0.09648485481739044,0.42418718338012695,0.29788845777511597,-0.11601407080888748,0.42575663328170776,0.21408528089523315,-0.12646080553531647,0.4583752453327179,0.6107839345932007,-0.07852020114660263,0.5070952773094177,0.4111092686653137,-0.11328024417161942,0.5351088643074036,0.2868092656135559,-0.13329258561134338,0.5540049076080322,0.1875547170639038,-0.14454887807369232,0.5123820304870605,0.6582508087158203,-0.09459743648767471,0.5648929476737976,0.4736114740371704,-0.12990202009677887,0.5982536673545837,0.35844212770462036,-0.1511193960905075,0.6217457056045532,0.26439234614372253,-0.16244079172611237,0.5582855343818665,0.722374439239502,-0.10809209942817688,0.6190631985664368,0.6023927330970764,-0.13770809769630432,0.6562484502792358,0.5290348529815674,-0.14639538526535034,0.6864676475524902,0.4637255072593689,-0.1485859900712967
0.40539953112602234,0.9308058023452759,4.302923741761333e-07,0.36284390091896057,0.7957119941711426,0.01916615106165409,0.3670491874217987,0.6642221212387085,0.01683887280523777,0.3996593654155731,0.5689873695373535,0.01098878588527441,0.4394189715385437,0.5131716728210449,0.001477620331570506,0.4009092152118683,0.5813548564910889,-0.03808038309216499,0.4272938072681427,0.4043182134628296,-0.06806444376707077,0.4396243393421173,0.2994633913040161,-0.08190862089395523,0.4442696273326874,0.21804967522621155,-0.08934556692838669,0.45317888259887695,0.6097539663314819,-0.06390947848558426,0.5096120834350586,0.4095228314399719,-0.09474460780620575,0.5411638021469116,0.29026347398757935,-0.11146070063114166,0.5610455870628357,0.19537034630775452,-0.12042221426963806,0.5053379535675049,0.6596922278404236,-0.08571141958236694,0.5631993412971497,0.47021520137786865,-0.11866915971040726,0.5998414754867554,0.35971498489379883,-0.13873544335365295,0.6256013512611389,0.26897451281547546,-0.14967893064022064,0.5530186295509338,0.7258928418159485,-0.10288770496845245,0.6183143854141235,0.6031336188316345,-0.13287080824375153,0.6589903831481934,0.535447895526886,-0.14305713772773743,0.6931127905845642,0.47398805618286133,-0.14654497802257538
0.4133515954017639,0.9321237802505493,4.0796953726385254e-07,0.3927779793739319,0.7893968820571899,0.031278956681489944,0.4051830768585205,0.657509446144104,0.03190196305513382,0.43813714385032654,0.5686956644058228,0.026565009728074074,0.476790189743042,0.5130152702331543,0.017118996009230614,0.41476577520370483,0.5813238620758057,-0.03692444786429405,0.44395357370376587,0.4108501076698303,-0.07362446933984756,0.45601171255111694,0.3090226352214813,-0.09310122579336166,0.4584268033504486,0.22667330503463745,-0.10409912467002869,0.44933077692985535,0.6164097785949707,-0.07047837227582932,0.5123552083969116,0.4186686873435974,-0.1111285462975502,0.5481358766555786,0.29643628001213074,-0.13525284826755524,0.5713320374488831,0.19827058911323547,-0.149081289768219,0.4926709234714508,0.6711298227310181,-0.09867750108242035,0.5588067173957825,0.4837787449359894,-0.14087587594985962,0.603916347026825,0.3732178211212158,-0.16802699863910675,0.6359533071517944,0.28320345282554626,-0.18235549330711365,0.5402591228485107,0.739412248134613,-0.12057232111692429,0.6112070083618164,0.6148767471313477,-0.1583273559808731,0.6565338373184204,0.5472884178161621,-0.17427195608615875,0.6947129964828491,0.4858902394771576,-0.1815614253282547
0.4153206944465637,0.92162024974823,6.483678589574993e-07,0.39979860186576843,0.7793399691581726,0.0286443829536438,0.4128878712654114,0.6478090286254883,0.027176696807146072,0.44986218214035034,0.5560811758041382,0.01967531628906727,0.4907318949699402,0.4991331100463867,0.008728464134037495,0.41548842191696167,0.5802211761474609,-0.03647449240088463,0.45556968450546265,0.4112100601196289,-0.07225892692804337,0.473888635635376,0.31317371129989624,-0.09140288829803467,0.4804966449737549,0.23385906219482422,-0.10196717828512192,0.44245022535324097,0.6195052266120911,-0.06942173838615417,0.5137103796005249,0.4194706082344055,-0.10855311900377274,0.5548408031463623,0.2970011234283447,-0.1326323300600052,0.5823976397514343,0.2012125551700592,-0.1462898552417755,0.4814687967300415,0.6760522723197937,-0.0973074808716774,0.5521246194839478,0.4888039827346802,-0.1374281793832779,0.6036837100982666,0.3807981312274933,-0.16326916217803955,0.6402614116668701,0.2930014729499817,-0.17648538947105408,0.5272819399833679,0.7423864006996155,-0.11946456879377365,0.602954626083374,0.6200800538063049,-0.15346162021160126,0.6521856784820557,0.5563380718231201,-0.1663217544555664,0.693626344203949,0.4982910752296448,-0.17116178572177887
0.40768176317214966,0.9194839000701904,7.272074071806855e-07,0.40927231311798096,0.7840380668640137,0.019503498449921608,0.4218265116214752,0.6389424204826355,0.011950595304369926,0.4563789367675781,0.5329127311706543,-6.472584937000647e-05,0.49289214611053467,0.45673680305480957,-0.015462089329957962,0.41944873332977295,0.5843042135238647,-0.05469107627868652,0.4678109586238861,0.41784536838531494,-0.09629788249731064,0.4914940297603607,0.3179861903190613,-0.11698906123638153,0.505081057548523,0.2370375692844391,-0.12952262163162231,0.43205398321151733,0.6214048862457275,-0.08812420815229416,0.5023642778396606,0.4264283776283264,-0.13776564598083496,0.5467722415924072,0.30502116680145264,-0.16558833420276642,0.5803982615470886,0.21059399843215942,-0.18202990293502808,0.45814281702041626,0.679651141166687,-0.11659620702266693,0.532100260257721,0.499950110912323,-0.16470380127429962,0.5878638029098511,0.3949926197528839,-0.1930645853281021,0.6320797204971313,0.3102848529815674,-0.20868170261383057,0.49400994181632996,0.7513384819030762,-0.1401628851890564,0.5594126582145691,0.642680287361145,-0.1839364767074585,0.6098155975341797,0.5789501070976257,-0.20395931601524353,0.6564574241638184,0.5241560935974121,-0.2144385278224945
0.4223225712776184,0.9181843996047974,8.487467653139902e-07,0.4229602813720703,0.786626398563385,0.008912920951843262,0.4294024109840393,0.6369770765304565,-0.0039831227622926235,0.458647221326828,0.5264667272567749,-0.020166698843240738,0.4910831153392792,0.4525223970413208,-0.04009611904621124,0.42098620533943176,0.5808597803115845,-0.06602708250284195,0.46650025248527527,0.41746091842651367,-0.1139570102095604,0.494447261095047,0.31484997272491455,-0.1417541354894638,0.5151512026786804,0.23103436827659607,-0.16003113985061646,0.42937996983528137,0.6196195483207703,-0.09710218757390976,0.4937909245491028,0.4375842809677124,-0.14794108271598816,0.5372231602668762,0.320567786693573,-0.17768855392932892,0.572043776512146,0.22835195064544678,-0.19741933047771454,0.4492780864238739,0.6827210783958435,-0.12420785427093506,0.512233555316925,0.5159658193588257,-0.17318324744701385,0.5650565028190613,0.4183318316936493,-0.20131689310073853,0.6101322174072266,0.3383543789386749,-0.218966543674469,0.4774172604084015,0.7594450116157532,-0.14787010848522186,0.5350303649902344,0.6706518530845642,-0.19498330354690552,0.5814865231513977,0.6130269169807434,-0.21650728583335876,0.6261814832687378,0.5636658072471619,-0.22908811271190643
0.4393135905265808,0.9218364953994751,8.042158583521086e-07,0.4833211600780487,0.7627149224281311,0.008812271058559418,0.49574264883995056,0.6117196679115295,-0.004897755570709705,0.5079478621482849,0.5047527551651001,-0.02295832894742489,0.5186625719070435,0.4201776385307312,-0.04437711834907532,0.43717411160469055,0.5662413239479065,-0.06417647004127502,0.4644879400730133,0.4268367886543274,-0.11783727258443832,0.4854104518890381,0.3348516821861267,-0.15181635320186615,0.5082478523254395,0.2558653652667999,-0.17478948831558228,0.4268222451210022,0.6110603213310242,-0.09865400940179825,0.47777023911476135,0.4578520655632019,-0.1577305942773819,0.5151934623718262,0.3570272624492645,-0.19512073695659637,0.5521461367607117,0.2723671495914459,-0.22119614481925964,0.4299888014793396,0.6827236413955688,-0.12953941524028778,0.4897169768810272,0.5519139170646667,-0.18608249723911285,0.5366326570510864,0.47073400020599365,-0.21549196541309357,0.581413745880127,0.4028833210468292,-0.23372535407543182,0.44553452730178833,0.7707605361938477,-0.1576177179813385,0.4991108179092407,0.6984995603561401,-0.20753882825374603,0.5448592901229858,0.6471625566482544,-0.2292073667049408,0.5877367854118347,0.6027241349220276,-0.24274621903896332
0.4694569706916809,0.9071722030639648,8.263168069788662e-07,0.5170601010322571,0.7306872606277466,0.005844804923981428,0.5214987397193909,0.5786008834838867,-0.011532300151884556,0.5190672278404236,0.472034752368927,-0.033430323004722595,0.519325852394104,0.3827279508113861,-0.06092828884720802,0.46950703859329224,0.5458171367645264,-0.08002179116010666,0.4812682271003723,0.42053908109664917,-0.1447582095861435,0.49237918853759766,0.32992759346961975,-0.18941490352153778,0.509082555770874,0.24942752718925476,-0.2209499180316925,0.4545063078403473,0.5983561873435974,-0.11825842410326004,0.48000937700271606,0.46776121854782104,-0.19220897555351257,0.5056724548339844,0.3714357912540436,-0.24358972907066345,0.533069372177124,0.27932050824165344,-0.2809760868549347,0.4477020800113678,0.6758522391319275,-0.15226095914840698,0.47930604219436646,0.5672918558120728,-0.2224983274936676,0.5187363028526306,0.4850319027900696,-0.2619973421096802,0.5586080551147461,0.4116973578929901,-0.2881089746952057,0.4471653699874878,0.7697368264198303,-0.18312205374240875,0.4803202450275421,0.7103854417800903,-0.24447433650493622,0.517941415309906,0.6636583805084229,-0.2730806767940521,0.5541156530380249,0.6210728287696838,-0.2928906977176666
0.4927988052368164,0.9015915393829346,9.156610758509487e-07,0.500159740447998,0.8612390756607056,-0.08814992010593414,0.4974457323551178,0.7835817337036133,-0.13304859399795532,0.49251148104667664,0.7162414789199829,-0.16418971121311188,0.48397010564804077,0.6459762454032898,-0.1944606900215149,0.4833029806613922,0.5925391316413879,-0.10097391158342361,0.49164023995399475,0.4493757486343384,-0.1463950276374817,0.4975816011428833,0.35523921251296997,-0.18169113993644714,0.503315269947052,0.2780430018901825,-0.20625831186771393,0.4952656626701355,0.5861387252807617,-0.0819595605134964,0.49943646788597107,0.4362603724002838,-0.11751122027635574,0.5027304887771606,0.3424941301345825,-0.15019166469573975,0.5031325817108154,0.26259845495224,-0.1745302826166153,0.5010984539985657,0.6126381158828735,-0.06945646554231644,0.5026831030845642,0.4950619637966156,-0.10370682924985886,0.4992271065711975,0.41122370958328247,-0.13654950261116028,0.4961085319519043,0.3404768407344818,-0.16148127615451813,0.5005062222480774,0.6641426086425781,-0.06384856253862381,0.4871642589569092,0.6182458400726318,-0.09884876757860184,0.4776403307914734,0.5962932109832764,-0.1201445609331131,0.47221577167510986,0.5845130681991577,-0.13469748198986053
0.49827948212623596,0.8776140809059143,5.393893047767051e-07,0.5504758358001709,0.7470813989639282,-0.011283397674560547,0.558914065361023,0.604800820350647,-0.033060140907764435,0.5780100226402283,0.5143168568611145,-0.05702013522386551,0.6052486300468445,0.4355277419090271,-0.08871934562921524,0.5014671683311462,0.5509127974510193,-0.08166713267564774,0.4905811548233032,0.4131383001804352,-0.13956090807914734,0.4839151203632355,0.3229219913482666,-0.182095006108284,0.4825207591056824,0.2469618320465088,-0.21495474874973297,0.48241400718688965,0.5926681756973267,-0.11492067575454712,0.4615018367767334,0.4517485201358795,-0.18041877448558807,0.45099973678588867,0.3657281696796417,-0.23067396879196167,0.4408293664455414,0.2813583016395569,-0.2684168219566345,0.4677070379257202,0.6660593748092651,-0.14665380120277405,0.4490967392921448,0.5503978133201599,-0.21092838048934937,0.4494943618774414,0.4619556665420532,-0.25494012236595154,0.4498637914657593,0.37554317712783813,-0.28727036714553833,0.45677879452705383,0.7581244707107544,-0.1765010803937912,0.4439172148704529,0.6915721893310547,-0.23543891310691833,0.4523007571697235,0.6376401782035828,-0.26640254259109497,0.46197888255119324,0.5817127823829651,-0.290759801864624
0.5034351944923401,0.8603506088256836,5.389564989854989e-07,0.5574929118156433,0.7433136701583862,-0.0171407088637352,0.5687751770019531,0.610119104385376,-0.03835836797952652,0.5909348130226135,0.5179641842842102,-0.06098529323935509,0.6166857481002808,0.43696409463882446,-0.08972105383872986,0.5099868178367615,0.5351886749267578,-0.06992529332637787,0.49099087715148926,0.3955826163291931,-0.11744702607393265,0.48118188977241516,0.30905526876449585,-0.1518915295600891,0.4729710817337036,0.23510980606079102,-0.17812727391719818,0.48581430315971375,0.5745049118995667,-0.09521503746509552,0.463121235370636,0.43827712535858154,-0.14426815509796143,0.45193207263946533,0.3487035930156708,-0.18376731872558594,0.4393109977245331,0.2651953399181366,-0.21449117362499237,0.4653513729572296,0.6452230215072632,-0.12056834250688553,0.43549448251724243,0.5343050956726074,-0.1701188087463379,0.43131038546562195,0.447628915309906,-0.20661482214927673,0.4281458556652069,0.3658139407634735,-0.2345358282327652,0.44970935583114624,0.7359742522239685,-0.14552593231201172,0.42993518710136414,0.675191342830658,-0.1935412436723709,0.43620747327804565,0.6235473155975342,-0.21942749619483948,0.44692128896713257,0.5703232288360596,-0.23951056599617004
0.5061737895011902,0.8591006994247437,6.365770559568773e-07,0.5680633187294006,0.7439810037612915,-0.01744214817881584,0.5815299153327942,0.6136738061904907,-0.03919798135757446,0.60566645860672,0.5204067826271057,-0.06252117455005646,0.6364579200744629,0.44196057319641113,-0.09225401282310486,0.5139514207839966,0.5383488535881042,-0.07410315424203873,0.5051524043083191,0.3928391635417938,-0.1236763671040535,0.5024722218513489,0.30276161432266235,-0.15809935331344604,0.49980399012565613,0.2242698073387146,-0.18399383127689362,0.4843360185623169,0.5697319507598877,-0.10015103965997696,0.46585190296173096,0.42557382583618164,-0.15337301790714264,0.4535314738750458,0.3262180685997009,-0.19474081695079803,0.4382265508174896,0.23519322276115417,-0.22616615891456604,0.4602208733558655,0.6374178528785706,-0.12579497694969177,0.42797794938087463,0.5159560441970825,-0.17921899259090424,0.41634318232536316,0.4285421073436737,-0.21677139401435852,0.4050249457359314,0.34443020820617676,-0.24476021528244019,0.44164958596229553,0.7274836897850037,-0.15070001780986786,0.417660653591156,0.6636804938316345,-0.20374591648578644,0.4180338978767395,0.6119481325149536,-0.2312607318162918,0.4213249683380127,0.557605504989624,-0.251363605260849
0.5130578875541687,0.8569427728652954,6.845669986432767e-07,0.5772866010665894,0.74861079454422,-0.025784434750676155,0.5974456071853638,0.6210824251174927,-0.05104430764913559,0.6250874996185303,0.5251648426055908,-0.07611937820911407,0.6562449932098389,0.4436003565788269,-0.10668715834617615,0.5257406830787659,0.53010493516922,-0.07827305048704147,0.5132918953895569,0.3854731619358063,-0.1302555799484253,0.5083428025245667,0.29580533504486084,-0.16509966552257538,0.5048680901527405,0.21650788187980652,-0.19035708904266357,0.4884134829044342,0.5583057403564453,-0.10035985708236694,0.4660387635231018,0.41037285327911377,-0.15338890254497528,0.4519001543521881,0.3112184703350067,-0.192242830991745,0.4379022419452667,0.21990084648132324,-0.22114355862140656,0.4569699764251709,0.625254213809967,-0.12325212359428406,0.423380047082901,0.4980819523334503,-0.17573384940624237,0.40552836656570435,0.4077484905719757,-0.20938822627067566,0.3917689323425293,0.31847357749938965,-0.23397217690944672,0.43085482716560364,0.7177911400794983,-0.1464027315378189,0.39424270391464233,0.6491082310676575,-0.19889071583747864,0.3836439251899719,0.594333827495575,-0.2239992767572403,0.3784223198890686,0.5349276661872864,-0.24129284918308258
0.516733705997467,0.8575186133384705,7.106881412255461e-07,0.5825803875923157,0.7512027025222778,-0.030805056914687157,0.6097171306610107,0.6265315413475037,-0.05723785609006882,0.6400156021118164,0.5334036350250244,-0.08280602097511292,0.674041211605072,0.45381611585617065,-0.11311669647693634,0.5331677794456482,0.5308006405830383,-0.07624398171901703,0.5197800397872925,0.3862439692020416,-0.12700070440769196,0.5137913823127747,0.29600322246551514,-0.16140323877334595,0.5089479088783264,0.21391478180885315,-0.1862276941537857,0.491134911775589,0.5575246214866638,-0.09523385018110275,0.47084587812423706,0.4092082977294922,-0.14387284219264984,0.4550555348396301,0.30799704790115356,-0.1800895482301712,0.4400721788406372,0.21427732706069946,-0.20749743282794952,0.4556563198566437,0.622756838798523,-0.11598654091358185,0.4231571555137634,0.4940817356109619,-0.16407449543476105,0.40319979190826416,0.4016410708427429,-0.19582408666610718,0.38986870646476746,0.31054988503456116,-0.21939216554164886,0.4256407916545868,0.7146086096763611,-0.1379680037498474,0.38393309712409973,0.6494413614273071,-0.18660132586956024,0.37236469984054565,0.5940044522285461,-0.2099071741104126,0.3696611523628235,0.5337085723876953,-0.22599276900291443
0.5217665433883667,0.8589121103286743,7.648839073226554e-07,0.5916311144828796,0.7600699067115784,-0.038892392069101334,0.6258144378662109,0.6393168568611145,-0.07017438858747482,0.6589442491531372,0.546383798122406,-0.09922553598880768,0.6918013691902161,0.46379736065864563,-0.13299457728862762,0.5370669364929199,0.5334184765815735,-0.08733995258808136,0.5259587168693542,0.39144235849380493,-0.1420389711856842,0.5212287902832031,0.29880499839782715,-0.17931632697582245,0.5170167684555054,0.21538370847702026,-0.2060561329126358,0.49047139286994934,0.559622585773468,-0.10383319109678268,0.4672987163066864,0.41085952520370483,-0.15684504806995392,0.45146626234054565,0.3089967966079712,-0.19560645520687103,0.43582242727279663,0.21634307503700256,-0.2247762382030487,0.4525988698005676,0.6255000233650208,-0.12255942076444626,0.41610366106033325,0.49599242210388184,-0.1743544489145279,0.39257296919822693,0.40160906314849854,-0.20865347981452942,0.374850869178772,0.3107127249240875,-0.23372650146484375,0.42230021953582764,0.7174054384231567,-0.1429867446422577,0.37829089164733887,0.6476219892501831,-0.1939854472875595,0.3607617914676666,0.5905769467353821,-0.21926778554916382,0.3496549129486084,0.5290913581848145,-0.23682495951652527
0.5256398320198059,0.8641742467880249,8.341747275153466e-07,0.601288914680481,0.772034227848053,-0.04252367839217186,0.6382445096969604,0.6569194793701172,-0.07426980882883072,0.6716543436050415,0.5648210048675537,-0.10369759798049927,0.711143434047699,0.48839008808135986,-0.1378154754638672,0.5424122214317322,0.5327775478363037,-0.08234432339668274,0.5326385498046875,0.3953385353088379,-0.1367928683757782,0.5279034376144409,0.30231669545173645,-0.1753309816122055,0.5231564044952393,0.21868488192558289,-0.20285974442958832,0.4917105734348297,0.556732714176178,-0.09683679044246674,0.4673347473144531,0.4080575108528137,-0.14856292307376862,0.4506450593471527,0.30700981616973877,-0.18747594952583313,0.4340023100376129,0.21678373217582703,-0.21610043942928314,0.45155978202819824,0.6221039295196533,-0.11433824896812439,0.41363346576690674,0.49266308546066284,-0.1651833951473236,0.389769583940506,0.3972589671611786,-0.19925089180469513,0.3712841868400574,0.30687862634658813,-0.223512664437294,0.4194716811180115,0.7138832807540894,-0.1341550201177597,0.3763136863708496,0.6449705362319946,-0.18416841328144073,0.359250545501709,0.5885730981826782,-0.2086542248725891,0.3482237160205841,0.5269415378570557,-0.2250669151544571
0.5283645987510681,0.8707789778709412,8.393582220378448e-07,0.6057256460189819,0.7808600664138794,-0.04668485000729561,0.6440086364746094,0.6681803464889526,-0.08219225704669952,0.6787240505218506,0.5767329931259155,-0.11458849161863327,0.7196642160415649,0.4987477660179138,-0.15214888751506805,0.5501571297645569,0.5396616458892822,-0.09134174883365631,0.5391672253608704,0.4029187262058258,-0.1491793841123581,0.5342960953712463,0.3094223439693451,-0.19041027128696442,0.5304580330848694,0.22628948092460632,-0.21999318897724152,0.4982014298439026,0.5623683333396912,-0.10546371340751648,0.47306615114212036,0.41334980726242065,-0.16085949540138245,0.45668840408325195,0.3132270276546478,-0.20287974178791046,0.44108080863952637,0.22269874811172485,-0.23405499756336212,0.4562077224254608,0.6268998384475708,-0.12263091653585434,0.4189174771308899,0.49510446190834045,-0.17686058580875397,0.3957739472389221,0.3981819152832031,-0.21422238647937775,0.3784177899360657,0.30671194195747375,-0.24110102653503418,0.4219670593738556,0.7180080413818359,-0.14215821027755737,0.37800896167755127,0.6467841267585754,-0.1952069252729416,0.3608647882938385,0.5885919332504272,-0.2224394679069519,0.35085487365722656,0.5254402160644531,-0.24116818606853485
0.5272392630577087,0.8810025453567505,7.414107585645979e-07,0.6039591431617737,0.7902754545211792,-0.04197466000914574,0.6454262733459473,0.6741204857826233,-0.07357118278741837,0.6822800040245056,0.5816199779510498,-0.10273896902799606,0.7224071621894836,0.506191611289978,-0.1368524432182312,0.5556586384773254,0.5509905219078064,-0.08206630498170853,0.5457946062088013,0.4136331081390381,-0.1350240260362625,0.5407638549804688,0.3219361901283264,-0.17295797169208527,0.536871075630188,0.24121734499931335,-0.20033854246139526,0.504128098487854,0.5748566389083862,-0.0964030846953392,0.48121756315231323,0.42889925837516785,-0.14539679884910583,0.46658700704574585,0.33119386434555054,-0.18263953924179077,0.4525773525238037,0.24294662475585938,-0.210591122508049,0.46217840909957886,0.6390873789787292,-0.11385255306959152,0.4273834228515625,0.5071200132369995,-0.16255445778369904,0.404721200466156,0.4133492112159729,-0.19632147252559662,0.38721728324890137,0.32455000281333923,-0.2209661602973938,0.42827683687210083,0.7296679615974426,-0.13356275856494904,0.38590294122695923,0.6610634922981262,-0.18277695775032043,0.3660230040550232,0.6054134368896484,-0.20783409476280212,0.35252609848976135,0.5460546612739563,-0.22485041618347168
0.5232410430908203,0.8817851543426514,7.260276220222295e-07,0.601875364780426,0.7911055088043213,-0.04156217351555824,0.6468822956085205,0.6780372858047485,-0.07397647202014923,0.6877974271774292,0.5896027684211731,-0.10401812940835953,0.7307131290435791,0.5179888606071472,-0.13952496647834778,0.563199520111084,0.560509204864502,-0.08656007051467896,0.557461142539978,0.4217396378517151,-0.13994550704956055,0.5544537901878357,0.3298618197441101,-0.17772693932056427,0.5531700849533081,0.2478865683078766,-0.20549003779888153,0.5114665031433105,0.5840284824371338,-0.10158660262823105,0.49095654487609863,0.44204291701316833,-0.15091285109519958,0.47808265686035156,0.3462485671043396,-0.18853607773780823,0.4666880965232849,0.25748443603515625,-0.21775056421756744,0.46831241250038147,0.6474832892417908,-0.11939986050128937,0.4386039972305298,0.5199556946754456,-0.16898712515830994,0.4194028675556183,0.42798641324043274,-0.20403894782066345,0.4059271812438965,0.33952006697654724,-0.2303767204284668,0.43270599842071533,0.7369331121444702,-0.13933704793453217,0.3923978805541992,0.6724504828453064,-0.1901867538690567,0.3768300414085388,0.6188984513282776,-0.21687741577625275,0.36942058801651,0.5612587332725525,-0.23561669886112213
0.5206773281097412,0.8766812086105347,8.052188036344887e-07,0.6016845703125,0.7895199060440063,-0.04391823709011078,0.6494557857513428,0.6809954047203064,-0.07942245155572891,0.692858099937439,0.5970549583435059,-0.11240958422422409,0.7379059791564941,0.5234276056289673,-0.15103110671043396,0.565883219242096,0.5596282482147217,-0.09615625441074371,0.5666849613189697,0.42008253931999207,-0.15428848564624786,0.5675745010375977,0.32825174927711487,-0.1947133094072342,0.5695152878761292,0.24330535531044006,-0.22445048391819,0.5134873390197754,0.5814933180809021,-0.11205341666936874,0.49866625666618347,0.44117504358291626,-0.1681261956691742,0.4877770245075226,0.3442291021347046,-0.21042577922344208,0.4774266481399536,0.25230759382247925,-0.24319058656692505,0.4683336913585663,0.6445612907409668,-0.13035815954208374,0.4426634609699249,0.5256279110908508,-0.18608859181404114,0.425702840089798,0.4368366003036499,-0.22374585270881653,0.4140576720237732,0.34988346695899963,-0.2517040967941284,0.43137043714523315,0.7340554594993591,-0.15065611898899078,0.3910258412361145,0.6722204089164734,-0.2063310295343399,0.3779056966304779,0.6220583915710449,-0.23473986983299255,0.37255793809890747,0.5666691660881042,-0.25463569164276123
0.5149257183074951,0.8681031465530396,8.595925464760512e-07,0.5972303152084351,0.7799968719482422,-0.044215355068445206,0.6486390829086304,0.674162745475769,-0.08096320182085037,0.6947246789932251,0.5920714735984802,-0.11533167958259583,0.7408792972564697,0.5157535076141357,-0.15509799122810364,0.5684129595756531,0.5520792603492737,-0.09591799974441528,0.5729067921638489,0.41413629055023193,-0.15574771165847778,0.5762709975242615,0.3228379786014557,-0.19777044653892517,0.5812267065048218,0.23613113164901733,-0.22821985185146332,0.5152156352996826,0.5717536211013794,-0.11230790615081787,0.5031846165657043,0.43359917402267456,-0.16865457594394684,0.49716225266456604,0.3354856073856354,-0.211191326379776,0.4919586181640625,0.23794957995414734,-0.24395090341567993,0.46802467107772827,0.6350733637809753,-0.1311512142419815,0.4436597228050232,0.520768404006958,-0.18667753040790558,0.4288950562477112,0.4367275834083557,-0.22200804948806763,0.41982501745224,0.3503243625164032,-0.24813346564769745,0.4299916923046112,0.7262760400772095,-0.1522064357995987,0.38866597414016724,0.6684527397155762,-0.20673663914203644,0.37605512142181396,0.6211649179458618,-0.23233601450920105,0.3714141845703125,0.5672230124473572,-0.24989262223243713
0.5073044300079346,0.8489466309547424,9.385091743752128e-07,0.5904377102851868,0.7582724690437317,-0.043526019901037216,0.6429136991500854,0.6548407077789307,-0.08057551831007004,0.6910775303840637,0.5747324228286743,-0.11546038091182709,0.7402219176292419,0.49920523166656494,-0.155539408326149,0.56746506690979,0.5397728681564331,-0.09722425788640976,0.5806535482406616,0.40115463733673096,-0.15700840950012207,0.5894381403923035,0.31034988164901733,-0.19854281842708588,0.600310206413269,0.22317403554916382,-0.2287076711654663,0.5142807960510254,0.5585950613021851,-0.11410313844680786,0.5089107155799866,0.4283272624015808,-0.17045947909355164,0.5066378712654114,0.3312806189060211,-0.21228015422821045,0.5052520036697388,0.23272231221199036,-0.2448139786720276,0.4646136164665222,0.6219983100891113,-0.13324633240699768,0.4422766864299774,0.5150311589241028,-0.1888679414987564,0.4295991063117981,0.43732231855392456,-0.22319519519805908,0.4233074486255646,0.3543176054954529,-0.2488865703344345,0.42362186312675476,0.7138882875442505,-0.1545707881450653,0.3826667070388794,0.6656519770622253,-0.20855972170829773,0.37146127223968506,0.6268208026885986,-0.23292410373687744,0.36886927485466003,0.5812111496925354,-0.24973243474960327
0.48884937167167664,0.8174072504043579,9.81403445621254e-07,0.5736899971961975,0.7243420481681824,-0.041116077452898026,0.6282621026039124,0.619259238243103,-0.080244280397892,0.6799546480178833,0.5435872077941895,-0.11726971715688705,0.7318800687789917,0.4718351364135742,-0.159976989030838,0.5621357560157776,0.523769199848175,-0.1114904060959816,0.5806484818458557,0.38345789909362793,-0.17508503794670105,0.5922453999519348,0.29322028160095215,-0.21751698851585388,0.6058230400085449,0.20641687512397766,-0.24861089885234833,0.5148756504058838,0.5464937090873718,-0.13151130080223083,0.513491690158844,0.41900336742401123,-0.19552114605903625,0.5168508887290955,0.32303479313850403,-0.23946237564086914,0.5184198617935181,0.22639033198356628,-0.27341875433921814,0.4681084156036377,0.613895833492279,-0.15230602025985718,0.4472440183162689,0.5133006572723389,-0.21434541046619415,0.4369736909866333,0.44084304571151733,-0.2495325356721878,0.42930030822753906,0.3611469864845276,-0.27586039900779724,0.42803487181663513,0.7091994285583496,-0.1745871752500534,0.3933257460594177,0.6682717800140381,-0.23410771787166595,0.37866777181625366,0.635842502117157,-0.25975772738456726,0.3652588725090027,0.5952019095420837,-0.277712345123291
0.4914591610431671,0.7819804549217224,7.415764002871583e-07,0.5653907656669617,0.6770237684249878,-0.035989757627248764,0.6126866936683655,0.5569731593132019,-0.0718984454870224,0.6706354022026062,0.48098450899124146,-0.10521762073040009,0.7255082726478577,0.41696417331695557,-0.14598768949508667,0.5577893257141113,0.48705020546913147,-0.12230506539344788,0.5715557336807251,0.36088448762893677,-0.18454568088054657,0.5804205536842346,0.2748274505138397,-0.22597108781337738,0.5899698138237,0.19686338305473328,-0.25872933864593506,0.517725944519043,0.5330880880355835,-0.1468118131160736,0.5046587586402893,0.40852704644203186,-0.20702782273292542,0.5027437806129456,0.32605069875717163,-0.24579055607318878,0.4993799328804016,0.24857881665229797,-0.2788785994052887,0.47913140058517456,0.6180697679519653,-0.17184969782829285,0.46172770857810974,0.5368714928627014,-0.23423004150390625,0.4706476926803589,0.4781620502471924,-0.2700905501842499,0.4799582362174988,0.41278693079948425,-0.29958033561706543,0.44493573904037476,0.7238857746124268,-0.1975792646408081,0.40843188762664795,0.6994397640228271,-0.2584589123725891,0.3969639539718628,0.6797402501106262,-0.2870054841041565,0.3909873366355896,0.6536350846290588,-0.3107222020626068
0.4009360074996948,0.7444342374801636,1.2990045661354088e-06,0.446386456489563,0.7287688255310059,-0.06274755299091339,0.4756131172180176,0.7126904129981995,-0.11110946536064148,0.43778619170188904,0.7067760229110718,-0.1539151817560196,0.38333046436309814,0.7016359567642212,-0.20327524840831757,0.5311039090156555,0.5047654509544373,-0.09281080216169357,0.5810263156890869,0.40098804235458374,-0.14051547646522522,0.5950444936752319,0.3187177777290344,-0.17773500084877014,0.6019935011863708,0.254379004240036,-0.2047799527645111,0.506100594997406,0.4826142489910126,-0.09446050226688385,0.5547497868537903,0.36365270614624023,-0.13800114393234253,0.5742611885070801,0.28909963369369507,-0.17294107377529144,0.5860199332237244,0.22884446382522583,-0.19678683578968048,0.46746188402175903,0.49730196595191956,-0.10049999505281448,0.4855685234069824,0.3892110586166382,-0.1428522765636444,0.5061087012290955,0.32691261172294617,-0.1716233193874359,0.525145411491394,0.2734259068965912,-0.19177189469337463,0.4164068102836609,0.5339894890785217,-0.11061770468950272,0.3977014124393463,0.5070198774337769,-0.14731691777706146,0.3997170329093933,0.506382942199707,-0.16055500507354736,0.4081418514251709,0.513798713684082,-0.16903530061244965
0.3350827097892761,0.699199914932251,9.535313552078151e-07,0.41230472922325134,0.5870707631111145,-0.025203019380569458,0.5151212811470032,0.4769299030303955,-0.05624181404709816,0.5952017903327942,0.4067092537879944,-0.08554334938526154,0.6619014739990234,0.34540247917175293,-0.12106357514858246,0.4820643663406372,0.48265767097473145,-0.13109414279460907,0.5678279399871826,0.3932614028453827,-0.20004627108573914,0.6237356662750244,0.3291271924972534,-0.24238258600234985,0.668657660484314,0.2670272886753082,-0.27534574270248413,0.4603956639766693,0.5381624698638916,-0.1640697568655014,0.5350165367126465,0.45412153005599976,-0.23660345375537872,0.589840292930603,0.38680794835090637,-0.28117695450782776,0.6317521333694458,0.3199945092201233,-0.3190673291683197,0.4236409068107605,0.6175351142883301,-0.19524416327476501,0.489719420671463,0.590144693851471,-0.27351999282836914,0.5411369204521179,0.5656747817993164,-0.3133435547351837,0.58375084400177,0.5319811701774597,-0.3453398048877716,0.37815818190574646,0.711976170539856,-0.22492825984954834,0.4117714762687683,0.7510764598846436,-0.29860642552375793,0.42488375306129456,0.7598586678504944,-0.33089563250541687,0.43175140023231506,0.756058931350708,-0.35819000005722046
0.3333430886268616,0.6202105283737183,1.0316013003830449e-06,0.450516015291214,0.5445886254310608,-0.02651524730026722,0.5482153296470642,0.46600693464279175,-0.056335970759391785,0.6103707551956177,0.39694011211395264,-0.0831170380115509,0.6601153612136841,0.3273862600326538,-0.1120600700378418,0.49753907322883606,0.43816038966178894,-0.13325302302837372,0.5825781226158142,0.3530346751213074,-0.20083913207054138,0.6395313739776611,0.29952579736709595,-0.23791949450969696,0.6922485828399658,0.25099074840545654,-0.26367416977882385,0.4543461203575134,0.48626458644866943,-0.1586546003818512,0.5302483439445496,0.418794721364975,-0.23488403856754303,0.5929144620895386,0.3831532597541809,-0.27462926506996155,0.6465051770210266,0.35786718130111694,-0.3027718961238861,0.4061724543571472,0.5575889945030212,-0.1805264949798584,0.46631646156311035,0.5700895190238953,-0.2581455409526825,0.5313345789909363,0.5780081748962402,-0.28838518261909485,0.5919531583786011,0.5847645401954651,-0.3069496154785156,0.3613620400428772,0.647575318813324,-0.20159079134464264,0.41174131631851196,0.7140432000160217,-0.2704244554042816,0.4582713842391968,0.7527891397476196,-0.2941756248474121,0.4971303939819336,0.7845595479011536,-0.3091379702091217
0.24189519882202148,0.5254249572753906,1.087775785890699e-06,0.37658488750457764,0.4811265766620636,-0.05997173860669136,0.4929472804069519,0.4113119840621948,-0.10170713812112808,0.5767301321029663,0.3596037030220032,-0.1362864375114441,0.6533546447753906,0.3151356279850006,-0.172854945063591,0.41242438554763794,0.33456990122795105,-0.16692768037319183,0.49991634488105774,0.28220421075820923,-0.24682925641536713,0.5743312835693359,0.26776736974716187,-0.2966894209384918,0.6422674059867859,0.2615504860877991,-0.33313602209091187,0.3472752273082733,0.37436604499816895,-0.17739959061145782,0.3566569983959198,0.2951398491859436,-0.2680431604385376,0.4116322696208954,0.32012468576431274,-0.31492531299591064,0.4621588885784149,0.35685473680496216,-0.34911954402923584,0.27992919087409973,0.4424910843372345,-0.18707111477851868,0.2563251554965973,0.41878241300582886,-0.2781466543674469,0.30591732263565063,0.4560595750808716,-0.3113192319869995,0.3469265103340149,0.49614623188972473,-0.331294983625412,0.22355665266513824,0.5311251878738403,-0.1996331363916397,0.2104480266571045,0.5738813877105713,-0.2839713394641876,0.23940305411815643,0.6270076036453247,-0.3170378804206848,0.2660198211669922,0.67380291223526,-0.33710169792175293
0.2530183494091034,0.5552655458450317,8.61399314544542e-07,0.3788423240184784,0.5252857804298401,-0.05865021422505379,0.4930153489112854,0.44704756140708923,-0.09661342203617096,0.5787745714187622,0.3858174681663513,-0.1299639642238617,0.6557310819625854,0.3384481966495514,-0.1661680042743683,0.4265582859516144,0.3514329493045807,-0.14683309197425842,0.4905800521373749,0.2753794193267822,-0.2238224893808365,0.5385889410972595,0.25570809841156006,-0.26679202914237976,0.5797520875930786,0.2550434470176697,-0.29465779662132263,0.3458724319934845,0.34844502806663513,-0.16015982627868652,0.36630308628082275,0.284682035446167,-0.24273784458637238,0.40262970328330994,0.28947243094444275,-0.279263436794281,0.42979148030281067,0.312331885099411,-0.30322641134262085,0.2616810202598572,0.3885451555252075,-0.17612434923648834,0.2582625150680542,0.42526715993881226,-0.268434077501297,0.2834155559539795,0.46981051564216614,-0.2987881004810333,0.3088068962097168,0.5073173642158508,-0.31333494186401367,0.18453186750411987,0.4633903205394745,-0.1949840635061264,0.17816631495952606,0.5481897592544556,-0.2774551808834076,0.21010391414165497,0.6108990907669067,-0.30901283025741577,0.24119846522808075,0.6619018316268921,-0.326858252286911
0.2811201810836792,0.5074046850204468,8.355913792001957e-07,0.381055623292923,0.494448184967041,-0.06336972862482071,0.48226842284202576,0.44390615820884705,-0.10615327954292297,0.5664896368980408,0.41658714413642883,-0.14568905532360077,0.6347704529762268,0.38408154249191284,-0.18486814200878143,0.44220268726348877,0.36167046427726746,-0.1393803060054779,0.527511477470398,0.3235619366168976,-0.23221707344055176,0.559568464756012,0.3580600619316101,-0.27970027923583984,0.5673474669456482,0.40163928270339966,-0.30266666412353516,0.34879326820373535,0.33297228813171387,-0.15169231593608856,0.3720674216747284,0.26855069398880005,-0.24489551782608032,0.39784592390060425,0.2910405695438385,-0.27133581042289734,0.40530359745025635,0.32581526041030884,-0.27877163887023926,0.2537553906440735,0.36022189259529114,-0.17023448646068573,0.2440439909696579,0.45295554399490356,-0.26289474964141846,0.2797744870185852,0.538341760635376,-0.26265600323677063,0.3119068145751953,0.5907050371170044,-0.2474469542503357,0.17486485838890076,0.4297928810119629,-0.19400866329669952,0.16593444347381592,0.5410692095756531,-0.26403728127479553,0.20915649831295013,0.6253182291984558,-0.26588499546051025,0.24891728162765503,0.6772156357765198,-0.25684791803359985
0.2884567677974701,0.5700403451919556,2.9295043191268633e-07,0.38483327627182007,0.5450944900512695,-0.05134018138051033,0.4730159342288971,0.474068284034729,-0.08461977541446686,0.5493395328521729,0.44330984354019165,-0.11867431551218033,0.6200060844421387,0.4186095595359802,-0.1539829671382904,0.427207887172699,0.34584274888038635,-0.09851709753274918,0.4481891393661499,0.31523382663726807,-0.17483560740947723,0.4607030153274536,0.3343110680580139,-0.2163798063993454,0.47288206219673157,0.3565904498100281,-0.23789480328559875,0.3335704505443573,0.32517558336257935,-0.11118574440479279,0.33820855617523193,0.366685152053833,-0.1967364400625229,0.36978399753570557,0.4637128710746765,-0.21944263577461243,0.39495763182640076,0.5450594425201416,-0.2212616205215454,0.2413669377565384,0.3619685173034668,-0.1296280175447464,0.24817132949829102,0.49514907598495483,-0.225534126162529,0.2889925241470337,0.6353193521499634,-0.22642284631729126,0.32630157470703125,0.7337573170661926,-0.20524202287197113,0.16156108677387238,0.43713825941085815,-0.15165388584136963,0.17323440313339233,0.562038779258728,-0.22239942848682404,0.2174721509218216,0.6597210168838501,-0.22470393776893616,0.2578250467777252,0.7274141311645508,-0.2109045684337616
0.3416696786880493,0.6835874319076538,-2.0464052852275927e-07,0.42195796966552734,0.6225486993789673,-0.038532089442014694,0.4849233627319336,0.5217939615249634,-0.06434665620326996,0.5435135960578918,0.4790922701358795,-0.09451988339424133,0.6204767823219299,0.47036367654800415,-0.12542866170406342,0.4283474385738373,0.3509688973426819,-0.0527888648211956,0.44946175813674927,0.3476889133453369,-0.12195166945457458,0.4701482653617859,0.4022463262081146,-0.1685243546962738,0.48859429359436035,0.4696773886680603,-0.18975196778774261,0.3312193751335144,0.3328019976615906,-0.0590205043554306,0.3350814878940582,0.44610151648521423,-0.1373784989118576,0.3685028553009033,0.5814706087112427,-0.1659969687461853,0.39570221304893494,0.694588840007782,-0.16859401762485504,0.23875944316387177,0.3591068387031555,-0.07117130607366562,0.2339477688074112,0.4943779408931732,-0.142709881067276,0.2765178084373474,0.6268001794815063,-0.14686715602874756,0.3163999021053314,0.7284101247787476,-0.1300646811723709,0.16084285080432892,0.41451331973075867,-0.0879945456981659,0.16243760287761688,0.5307525396347046,-0.1361975073814392,0.20580993592739105,0.6309335231781006,-0.13670502603054047,0.24641650915145874,0.7019268274307251,-0.12175460904836655
0.37398943305015564,0.7589282989501953,-3.816210778495588e-07,0.439421683549881,0.6860564947128296,-0.05348900705575943,0.4914090037345886,0.5732383728027344,-0.09081613272428513,0.5519761443138123,0.5216649174690247,-0.12905371189117432,0.6247367858886719,0.5060681700706482,-0.16391456127166748,0.42460525035858154,0.3527178168296814,-0.052471138536930084,0.4475398361682892,0.3637506663799286,-0.14159604907035828,0.48085257411003113,0.47381433844566345,-0.20189228653907776,0.5063679814338684,0.5766411423683167,-0.22776482999324799,0.32763195037841797,0.3435397148132324,-0.05348816514015198,0.3275618255138397,0.4175313711166382,-0.1418290138244629,0.37500208616256714,0.5725401639938354,-0.16992543637752533,0.4120609164237976,0.6848680973052979,-0.16852925717830658,0.23778784275054932,0.3785463571548462,-0.06484536081552505,0.23323671519756317,0.4666900634765625,-0.14175426959991455,0.28824278712272644,0.6200606226921082,-0.1393742561340332,0.33083805441856384,0.7189605832099915,-0.11578163504600525,0.16536486148834229,0.44008803367614746,-0.08229619264602661,0.16413573920726776,0.5381157398223877,-0.13339824974536896,0.2135547399520874,0.6524686217308044,-0.12961314618587494,0.25567108392715454,0.7146080732345581,-0.10952921956777573
0.34977278113365173,0.773948609828949,-6.126357448010822e-07,0.4289867579936981,0.7196735143661499,-0.06846557557582855,0.49956250190734863,0.6175016164779663,-0.11429080367088318,0.5684080123901367,0.5745518803596497,-0.15852707624435425,0.6222482323646545,0.5679997205734253,-0.193700909614563,0.44449836015701294,0.3795256018638611,-0.05335061997175217,0.45952850580215454,0.3682238459587097,-0.1521516740322113,0.49495846033096313,0.5042446255683899,-0.20983849465847015,0.516059160232544,0.6064592599868774,-0.23139972984790802,0.3462693393230438,0.3624241352081299,-0.04942616447806358,0.33756405115127563,0.4013395309448242,-0.14588983356952667,0.38200652599334717,0.5842101573944092,-0.16416002810001373,0.4129147529602051,0.6765672564506531,-0.15185199677944183,0.2557689845561981,0.38789770007133484,-0.06044139340519905,0.24013563990592957,0.4563027322292328,-0.14492201805114746,0.29497501254081726,0.6256999969482422,-0.13057304918766022,0.335457444190979,0.6976736187934875,-0.09551383554935455,0.18047231435775757,0.43757164478302,-0.07880060374736786,0.1712571382522583,0.5173511505126953,-0.12522412836551666,0.21681055426597595,0.6372664570808411,-0.1118847131729126,0.2558787763118744,0.6809742450714111,-0.08506505936384201
0.3536339998245239,0.7574529647827148,-5.883879907742084e-07,0.42373743653297424,0.72654128074646,-0.06361165642738342,0.5055152773857117,0.6293936967849731,-0.10299331694841385,0.5670300126075745,0.6174248456954956,-0.1389942765235901,0.6195619106292725,0.642845094203949,-0.16188226640224457,0.45774686336517334,0.3915310800075531,-0.05296359956264496,0.47562432289123535,0.39887070655822754,-0.1370536983013153,0.49528974294662476,0.5489696860313416,-0.1742347776889801,0.5029932260513306,0.6159494519233704,-0.1863931566476822,0.361640989780426,0.36935073137283325,-0.05054275318980217,0.3570812940597534,0.4329545497894287,-0.12664631009101868,0.38861170411109924,0.605446994304657,-0.12469896674156189,0.41044795513153076,0.6276019215583801,-0.10741587728261948,0.2739182710647583,0.39234134554862976,-0.06285669654607773,0.2581309974193573,0.46778735518455505,-0.13226965069770813,0.30586814880371094,0.6225522756576538,-0.10274668782949448,0.34158653020858765,0.633863627910614,-0.06696788221597672,0.19291619956493378,0.43407583236694336,-0.0827207937836647,0.17309081554412842,0.5080428123474121,-0.11745763570070267,0.21035130321979523,0.6132524013519287,-0.09627485275268555,0.24481201171875,0.6187337636947632,-0.07079467922449112
0.3711150884628296,0.7312817573547363,-5.228830559644848e-07,0.44547516107559204,0.6946111917495728,-0.06051129102706909,0.5135905742645264,0.6196141242980957,-0.10590489953756332,0.573865532875061,0.627362072467804,-0.14953671395778656,0.6195095181465149,0.6684987545013428,-0.1833168864250183,0.4771919846534729,0.37217962741851807,-0.06693990528583527,0.5045477151870728,0.44767192006111145,-0.1546163558959961,0.5188679099082947,0.5738672614097595,-0.20233961939811707,0.5172484517097473,0.6211329102516174,-0.22370879352092743,0.3741970956325531,0.35776251554489136,-0.06819555163383484,0.3893855810165405,0.47663414478302,-0.14646339416503906,0.41807156801223755,0.6241874694824219,-0.1517776995897293,0.42692065238952637,0.6464400887489319,-0.14180123805999756,0.2805067002773285,0.3901245594024658,-0.08184104412794113,0.2947811484336853,0.5216355323791504,-0.14829455316066742,0.3391974866390228,0.6582114696502686,-0.12391750514507294,0.3589935004711151,0.6773223280906677,-0.09248204529285431,0.1984318494796753,0.4424291253089905,-0.10348830372095108,0.20540203154087067,0.5494745373725891,-0.13246192038059235,0.24414610862731934,0.6335327625274658,-0.11299048364162445,0.2653677463531494,0.6344327330589294,-0.09032416343688965
0.3513166010379791,0.7269134521484375,-5.083217615720059e-07,0.43366146087646484,0.6981923580169678,-0.05983192101120949,0.5146647691726685,0.6387698650360107,-0.10829385370016098,0.5661029815673828,0.6511138081550598,-0.15450724959373474,0.5937473773956299,0.688068687915802,-0.19266138970851898,0.4855283498764038,0.37408268451690674,-0.07627390325069427,0.5217856168746948,0.4247598648071289,-0.15706519782543182,0.5310725569725037,0.5423570871353149,-0.19796335697174072,0.5196918249130249,0.5861697793006897,-0.21809154748916626,0.38584014773368835,0.3588196933269501,-0.07990924268960953,0.4175931513309479,0.45889872312545776,-0.15382727980613708,0.4397442638874054,0.6052233576774597,-0.16133788228034973,0.4350639581680298,0.629585325717926,-0.155844047665596,0.294303834438324,0.3962172865867615,-0.09413353353738785,0.32409295439720154,0.5189287662506104,-0.1586027443408966,0.3610309362411499,0.6391165256500244,-0.1410692036151886,0.36525818705558777,0.6448389887809753,-0.11833804845809937,0.214080810546875,0.45903605222702026,-0.11551548540592194,0.2435426414012909,0.5700004696846008,-0.15072201192378998,0.28085920214653015,0.6449809670448303,-0.13977007567882538,0.2887049913406372,0.6357163786888123,-0.12513840198516846
0.3424617350101471,0.7091379761695862,-3.144494371554174e-07,0.42188557982444763,0.6915602684020996,-0.06310200691223145,0.5037890672683716,0.6480581760406494,-0.11676382273435593,0.5596820116043091,0.6684261560440063,-0.16803888976573944,0.6042965054512024,0.7122207880020142,-0.21044756472110748,0.4838637411594391,0.37510591745376587,-0.08195249736309052,0.5274913907051086,0.39378395676612854,-0.16830173134803772,0.5331367254257202,0.5054706335067749,-0.21105080842971802,0.5175695419311523,0.5638320446014404,-0.22865191102027893,0.387930303812027,0.3504679799079895,-0.08237159252166748,0.42789456248283386,0.4661817252635956,-0.15564414858818054,0.4449266493320465,0.6161282658576965,-0.1617860347032547,0.4403694272041321,0.6372950077056885,-0.15423811972141266,0.29867446422576904,0.3804280459880829,-0.09390830993652344,0.3413259983062744,0.5221899151802063,-0.1552301049232483,0.3656329810619354,0.6345310807228088,-0.1378086358308792,0.3607882857322693,0.6328996419906616,-0.11486709117889404,0.21891050040721893,0.43765318393707275,-0.11290799826383591,0.2575848400592804,0.5628878474235535,-0.1451004296541214,0.28888753056526184,0.6354124546051025,-0.1337689906358719,0.29196053743362427,0.620893120765686,-0.11742623150348663
0.3526781499385834,0.6862211227416992,-2.855088325759425e-07,0.4334689974784851,0.665997326374054,-0.05454440414905548,0.5155837535858154,0.6287336945533752,-0.10276523977518082,0.5725481510162354,0.66362065076828,-0.14895255863666534,0.6040921807289124,0.7309709787368774,-0.18798597157001495,0.4889281392097473,0.35452041029930115,-0.08063283562660217,0.5251078605651855,0.4408714771270752,-0.15440766513347626,0.5196399688720703,0.5418004393577576,-0.19227641820907593,0.49868276715278625,0.5638687610626221,-0.21224015951156616,0.3926179111003876,0.33697426319122314,-0.08526618778705597,0.43264687061309814,0.5030097961425781,-0.14701978862285614,0.44438156485557556,0.6214430332183838,-0.15185880661010742,0.4394833743572235,0.6154009103775024,-0.14913733303546906,0.30354756116867065,0.3688424229621887,-0.09832625836133957,0.3491717278957367,0.5497463345527649,-0.1479463130235672,0.3710402846336365,0.6370148658752441,-0.13099706172943115,0.36729419231414795,0.6133670210838318,-0.11332830041646957,0.22624462842941284,0.4237024486064911,-0.1189330443739891,0.2665482759475708,0.5745603442192078,-0.14493919909000397,0.2951628565788269,0.6384570002555847,-0.13431458175182343,0.3001975417137146,0.6160364747047424,-0.12152181565761566
0.35837021470069885,0.6941840648651123,-4.3505866642590263e-07,0.44113630056381226,0.6591257452964783,-0.03851456567645073,0.5246513485908508,0.6113398671150208,-0.07666055113077164,0.5736574530601501,0.6482406854629517,-0.11554200947284698,0.5985519886016846,0.7316885590553284,-0.14936789870262146,0.47454434633255005,0.35243868827819824,-0.06470663100481033,0.5235485434532166,0.44801393151283264,-0.12774839997291565,0.5191445350646973,0.5493023991584778,-0.1616242676973343,0.5040174722671509,0.566015362739563,-0.18174222111701965,0.3821808695793152,0.3373503088951111,-0.07483917474746704,0.44448262453079224,0.5095261335372925,-0.1250268667936325,0.45042166113853455,0.6174218654632568,-0.1288284957408905,0.4408743679523468,0.6101493835449219,-0.12913046777248383,0.30086562037467957,0.3743312656879425,-0.0914524644613266,0.365996778011322,0.558208703994751,-0.13208793103694916,0.3804791271686554,0.6376756429672241,-0.11966899037361145,0.36939537525177,0.613175094127655,-0.10852524638175964,0.23213449120521545,0.43427786231040955,-0.11425238847732544,0.28584709763526917,0.5872713923454285,-0.13790728151798248,0.3094824254512787,0.6425114870071411,-0.13262702524662018,0.30615776777267456,0.6159919500350952,-0.126045823097229
0.35409918427467346,0.6383006572723389,-4.431940112681332e-07,0.4402101933956146,0.6240031123161316,-0.042977411299943924,0.5220977067947388,0.594732403755188,-0.08027493208646774,0.5677947998046875,0.6294975280761719,-0.11596114933490753,0.5805144906044006,0.7083688378334045,-0.14665842056274414,0.4768275320529938,0.3440858721733093,-0.06783872097730637,0.5313447117805481,0.4934177100658417,-0.12339561432600021,0.5159698724746704,0.568069577217102,-0.15274359285831451,0.49471384286880493,0.5565541982650757,-0.17270110547542572,0.388233482837677,0.32914406061172485,-0.07417989522218704,0.45252755284309387,0.5457023978233337,-0.11836884915828705,0.44678613543510437,0.6196776628494263,-0.11959058046340942,0.4317134618759155,0.5848548412322998,-0.12122263759374619,0.3094889521598816,0.36444032192230225,-0.08663177490234375,0.3760158121585846,0.5798923373222351,-0.12175161391496658,0.3769548535346985,0.6265485286712646,-0.10808111727237701,0.3617563247680664,0.5773754715919495,-0.09943101555109024,0.24216489493846893,0.42068183422088623,-0.10631216317415237,0.298098623752594,0.5918411016464233,-0.13316336274147034,0.3124757409095764,0.6298139095306396,-0.13308539986610413,0.30588123202323914,0.5918202996253967,-0.13124346733093262
0.3475951552391052,0.6380055546760559,-3.5961403455075924e-07,0.4388502836227417,0.6170154213905334,-0.03951931372284889,0.5269787907600403,0.5933442711830139,-0.07317835092544556,0.5751761198043823,0.6283525228500366,-0.1052955612540245,0.5658283233642578,0.7035552263259888,-0.13309848308563232,0.479661226272583,0.35488665103912354,-0.06991131603717804,0.5416767597198486,0.5308487415313721,-0.11931925266981125,0.5186547040939331,0.5739060044288635,-0.1467275768518448,0.49337238073349,0.5386544466018677,-0.16812507808208466,0.39459335803985596,0.34610119462013245,-0.07772127538919449,0.4699542224407196,0.586328387260437,-0.11575839668512344,0.45397910475730896,0.615095853805542,-0.11783909797668457,0.43208301067352295,0.5572192668914795,-0.1239912211894989,0.31745439767837524,0.3838563859462738,-0.0904574990272522,0.39018356800079346,0.6183870434761047,-0.11984030157327652,0.3810887932777405,0.6299539804458618,-0.10672527551651001,0.36205145716667175,0.5651981830596924,-0.10072711855173111,0.25033819675445557,0.4425935447216034,-0.11090578883886337,0.30764561891555786,0.6303461790084839,-0.13770274817943573,0.31318968534469604,0.6443396806716919,-0.1410626471042633,0.30077728629112244,0.5965554714202881,-0.14254063367843628
0.3581559658050537,0.6916022300720215,-2.4168315349015757e-07,0.45297595858573914,0.6566426753997803,-0.03886520490050316,0.5439599752426147,0.6211104393005371,-0.0726451575756073,0.588728666305542,0.6219972372055054,-0.10555247962474823,0.545876681804657,0.6706691980361938,-0.13414965569972992,0.4784073829650879,0.3485630750656128,-0.056270454078912735,0.5558178424835205,0.5275260210037231,-0.10444048047065735,0.5291630625724792,0.5456971526145935,-0.13523077964782715,0.5033820271492004,0.499379962682724,-0.1593487411737442,0.39476636052131653,0.3493131101131439,-0.06471126526594162,0.48991113901138306,0.5930799841880798,-0.10289908945560455,0.46083182096481323,0.609755277633667,-0.10844448208808899,0.4329575300216675,0.5526978373527527,-0.11600443720817566,0.3208226263523102,0.3944334387779236,-0.07869689166545868,0.40905267000198364,0.6302636861801147,-0.11150839179754257,0.38879674673080444,0.6342142820358276,-0.1027422845363617,0.364051878452301,0.5763784646987915,-0.09744385629892349,0.2575913071632385,0.4588533639907837,-0.10008912533521652,0.32614409923553467,0.6437103748321533,-0.12779618799686432,0.323006808757782,0.6477723121643066,-0.1335359662771225,0.3029255270957947,0.6014619469642639,-0.13554728031158447
0.3939060866832733,0.7861583232879639,-4.3509970737432013e-07,0.4807688593864441,0.7250871658325195,-0.032279111444950104,0.5544581413269043,0.6499770879745483,-0.06408746540546417,0.5859090089797974,0.6156890988349915,-0.09637155383825302,0.5573011636734009,0.638669490814209,-0.12349216639995575,0.48073869943618774,0.3487422466278076,-0.04094558209180832,0.5671347379684448,0.5116381049156189,-0.0878809317946434,0.5412925481796265,0.5707283616065979,-0.11786380410194397,0.508560061454773,0.5378803610801697,-0.14042389392852783,0.3988454341888428,0.3540891408920288,-0.05372362956404686,0.5078319907188416,0.5773535370826721,-0.09058670699596405,0.48074623942375183,0.6386065483093262,-0.09655697643756866,0.4465663433074951,0.592753529548645,-0.10283461213111877,0.32783329486846924,0.40780502557754517,-0.07205786556005478,0.42989566922187805,0.626012921333313,-0.10675075650215149,0.41259345412254333,0.6726256608963013,-0.09960981458425522,0.3789932131767273,0.6300461888313293,-0.09521356225013733,0.26615265011787415,0.48683661222457886,-0.096376933157444,0.3491281569004059,0.6590977311134338,-0.12115811556577682,0.351059228181839,0.7093174457550049,-0.12064065784215927,0.3274054527282715,0.6905789375305176,-0.11783246695995331
0.4100857079029083,0.7848803997039795,-3.9649046357226325e-07,0.4936724007129669,0.7241456508636475,-0.030935605987906456,0.5579156875610352,0.6470661163330078,-0.05946781486272812,0.582617461681366,0.6037326455116272,-0.08763960748910904,0.5612303614616394,0.6057835221290588,-0.11030041426420212,0.47088727355003357,0.3418676257133484,-0.033150024712085724,0.5687910318374634,0.4976036846637726,-0.07715296745300293,0.5424164533615112,0.5473793745040894,-0.10876137763261795,0.5057364702224731,0.515903651714325,-0.13328611850738525,0.39195042848587036,0.35894668102264404,-0.04349922761321068,0.5157517790794373,0.5716825127601624,-0.07755526155233383,0.48661190271377563,0.6182122230529785,-0.08610393851995468,0.450081467628479,0.5776972770690918,-0.09523628652095795,0.32761991024017334,0.4248795509338379,-0.05943858623504639,0.4478120803833008,0.6330833435058594,-0.09056736528873444,0.4219980537891388,0.6648992300033569,-0.08681938797235489,0.383600115776062,0.6248942017555237,-0.08563722670078278,0.2754470109939575,0.5133974552154541,-0.08145968616008759,0.3752344250679016,0.6801302433013916,-0.10612030327320099,0.36656349897384644,0.7134696841239929,-0.11137311160564423,0.33239084482192993,0.6869714856147766,-0.11292993277311325
0.4005511403083801,0.6944043040275574,-5.063329808763228e-07,0.4356299936771393,0.6753684282302856,-0.03721917048096657,0.4843164384365082,0.6355266571044922,-0.07473992556333542,0.5297677516937256,0.6025100350379944,-0.10948517918586731,0.5615391731262207,0.5800809264183044,-0.1364545077085495,0.3883059024810791,0.37034666538238525,-0.055144913494586945,0.5349046587944031,0.5125948190689087,-0.1049552857875824,0.5220199823379517,0.5616734027862549,-0.13761788606643677,0.48057422041893005,0.5348092317581177,-0.16085994243621826,0.36925649642944336,0.36842405796051025,-0.06009143590927124,0.5374423265457153,0.5487397313117981,-0.10235609114170074,0.5098732709884644,0.5843055844306946,-0.10767345875501633,0.4637451767921448,0.5509480834007263,-0.1136954128742218,0.3698536157608032,0.3962132930755615,-0.0702396109700203,0.5340631008148193,0.5622589588165283,-0.10292284935712814,0.5028117299079895,0.5841622948646545,-0.0898100733757019,0.4546326696872711,0.5562784671783447,-0.08162679523229599,0.3805385231971741,0.44298022985458374,-0.08720336854457855,0.5200825929641724,0.5601804852485657,-0.10907536745071411,0.503803551197052,0.5731481909751892,-0.10751921683549881,0.463904470205307,0.5440583229064941,-0.10460057109594345
0.3365054726600647,0.4618861675262451,9.183887073049846e-08,0.3993483781814575,0.4384353756904602,-0.047662679105997086,0.47407594323158264,0.46024638414382935,-0.09500833600759506,0.5369945764541626,0.5040646195411682,-0.13680776953697205,0.5851624011993408,0.5439245104789734,-0.1786258965730667,0.41409504413604736,0.354997843503952,-0.11261169612407684,0.5644049644470215,0.4892410933971405,-0.17281761765480042,0.5502070784568787,0.4997866451740265,-0.2115565687417984,0.5000365376472473,0.4782414138317108,-0.23912948369979858,0.36893266439437866,0.40697237849235535,-0.11660809814929962,0.5375708341598511,0.5647575259208679,-0.16414082050323486,0.5034257769584656,0.5607212781906128,-0.16809117794036865,0.4494437277317047,0.5212361812591553,-0.17754271626472473,0.33989936113357544,0.4726312458515167,-0.12347106635570526,0.4967178702354431,0.6236366033554077,-0.15671491622924805,0.46557965874671936,0.6141809225082397,-0.13805729150772095,0.4220193028450012,0.5788477063179016,-0.12944650650024414,0.3220111131668091,0.5405347943305969,-0.13819147646427155,0.44725683331489563,0.6589016914367676,-0.1705830842256546,0.4267183244228363,0.6457910537719727,-0.17062602937221527,0.3865216076374054,0.6138882637023926,-0.17081227898597717
0.35270068049430847,0.4684470295906067,6.178795501909917e-07,0.40878158807754517,0.43366771936416626,-0.03106440044939518,0.48619750142097473,0.42519611120224,-0.08310556411743164,0.5505487322807312,0.47455984354019165,-0.1282382309436798,0.5849000215530396,0.520459771156311,-0.17030949890613556,0.4162423610687256,0.36040937900543213,-0.16091011464595795,0.553640604019165,0.43897175788879395,-0.2129482924938202,0.5613674521446228,0.47158896923065186,-0.22483277320861816,0.5301187038421631,0.4690175950527191,-0.2293306291103363,0.3723863661289215,0.40249013900756836,-0.17174839973449707,0.5480147004127502,0.5054606199264526,-0.22081924974918365,0.5389705300331116,0.5282948017120361,-0.205976203083992,0.500209391117096,0.5143386721611023,-0.19775761663913727,0.351142942905426,0.4563645124435425,-0.17897918820381165,0.528956413269043,0.5613216161727905,-0.20383979380130768,0.5169404149055481,0.5683435201644897,-0.16694574058055878,0.47919708490371704,0.5428884029388428,-0.1478043794631958,0.3457237482070923,0.5148014426231384,-0.18945175409317017,0.48548945784568787,0.5959892272949219,-0.19949322938919067,0.48514917492866516,0.5971022248268127,-0.1766432374715805,0.45744234323501587,0.5774204134941101,-0.16553567349910736
0.24576562643051147,0.5447990298271179,-1.0366361635760768e-07,0.2888341248035431,0.430929034948349,-0.019093573093414307,0.3822081983089447,0.33988797664642334,-0.05159996077418327,0.4689529538154602,0.32288047671318054,-0.08086089044809341,0.530235230922699,0.352088987827301,-0.10418682545423508,0.39191147685050964,0.30220216512680054,-0.10210762172937393,0.5526634454727173,0.37611302733421326,-0.14553461968898773,0.5289548635482788,0.42510634660720825,-0.15384937822818756,0.47767287492752075,0.42407462000846863,-0.15340815484523773,0.372745543718338,0.39367276430130005,-0.11449652910232544,0.5477939248085022,0.4677765369415283,-0.15017178654670715,0.5135088562965393,0.505999743938446,-0.13722355663776398,0.4569389224052429,0.5002145171165466,-0.12632714211940765,0.3629782497882843,0.49408745765686035,-0.12540443241596222,0.5267323851585388,0.5546438097953796,-0.14413289725780487,0.4929649233818054,0.5755481719970703,-0.11355780810117722,0.4409681260585785,0.5652153491973877,-0.09377436339855194,0.3575863242149353,0.5933606624603271,-0.13795733451843262,0.4822879731655121,0.6289160251617432,-0.14306509494781494,0.45458823442459106,0.6438636183738708,-0.11924485862255096,0.40903395414352417,0.6360573172569275,-0.10297203809022903
0.2381829023361206,0.5580312013626099,-1.890922902703096e-07,0.27960169315338135,0.4382324516773224,-0.014805439859628677,0.3724316358566284,0.34367477893829346,-0.042259715497493744,0.463570237159729,0.3083057999610901,-0.06637446582317352,0.519853949546814,0.31394341588020325,-0.08446052670478821,0.3815765380859375,0.3020455837249756,-0.09472448378801346,0.5386452078819275,0.35745441913604736,-0.13490630686283112,0.5078997015953064,0.39943966269493103,-0.14125461876392365,0.4571189284324646,0.3953481912612915,-0.14080925285816193,0.3772292137145996,0.40050387382507324,-0.10919025540351868,0.5406959056854248,0.44824764132499695,-0.137056365609169,0.5038517117500305,0.48105067014694214,-0.12178339064121246,0.45184001326560974,0.4836932122707367,-0.11210604757070541,0.37596046924591064,0.5060020685195923,-0.12219833582639694,0.5283908843994141,0.5429152846336365,-0.14233410358428955,0.49111929535865784,0.5699206590652466,-0.1152084693312645,0.4419635534286499,0.5762035250663757,-0.09939013421535492,0.3731740713119507,0.6065157651901245,-0.13597488403320312,0.48134249448776245,0.6502150297164917,-0.15131144225597382,0.4534130096435547,0.6829198598861694,-0.13522839546203613,0.41998255252838135,0.6998888254165649,-0.12380535900592804
0.22740435600280762,0.5663424134254456,-4.2316466419833887e-07,0.2667391896247864,0.44170942902565,-0.005186270456761122,0.3607028126716614,0.3452598750591278,-0.027989273890852928,0.4555782973766327,0.31219005584716797,-0.05103617534041405,0.5179306268692017,0.31497377157211304,-0.06830056011676788,0.37288758158683777,0.29812881350517273,-0.06866337358951569,0.5242376327514648,0.3408304452896118,-0.10615452378988266,0.49138379096984863,0.38514643907546997,-0.11670025438070297,0.4448484480381012,0.3874950706958771,-0.11888338625431061,0.3776874542236328,0.3953987658023834,-0.08656976372003555,0.528920590877533,0.42498162388801575,-0.10870148986577988,0.49328237771987915,0.4586760103702545,-0.09732624143362045,0.4471980035305023,0.45959004759788513,-0.0914817526936531,0.38663649559020996,0.49808529019355774,-0.10360633581876755,0.5224035978317261,0.5099377632141113,-0.11488731950521469,0.4860649108886719,0.5345454216003418,-0.0842287465929985,0.43932923674583435,0.5377017259597778,-0.06662917882204056,0.39566460251808167,0.5954908728599548,-0.12146733701229095,0.5077677965164185,0.5807687044143677,-0.11871849745512009,0.4754285216331482,0.5972552299499512,-0.09010990709066391,0.43390148878097534,0.6047166585922241,-0.0722530409693718
0.2220865786075592,0.5805853605270386,-5.024921279073169e-07,0.2619312107563019,0.4474136233329773,-0.0014812303707003593,0.35051429271698,0.35114020109176636,-0.01879543997347355,0.44154056906700134,0.3139533996582031,-0.036243267357349396,0.508847713470459,0.3088386058807373,-0.047835636883974075,0.3674592673778534,0.2982012927532196,-0.04988446459174156,0.5031171441078186,0.32325226068496704,-0.08087319135665894,0.4725896716117859,0.3713266849517822,-0.09187988191843033,0.4265640676021576,0.3796238899230957,-0.09521760791540146,0.3852900266647339,0.3942405581474304,-0.06645610183477402,0.5175830125808716,0.4121887981891632,-0.08156494051218033,0.48417460918426514,0.45032089948654175,-0.07405960559844971,0.43797558546066284,0.45516812801361084,-0.07084167003631592,0.4023861289024353,0.4961380362510681,-0.08207065612077713,0.5122591257095337,0.5066463947296143,-0.08737386763095856,0.47692766785621643,0.5304315090179443,-0.06175759807229042,0.43188217282295227,0.5315017700195312,-0.048624008893966675,0.41331151127815247,0.5937788486480713,-0.09821824729442596,0.49087584018707275,0.5819105505943298,-0.09156116098165512,0.4539758265018463,0.5986984968185425,-0.06477519869804382,0.4160955250263214,0.6050921678543091,-0.048457205295562744
0.21467101573944092,0.5856481194496155,-3.7439809830175363e-07,0.25522559881210327,0.4367128908634186,0.002620866522192955,0.33666330575942993,0.3545933961868286,-0.015441498719155788,0.4190812408924103,0.3581933379173279,-0.034632474184036255,0.4726010262966156,0.41545572876930237,-0.04900619015097618,0.358860582113266,0.2938242554664612,-0.04223334789276123,0.48327362537384033,0.3114650845527649,-0.06661929935216904,0.4533329904079437,0.35896632075309753,-0.07640212774276733,0.4116513431072235,0.37047338485717773,-0.0808066725730896,0.38744091987609863,0.38860857486724854,-0.05908238887786865,0.5021884441375732,0.394446462392807,-0.06786848604679108,0.4706001281738281,0.4308420419692993,-0.061438094824552536,0.42696866393089294,0.44229856133461,-0.05871826037764549,0.4110220968723297,0.48972469568252563,-0.07416458427906036,0.494844526052475,0.48746320605278015,-0.07188930362462997,0.4624282121658325,0.512252151966095,-0.05112561956048012,0.42115116119384766,0.5193848609924316,-0.04121588170528412,0.42504769563674927,0.587167501449585,-0.08976738899946213,0.4728846848011017,0.5698122978210449,-0.07667730003595352,0.4403941333293915,0.5869590044021606,-0.051893915981054306,0.40963056683540344,0.5981165170669556,-0.03678438067436218
0.21531866490840912,0.6114310026168823,-4.291500488307065e-07,0.24608899652957916,0.4496943950653076,0.009264621883630753,0.31439390778541565,0.35720041394233704,-0.003240250051021576,0.3891957700252533,0.34571653604507446,-0.018223712220788002,0.43771257996559143,0.39981818199157715,-0.029092805460095406,0.3460630774497986,0.29152676463127136,-0.027050519362092018,0.45985376834869385,0.29393380880355835,-0.04365558549761772,0.4372348487377167,0.3423061668872833,-0.0487363375723362,0.3976220190525055,0.36184537410736084,-0.04984106495976448,0.38421985507011414,0.3825412094593048,-0.04375159740447998,0.47998136281967163,0.37220337986946106,-0.045545000582933426,0.4524850845336914,0.41070228815078735,-0.03851546719670296,0.41259464621543884,0.42969873547554016,-0.035413313657045364,0.41525784134864807,0.48166343569755554,-0.05798017233610153,0.48218825459480286,0.4600604772567749,-0.051232028752565384,0.4528340995311737,0.4886673092842102,-0.032442931085824966,0.415846049785614,0.505281925201416,-0.02363325096666813,0.4346616268157959,0.5772603750228882,-0.07183223962783813,0.46946796774864197,0.5399854183197021,-0.05645051598548889,0.44005048274993896,0.5595813989639282,-0.03158324956893921,0.4136498272418976,0.5781800746917725,-0.015351716428995132
0.21121542155742645,0.6285301446914673,-4.5044814100947406e-07,0.24065528810024261,0.46443212032318115,0.008465315215289593,0.3040161728858948,0.3719748258590698,-0.0028736318927258253,0.37468448281288147,0.35531795024871826,-0.015964217483997345,0.4249802827835083,0.40425264835357666,-0.02478734217584133,0.3378250002861023,0.2993023693561554,-0.025771871209144592,0.4390934705734253,0.3018255829811096,-0.03715940937399864,0.41939014196395874,0.34948939085006714,-0.03901729732751846,0.3816612660884857,0.3666965067386627,-0.03932355344295502,0.37999460101127625,0.3856695890426636,-0.0411139652132988,0.46634143590927124,0.37607187032699585,-0.03921763226389885,0.4438801109790802,0.41319549083709717,-0.032258834689855576,0.4056142270565033,0.4320683479309082,-0.03003629855811596,0.41475170850753784,0.48152658343315125,-0.0534314289689064,0.4702325165271759,0.46591153740882874,-0.043263450264930725,0.44397011399269104,0.49323588609695435,-0.02626001089811325,0.40731367468833923,0.508304238319397,-0.019686125218868256,0.43636801838874817,0.575221598148346,-0.06569070369005203,0.4579661190509796,0.5508396625518799,-0.0485745333135128,0.4303038716316223,0.5697429776191711,-0.025771092623472214,0.40334171056747437,0.5851797461509705,-0.011449631303548813
0.21464285254478455,0.6597534418106079,-4.892273750556342e-07,0.23594099283218384,0.4956682622432709,0.010517578572034836,0.28921496868133545,0.39459073543548584,0.0016020121984183788,0.3509114682674408,0.3712911605834961,-0.010504054836928844,0.3988856375217438,0.41060173511505127,-0.019053969532251358,0.33096471428871155,0.3218432366847992,-0.01525072380900383,0.4239197373390198,0.31242600083351135,-0.027880150824785233,0.4045071601867676,0.36098164319992065,-0.034092195332050323,0.36449915170669556,0.37844526767730713,-0.03692062571644783,0.3777540624141693,0.39910659193992615,-0.031056001782417297,0.45454588532447815,0.3856964707374573,-0.027632053941488266,0.43313688039779663,0.4268687963485718,-0.023488134145736694,0.39393070340156555,0.4466329514980316,-0.023353254422545433,0.41523295640945435,0.48950135707855225,-0.04446231201291084,0.46104535460472107,0.476118803024292,-0.03307998180389404,0.4364759922027588,0.5088933110237122,-0.017971541732549667,0.39990052580833435,0.5258211493492126,-0.012691967189311981,0.43821942806243896,0.5793381929397583,-0.05802533030509949,0.45740970969200134,0.5588726997375488,-0.04116322100162506,0.4327540993690491,0.5819920301437378,-0.018876254558563232,0.40565142035484314,0.5990004539489746,-0.004431583918631077
0.22015830874443054,0.6912233233451843,-5.380478569350089e-07,0.22952888906002045,0.5302479863166809,0.012637077830731869,0.2776353359222412,0.42243289947509766,0.008008330129086971,0.33437496423721313,0.3841172456741333,-0.0002510968188289553,0.3818685710430145,0.405085027217865,-0.004884310998022556,0.32040494680404663,0.35111093521118164,-0.0065986039116978645,0.4009668827056885,0.3237015902996063,-0.016498105600476265,0.38940325379371643,0.36852511763572693,-0.020454740151762962,0.35524511337280273,0.3950607478618622,-0.021115891635417938,0.3711419105529785,0.4166884422302246,-0.02110002189874649,0.43241995573043823,0.38996684551239014,-0.01704813353717327,0.41550612449645996,0.42715439200401306,-0.013083306141197681,0.38044026494026184,0.4540945887565613,-0.012004890479147434,0.41280296444892883,0.49732476472854614,-0.03348977863788605,0.4425273537635803,0.47959741950035095,-0.022911258041858673,0.4223710298538208,0.509355902671814,-0.010965094901621342,0.3910127878189087,0.5315432548522949,-0.0067225308157503605,0.440295547246933,0.579973042011261,-0.04580847546458244,0.449093759059906,0.5626620054244995,-0.02992059290409088,0.42619404196739197,0.5845171809196472,-0.010974245145916939,0.401879221200943,0.6038481593132019,0.0019496600143611431
0.22317664325237274,0.7284538745880127,-5.711376616091002e-07,0.22568903863430023,0.568413257598877,0.01505056582391262,0.27036499977111816,0.4620360732078552,0.01137623842805624,0.3288480341434479,0.42365601658821106,0.002734545851126313,0.38092759251594543,0.438938170671463,-0.002609004033729434,0.3117717504501343,0.39044079184532166,0.00034356911783106625,0.38287171721458435,0.3475850522518158,-0.010520396754145622,0.37293869256973267,0.39184585213661194,-0.01708095706999302,0.3441806733608246,0.42416539788246155,-0.019444540143013,0.36355262994766235,0.4494639039039612,-0.01609380729496479,0.41979163885116577,0.40789276361465454,-0.014111918397247791,0.4045080244541168,0.44259682297706604,-0.013040308840572834,0.3715754449367523,0.4730587601661682,-0.013130377046763897,0.40709036588668823,0.523960292339325,-0.030619105324149132,0.4326099157333374,0.49894943833351135,-0.021625734865665436,0.414543092250824,0.5281838774681091,-0.010913067497313023,0.3851657509803772,0.5527566075325012,-0.006701260805130005,0.4365074336528778,0.6024439334869385,-0.04502725228667259,0.44754910469055176,0.576136589050293,-0.029864419251680374,0.42683303356170654,0.5959500670433044,-0.010321867652237415,0.40274205803871155,0.61513352394104,0.0035035263281315565
0.23656396567821503,0.7618794441223145,-5.658405939357181e-07,0.2255457043647766,0.6003588438034058,0.01572546176612377,0.2568628191947937,0.49077558517456055,0.013029621914029121,0.31113651394844055,0.44967928528785706,0.005039820913225412,0.36081328988075256,0.4633326530456543,0.0001282173179788515,0.3030182123184204,0.4122427999973297,0.002936729695647955,0.36505982279777527,0.3806290626525879,-0.0032937233336269855,0.36149442195892334,0.42264413833618164,-0.005544796586036682,0.33639371395111084,0.45693016052246094,-0.005947662517428398,0.35808417201042175,0.4644504189491272,-0.01363356038928032,0.4050179719924927,0.4352676570415497,-0.011776912957429886,0.3903409540653229,0.47280412912368774,-0.010238098911941051,0.3573779761791229,0.5066280364990234,-0.009523393586277962,0.40442442893981934,0.5353363156318665,-0.028045760467648506,0.42877525091171265,0.5165032148361206,-0.02188524231314659,0.411195307970047,0.549462080001831,-0.011799064464867115,0.3819805085659027,0.5783575177192688,-0.006879976484924555,0.4355820417404175,0.613078773021698,-0.04208490252494812,0.4494486153125763,0.5982799530029297,-0.031832996755838394,0.42965659499168396,0.6204901337623596,-0.01473536342382431,0.4053933322429657,0.6410160064697266,-0.0013681936543434858
0.24525628983974457,0.7974146604537964,-6.144020971987629e-07,0.22067122161388397,0.6432332992553711,0.01388360932469368,0.24065762758255005,0.5297001600265503,0.011567133478820324,0.28440892696380615,0.4641203284263611,0.005065187346190214,0.3296770751476288,0.4545702338218689,0.0017206681659445167,0.2927931845188141,0.45947644114494324,-0.0021885493770241737,0.3403032124042511,0.408267080783844,-0.008559510111808777,0.33536475896835327,0.4472458064556122,-0.009900951758027077,0.3129497766494751,0.48716455698013306,-0.009336837567389011,0.3486019968986511,0.5072866082191467,-0.017108816653490067,0.38457828760147095,0.46419617533683777,-0.013963607139885426,0.3699405789375305,0.5000715851783752,-0.010217864997684956,0.34089726209640503,0.5383340716362,-0.00876279454678297,0.3957813084125519,0.5723243951797485,-0.029705077409744263,0.41284531354904175,0.5443271398544312,-0.024160111322999,0.395015150308609,0.5752143859863281,-0.012548618949949741,0.3684605658054352,0.6076111197471619,-0.007236918434500694,0.4283546507358551,0.6454660296440125,-0.041736096143722534,0.43954724073410034,0.6251993179321289,-0.033235520124435425,0.4188553988933563,0.646797776222229,-0.01604308933019638,0.39560550451278687,0.6703824996948242,-0.002856396371498704
0.2693811357021332,0.8348270654678345,-6.02553711814835e-07,0.22575168311595917,0.6904284954071045,0.00889637041836977,0.22287508845329285,0.5677911043167114,0.006636573933064938,0.2605135440826416,0.4953324794769287,0.0004587775038089603,0.30912303924560547,0.48562008142471313,-0.0028712220955640078,0.28981760144233704,0.4962499737739563,0.0012562404153868556,0.3265495300292969,0.4310402274131775,-0.007192855700850487,0.31813865900039673,0.46845436096191406,-0.013144386000931263,0.29984986782073975,0.5118204355239868,-0.015832507982850075,0.35257625579833984,0.5391049385070801,-0.01092526689171791,0.3731090724468231,0.48449963331222534,-0.0075726876966655254,0.3576643168926239,0.5177896022796631,-0.0058883605524897575,0.3352125585079193,0.5601538419723511,-0.006086100824177265,0.4029651880264282,0.5971897840499878,-0.022235220298171043,0.4046967327594757,0.5646894574165344,-0.016855420544743538,0.38777363300323486,0.5931833982467651,-0.00865098275244236,0.3668718636035919,0.6301596760749817,-0.005586566403508186,0.4381332993507385,0.6608444452285767,-0.0334986075758934,0.4343611001968384,0.6365729570388794,-0.025452567264437675,0.41476964950561523,0.659072995185852,-0.010824677534401417,0.39666664600372314,0.6888687014579773,0.0004985352861694992
0.29511895775794983,0.8646999597549438,-6.882964385113155e-07,0.23576809465885162,0.7254601120948792,0.0033651397097855806,0.2273787260055542,0.5941128134727478,0.0007843783823773265,0.26254525780677795,0.5065826177597046,-0.004101811908185482,0.3102964460849762,0.4808498024940491,-0.005748944357037544,0.3021719753742218,0.5300158262252808,-0.0009102434851229191,0.32296448945999146,0.45597633719444275,-0.008008060045540333,0.30695784091949463,0.4991180896759033,-0.014014480635523796,0.29477444291114807,0.5483607053756714,-0.0172820333391428,0.36783820390701294,0.5702762603759766,-0.009167011827230453,0.3704915940761566,0.503179669380188,-0.004049886483699083,0.3522420823574066,0.5361608266830444,-0.002117623807862401,0.33772891759872437,0.5827597379684448,-0.0030140250455588102,0.4195069670677185,0.6230029463768005,-0.016880635172128677,0.40540817379951477,0.5729891061782837,-0.01231957133859396,0.387834757566452,0.600509524345398,-0.004529217723757029,0.37314537167549133,0.64069002866745,-0.0019554682075977325,0.4556187689304352,0.67935711145401,-0.024589436128735542,0.4389861822128296,0.6377068161964417,-0.018075192347168922,0.42175859212875366,0.6613812446594238,-0.0037128503900021315,0.41148796677589417,0.6962074041366577,0.0072298599407076836
0.3233757019042969,0.8837400674819946,-6.600516258004063e-07,0.2524997591972351,0.7501241564750671,-0.0018475472461432219,0.2321772277355194,0.6214872598648071,-0.008663996122777462,0.2669045329093933,0.5282705426216125,-0.015867022797465324,0.3199012875556946,0.5035110712051392,-0.01878252997994423,0.3063354194164276,0.5740666389465332,-0.014394450932741165,0.3255455791950226,0.47758418321609497,-0.023158999159932137,0.3082916736602783,0.5215597748756409,-0.025755908340215683,0.296307235956192,0.5740303993225098,-0.026072531938552856,0.3774719834327698,0.6037094593048096,-0.018732208758592606,0.37453001737594604,0.5128443241119385,-0.015469595789909363,0.35700419545173645,0.5473870635032654,-0.009998839348554611,0.3457734286785126,0.5955308675765991,-0.008478742092847824,0.4334646165370941,0.6410709023475647,-0.022408386692404747,0.41419684886932373,0.5704705119132996,-0.019589221104979515,0.39760106801986694,0.5983121395111084,-0.010161496698856354,0.38572967052459717,0.6411188244819641,-0.00638915179297328,0.47329628467559814,0.6814286708831787,-0.02605007216334343,0.4454019069671631,0.62496417760849,-0.022299252450466156,0.42901259660720825,0.6504162549972534,-0.009878636337816715,0.4219154715538025,0.6877865195274353,-0.0004417905875016004
0.36931994557380676,0.9015421867370605,-7.287751486728666e-07,0.2873421311378479,0.7919910550117493,-0.01161961816251278,0.24793922901153564,0.6607666015625,-0.024719998240470886,0.27237242460250854,0.5505738258361816,-0.036158401519060135,0.32961779832839966,0.5175009965896606,-0.042435213923454285,0.3241429626941681,0.6371617317199707,-0.035092052072286606,0.3270297944545746,0.5029250383377075,-0.04979119449853897,0.3158581256866455,0.5496540665626526,-0.051200710237026215,0.3122178316116333,0.6070678234100342,-0.04956892505288124,0.40158599615097046,0.6477385759353638,-0.03613138571381569,0.38859835267066956,0.5244891047477722,-0.04348067566752434,0.3739572763442993,0.5665705800056458,-0.040282923728227615,0.3704057037830353,0.6213182210922241,-0.038123719394207,0.4682323932647705,0.6654541492462158,-0.03625463321805,0.4458421468734741,0.5564055442810059,-0.04423259571194649,0.43009302020072937,0.5901309251785278,-0.0351087786257267,0.42619097232818604,0.6408545970916748,-0.028524883091449738,0.5231918096542358,0.6883737444877625,-0.03628331795334816,0.501240074634552,0.5916200280189514,-0.044911760836839676,0.48682141304016113,0.6190922856330872,-0.03602266311645508,0.48730817437171936,0.6642119288444519,-0.026844464242458344
0.42736589908599854,0.9023255109786987,-7.63024331718043e-07,0.32873010635375977,0.8219559192657471,-0.020468246191740036,0.2682410776615143,0.6884953379631042,-0.039293818175792694,0.27597248554229736,0.5734444856643677,-0.05270325392484665,0.3329010605812073,0.5425412058830261,-0.06046705320477486,0.35187894105911255,0.7059674263000488,-0.07479004561901093,0.33286234736442566,0.5249221920967102,-0.09292521327733994,0.32778552174568176,0.5812497735023499,-0.08831088244915009,0.33608463406562805,0.6406163573265076,-0.08208955824375153,0.4346493184566498,0.6964647769927979,-0.07234323024749756,0.4027706980705261,0.5188691020011902,-0.08661201596260071,0.3912195861339569,0.5712335109710693,-0.0776757299900055,0.39540156722068787,0.6351392269134521,-0.07041332870721817,0.5039349794387817,0.6871646046638489,-0.06730008125305176,0.46898791193962097,0.5265241861343384,-0.07939094305038452,0.4551429748535156,0.5715977549552917,-0.06601328402757645,0.46023571491241455,0.6325540542602539,-0.05589821934700012,0.5581110715866089,0.6802874803543091,-0.06245838478207588,0.5305174589157104,0.5439192056655884,-0.07848724722862244,0.5149053931236267,0.5767911672592163,-0.07239919155836105,0.5191531181335449,0.6341533660888672,-0.0652693584561348
0.45222121477127075,0.9022197723388672,-7.758272317914816e-07,0.34867343306541443,0.8364353775978088,-0.03218169882893562,0.287561297416687,0.7011799812316895,-0.05405034124851227,0.293173223733902,0.5853451490402222,-0.06607214361429214,0.3452863395214081,0.5450458526611328,-0.07144325971603394,0.39576056599617004,0.7413610219955444,-0.10503359884023666,0.35800790786743164,0.534057080745697,-0.1212535873055458,0.3456273078918457,0.5961941480636597,-0.10848833620548248,0.36116236448287964,0.6565057635307312,-0.09745702147483826,0.4765905439853668,0.7257727384567261,-0.09614943712949753,0.424976646900177,0.5148983001708984,-0.1125311627984047,0.4042667746543884,0.5722391605377197,-0.09684128314256668,0.41465961933135986,0.6391640901565552,-0.08479346334934235,0.5362421870231628,0.7069469690322876,-0.08375381678342819,0.49025028944015503,0.5136792659759521,-0.09647636860609055,0.47025659680366516,0.5626370310783386,-0.07840479910373688,0.4788919687271118,0.624310314655304,-0.06595345586538315,0.5755053758621216,0.6889162659645081,-0.07218267768621445,0.5394672751426697,0.5406298041343689,-0.09000469744205475,0.5211978554725647,0.5737534761428833,-0.08468568325042725,0.528692901134491,0.6289509534835815,-0.07942738384008408
0.4663521647453308,0.907181978225708,-8.726519240553898e-07,0.36790549755096436,0.8369526863098145,-0.04380948841571808,0.3079720139503479,0.7090729475021362,-0.07356389611959457,0.3112306594848633,0.5873528122901917,-0.08915950357913971,0.36034730076789856,0.5341812372207642,-0.09742981195449829,0.4388810098171234,0.7525190114974976,-0.13369539380073547,0.38960471749305725,0.5283002257347107,-0.1528928577899933,0.3639768064022064,0.5948922038078308,-0.13828259706497192,0.3762536942958832,0.6630908846855164,-0.12574899196624756,0.5127272605895996,0.7340658903121948,-0.11728833615779877,0.44735294580459595,0.5142266750335693,-0.13970144093036652,0.41872134804725647,0.5705059766769409,-0.12252378463745117,0.42890700697898865,0.637782633304596,-0.10934019833803177,0.5624006390571594,0.7135820984840393,-0.0962168499827385,0.504074215888977,0.521054744720459,-0.11340415477752686,0.4784207046031952,0.5679229497909546,-0.0940386950969696,0.4882160425186157,0.6266734004020691,-0.08097715675830841,0.5914449095726013,0.6896113753318787,-0.07598930597305298,0.5398375391960144,0.5433695316314697,-0.09890620410442352,0.5172330737113953,0.5781728029251099,-0.09415508061647415,0.5268040895462036,0.6310709714889526,-0.08824160695075989
0.47869011759757996,0.9060982465744019,-8.525314569851616e-07,0.37531793117523193,0.8306947946548462,-0.05578462779521942,0.3243596851825714,0.7015171051025391,-0.09068714827299118,0.335421621799469,0.5792021155357361,-0.10717134922742844,0.38559773564338684,0.5293000936508179,-0.11584233492612839,0.46448299288749695,0.75754314661026,-0.15072257816791534,0.41343313455581665,0.5299545526504517,-0.17436988651752472,0.37768834829330444,0.587921679019928,-0.1621062159538269,0.3898847997188568,0.6570146083831787,-0.1509750634431839,0.5401241183280945,0.7355729937553406,-0.12724554538726807,0.4789403975009918,0.5165438055992126,-0.15335491299629211,0.4366329312324524,0.5625025629997253,-0.13607348501682281,0.44124478101730347,0.629170835018158,-0.12272211164236069,0.5857569575309753,0.7095073461532593,-0.09945395588874817,0.5249355435371399,0.521181583404541,-0.11642299592494965,0.4859284460544586,0.5605031847953796,-0.09545405209064484,0.4897882342338562,0.6170950531959534,-0.08223611861467361,0.6094174981117249,0.6784142255783081,-0.07372361421585083,0.5575746297836304,0.5450319051742554,-0.09686200320720673,0.5243139266967773,0.5753354430198669,-0.092670738697052,0.5267638564109802,0.625084638595581,-0.08690058439970016
0.4966095983982086,0.9061293601989746,-8.081113946900587e-07,0.38880467414855957,0.8379793167114258,-0.06722187995910645,0.33891037106513977,0.7074417471885681,-0.10771802812814713,0.35659679770469666,0.5778990983963013,-0.12553627789020538,0.41179245710372925,0.5322718620300293,-0.13509149849414825,0.4803609549999237,0.7473079562187195,-0.17732945084571838,0.4239279329776764,0.5222663879394531,-0.20142830908298492,0.3909001648426056,0.5741227865219116,-0.18527191877365112,0.4013994038105011,0.6376814842224121,-0.17233499884605408,0.5567699670791626,0.7241507768630981,-0.14857599139213562,0.49124205112457275,0.5133153200149536,-0.17218796908855438,0.4523296654224396,0.5526638031005859,-0.14972729980945587,0.4560837149620056,0.6116522550582886,-0.13611239194869995,0.6026394963264465,0.698888897895813,-0.1154899150133133,0.5318014025688171,0.526237964630127,-0.1304938793182373,0.49778762459754944,0.5608236789703369,-0.10855718702077866,0.503599226474762,0.6127490401268005,-0.09804786741733551,0.6250932216644287,0.6698358058929443,-0.08547810465097427,0.5671969652175903,0.5480011701583862,-0.11038502305746078,0.5348416566848755,0.5754587650299072,-0.10886916518211365,0.5371507406234741,0.6202468872070312,-0.10618739575147629
0.4962204694747925,0.9221130609512329,-8.379402061109431e-07,0.37823736667633057,0.8297759294509888,-0.05894966796040535,0.3491220474243164,0.6733424067497253,-0.08937137573957443,0.39908432960510254,0.5415892601013184,-0.09862806648015976,0.47017544507980347,0.5127501487731934,-0.10014310479164124,0.48169824481010437,0.7224856615066528,-0.14684909582138062,0.43552327156066895,0.5118228197097778,-0.16516372561454773,0.40508273243904114,0.5719552636146545,-0.15014049410820007,0.4180239737033844,0.6362831592559814,-0.13879676163196564,0.5587956309318542,0.7124615907669067,-0.11958037316799164,0.5010299682617188,0.5032849311828613,-0.14043256640434265,0.461602121591568,0.5509421229362488,-0.11957502365112305,0.46220600605010986,0.6139322519302368,-0.10451076924800873,0.6060048937797546,0.6962884068489075,-0.0889025554060936,0.5374699234962463,0.5373733639717102,-0.10161535441875458,0.5048572421073914,0.5787893533706665,-0.08183815330266953,0.5108765363693237,0.6313747763633728,-0.07056601345539093,0.6326938271522522,0.6771405935287476,-0.061210278421640396,0.5697730779647827,0.568103551864624,-0.0814271941781044,0.5401255488395691,0.602419912815094,-0.08045002073049545,0.546286940574646,0.6456140279769897,-0.07823885977268219
0.4998052418231964,0.9134923815727234,-8.29893110676494e-07,0.3817983865737915,0.8282160758972168,-0.0514565147459507,0.3463134765625,0.6820047497749329,-0.08125897496938705,0.3874373435974121,0.5449280142784119,-0.09245505928993225,0.45188698172569275,0.4917728900909424,-0.09656745195388794,0.46135422587394714,0.7161964178085327,-0.14092035591602325,0.40795934200286865,0.49882256984710693,-0.16690774261951447,0.3924058675765991,0.5558989644050598,-0.15702223777770996,0.4045705497264862,0.632305383682251,-0.14528422057628632,0.547692060470581,0.7000025510787964,-0.11785460263490677,0.4814147353172302,0.4890846908092499,-0.14005278050899506,0.45391273498535156,0.5393618941307068,-0.12163278460502625,0.45748576521873474,0.6075553894042969,-0.10794009268283844,0.6043627858161926,0.6809467077255249,-0.0914265587925911,0.530890166759491,0.5158599019050598,-0.10659030079841614,0.504117488861084,0.5606887340545654,-0.08623056858778,0.5120863318443298,0.6148780584335327,-0.07394588738679886,0.6375811696052551,0.6600086688995361,-0.0671166256070137,0.5728960037231445,0.5441201329231262,-0.08937612920999527,0.5469909906387329,0.5831491947174072,-0.08559779822826385,0.5556591153144836,0.6296947598457336,-0.08013840019702911
0.5120137333869934,0.9022412300109863,-6.521398745462648e-07,0.3935891091823578,0.8244214057922363,-0.049606502056121826,0.3402673602104187,0.6871163249015808,-0.08762036263942719,0.3666747212409973,0.5447107553482056,-0.10583514720201492,0.42913174629211426,0.4768511950969696,-0.11672305315732956,0.4300878942012787,0.7199983596801758,-0.16641457378864288,0.39546260237693787,0.492177277803421,-0.20103594660758972,0.3992553949356079,0.5416462421417236,-0.1925937682390213,0.4144096374511719,0.6190631985664368,-0.17945100367069244,0.5312584638595581,0.698283851146698,-0.1467897593975067,0.4838215410709381,0.4761887490749359,-0.17323458194732666,0.47122126817703247,0.5234583616256714,-0.15328675508499146,0.47213682532310486,0.5953618884086609,-0.13790059089660645,0.6023999452590942,0.6756765246391296,-0.12206758558750153,0.5353325605392456,0.5066521167755127,-0.13740381598472595,0.5220775008201599,0.5515821576118469,-0.11412478983402252,0.5291980504989624,0.6079224348068237,-0.10039795190095901,0.6464434266090393,0.6524850130081177,-0.09863216429948807,0.5788599848747253,0.5314260125160217,-0.12005554139614105,0.5595808029174805,0.5747253894805908,-0.11218384653329849,0.56640625,0.6254724264144897,-0.1040407121181488
0.5339746475219727,0.8695318698883057,-6.501368829958665e-07,0.4309403896331787,0.7949145436286926,-0.053318191319704056,0.39115461707115173,0.6656607985496521,-0.09092395007610321,0.41450151801109314,0.5385409593582153,-0.11118948459625244,0.4650545120239258,0.4717109501361847,-0.12404703348875046,0.5022311210632324,0.6858895421028137,-0.15279492735862732,0.4567773938179016,0.47141414880752563,-0.18572063744068146,0.44778430461883545,0.5258191227912903,-0.17965278029441833,0.46141624450683594,0.5906537175178528,-0.16916480660438538,0.5788596868515015,0.6659248471260071,-0.1322804093360901,0.5198244452476501,0.4605029225349426,-0.16121040284633636,0.499687135219574,0.507063627243042,-0.1459822654724121,0.5035985708236694,0.577054500579834,-0.13275671005249023,0.6344132423400879,0.6450647115707397,-0.10824628919363022,0.5606141686439514,0.48848462104797363,-0.12607137858867645,0.5409553647041321,0.5301669239997864,-0.10609492659568787,0.547963559627533,0.5844383835792542,-0.0926055908203125,0.669185996055603,0.6200979948043823,-0.08615754544734955,0.6038069725036621,0.5029289126396179,-0.10480514168739319,0.5799601078033447,0.5410205721855164,-0.09688972681760788,0.5865988731384277,0.5870385766029358,-0.08881963789463043
0.5220453143119812,0.835383951663971,-2.4210456217588217e-07,0.5572715401649475,0.7989789247512817,-0.075836181640625,0.5592694878578186,0.6780574917793274,-0.12094693630933762,0.5270768404006958,0.5391096472740173,-0.14377495646476746,0.49017053842544556,0.4435822665691376,-0.1574684977531433,0.6543554067611694,0.6293227672576904,-0.1461794227361679,0.552463173866272,0.442619264125824,-0.18399716913700104,0.5271671414375305,0.5106419920921326,-0.1881309151649475,0.5410658121109009,0.5786260366439819,-0.1856149137020111,0.6041930913925171,0.6125279664993286,-0.11562325060367584,0.5195909738540649,0.44073009490966797,-0.15047243237495422,0.507737398147583,0.5004106760025024,-0.14362287521362305,0.5141049027442932,0.560610830783844,-0.13731935620307922,0.5377957820892334,0.5978679060935974,-0.08480823040008545,0.4694440960884094,0.4543110132217407,-0.11349307000637054,0.4703582227230072,0.5114132761955261,-0.09192762523889542,0.48239830136299133,0.5651811361312866,-0.07583905011415482,0.47197315096855164,0.5809162855148315,-0.05774615332484245,0.4266425371170044,0.47002795338630676,-0.09072273969650269,0.42663466930389404,0.5274335145950317,-0.08279546350240707,0.43504613637924194,0.5795660018920898,-0.07100892066955566
0.5781349539756775,0.8091175556182861,-6.751402565896569e-07,0.48827531933784485,0.7382217049598694,-0.07625022530555725,0.45706117153167725,0.6110678315162659,-0.11222681403160095,0.47939541935920715,0.48204880952835083,-0.1277405470609665,0.5228776335716248,0.41536158323287964,-0.13241156935691833,0.6268032789230347,0.5839015245437622,-0.1238064244389534,0.5375010967254639,0.41560620069503784,-0.15117581188678741,0.5078450441360474,0.47950083017349243,-0.14748981595039368,0.5248762369155884,0.5359920263290405,-0.14236804842948914,0.6746521592140198,0.5687583088874817,-0.09083958715200424,0.5755628347396851,0.4234927296638489,-0.12209437042474747,0.5430355072021484,0.48170191049575806,-0.1124768927693367,0.5554141402244568,0.5288190841674805,-0.10424363613128662,0.6930220127105713,0.5564795136451721,-0.05934937670826912,0.599990725517273,0.431364506483078,-0.0879797711968422,0.5696766376495361,0.4855996072292328,-0.07098544389009476,0.5834720134735107,0.5285540223121643,-0.05802316218614578,0.6939032077789307,0.5434967875480652,-0.03260454162955284,0.6196503639221191,0.4463229775428772,-0.06583673506975174,0.5909430384635925,0.4913555979728699,-0.06599617004394531,0.6032631397247314,0.5299583077430725,-0.05955687165260315
0.5903406143188477,0.7909126877784729,-6.820498015258636e-07,0.5030242204666138,0.7150028944015503,-0.06299712508916855,0.4692690968513489,0.5890058279037476,-0.091180220246315,0.4855920672416687,0.4699595868587494,-0.10309679806232452,0.523409366607666,0.40887629985809326,-0.10595769435167313,0.6411413550376892,0.5537633299827576,-0.09342865645885468,0.5528245568275452,0.39925748109817505,-0.12077115476131439,0.5255018472671509,0.4655539393424988,-0.1269107162952423,0.5442947745323181,0.5233768820762634,-0.12888601422309875,0.6848227381706238,0.5438095331192017,-0.06710744649171829,0.5899809002876282,0.40779945254325867,-0.09493948519229889,0.5591488480567932,0.4631136655807495,-0.09172164648771286,0.5701662302017212,0.5109092593193054,-0.08848265558481216,0.7006832361221313,0.5360240936279297,-0.0430072546005249,0.6131301522254944,0.41761451959609985,-0.06853968650102615,0.5828757882118225,0.4676089882850647,-0.055597078055143356,0.5939662456512451,0.5113896131515503,-0.04538223519921303,0.6993862390518188,0.5281906127929688,-0.02324534021317959,0.6305623650550842,0.4350561797618866,-0.05337303504347801,0.6032923460006714,0.4777732491493225,-0.05384519696235657,0.6147416830062866,0.5188218355178833,-0.04790046066045761
0.6037529110908508,0.7638653516769409,-7.172432106017368e-07,0.5131473541259766,0.6869000196456909,-0.05266278237104416,0.4759390354156494,0.5670056343078613,-0.07676134258508682,0.48643895983695984,0.4541599452495575,-0.08665001392364502,0.5173615217208862,0.4042101800441742,-0.08854173868894577,0.6508030295372009,0.5259140133857727,-0.08235925436019897,0.5711934566497803,0.3807687759399414,-0.09958913922309875,0.539831817150116,0.4488135576248169,-0.10234943777322769,0.5540580153465271,0.508380115032196,-0.10434417426586151,0.6970014572143555,0.5170276165008545,-0.05831677094101906,0.6001130938529968,0.38905489444732666,-0.07846656441688538,0.5678806900978088,0.4485064744949341,-0.07470018416643143,0.5803974866867065,0.4989803433418274,-0.07244708389043808,0.7142250537872314,0.5118448138237,-0.034601692110300064,0.6245021224021912,0.40077757835388184,-0.05263242870569229,0.5939591526985168,0.4514842629432678,-0.040600359439849854,0.6059800982475281,0.49758970737457275,-0.03269021958112717,0.7133353352546692,0.5066373944282532,-0.014303543604910374,0.6435946226119995,0.4185916781425476,-0.037910349667072296,0.616675853729248,0.46106892824172974,-0.03750208392739296,0.6269593238830566,0.5047798752784729,-0.03256272152066231
0.6076981425285339,0.7532687187194824,-7.391080885099655e-07,0.5157483220100403,0.678020715713501,-0.059133194386959076,0.4860841631889343,0.5632409453392029,-0.08427315205335617,0.4974585771560669,0.45372992753982544,-0.09369795024394989,0.5179415345191956,0.39378589391708374,-0.09502412378787994,0.6642727851867676,0.5056025981903076,-0.08928537368774414,0.5844141840934753,0.36735373735427856,-0.09980360418558121,0.550801694393158,0.4380481541156769,-0.0953948125243187,0.5614395141601562,0.49588751792907715,-0.09341645240783691,0.7079422473907471,0.4982292056083679,-0.061133190989494324,0.6096763014793396,0.375590980052948,-0.07916705310344696,0.5755739808082581,0.43936800956726074,-0.07407337427139282,0.5869885087013245,0.4898674488067627,-0.07088704407215118,0.722527801990509,0.49762222170829773,-0.03273578733205795,0.6304592490196228,0.3868938088417053,-0.049459658563137054,0.5991907119750977,0.4418257176876068,-0.03787771984934807,0.6104293465614319,0.48964419960975647,-0.030498240143060684,0.7184813022613525,0.4979120194911957,-0.007995909079909325,0.6477912664413452,0.4108615815639496,-0.031154606491327286,0.621473491191864,0.4541528820991516,-0.031299516558647156,0.630977988243103,0.4975679814815521,-0.026867100968956947
0.6053271889686584,0.7449679970741272,-7.539029525105434e-07,0.5162718892097473,0.6652575731277466,-0.06120411306619644,0.49257370829582214,0.5457347631454468,-0.08476723730564117,0.5084083080291748,0.4356827437877655,-0.09185594320297241,0.5309002995491028,0.38963109254837036,-0.09009988605976105,0.6678143739700317,0.4968385398387909,-0.08725032210350037,0.5933539867401123,0.35849493741989136,-0.09395745396614075,0.5581284165382385,0.42904573678970337,-0.08603440225124359,0.5668238401412964,0.48535358905792236,-0.08170116692781448,0.7118683457374573,0.4931252598762512,-0.056376658380031586,0.6156936287879944,0.3741336464881897,-0.07155033946037292,0.5814357995986938,0.4365955591201782,-0.06468904763460159,0.5920792818069458,0.4843880236148834,-0.059957969933748245,0.7271720170974731,0.4945797920227051,-0.025399573147296906,0.6365361213684082,0.3883286118507385,-0.04054718837141991,0.6047081351280212,0.44138190150260925,-0.030243413522839546,0.6142297387123108,0.4881370961666107,-0.023058969527482986,0.7244133353233337,0.4946436285972595,0.001759956474415958,0.6562336683273315,0.40931689739227295,-0.0197614636272192,0.6295842528343201,0.44936642050743103,-0.021018274128437042,0.6367571949958801,0.4912632405757904,-0.01717888005077839
0.6101853847503662,0.7484865188598633,-7.331663596232829e-07,0.5228666663169861,0.664017379283905,-0.06258454918861389,0.4978260099887848,0.540054440498352,-0.08615944534540176,0.5109076499938965,0.4302726089954376,-0.09315948933362961,0.5355788469314575,0.38701704144477844,-0.09094033390283585,0.673050045967102,0.49055126309394836,-0.08171465247869492,0.5974107980728149,0.356594443321228,-0.0883316770195961,0.5635432600975037,0.4259418547153473,-0.08162707835435867,0.5729985237121582,0.482766717672348,-0.07780846953392029,0.7154034376144409,0.4922432601451874,-0.049903519451618195,0.6189647316932678,0.37755313515663147,-0.06539873033761978,0.5859093070030212,0.43815183639526367,-0.060003284364938736,0.59718257188797,0.4848884344100952,-0.05561774969100952,0.730002760887146,0.49640846252441406,-0.018574539572000504,0.6401326656341553,0.3938858211040497,-0.03411372750997543,0.6098645925521851,0.44396066665649414,-0.0255007091909647,0.6204220652580261,0.48923754692077637,-0.018761908635497093,0.7284648418426514,0.49834272265434265,0.008769912645220757,0.6599000692367554,0.41205692291259766,-0.01253074873238802,0.6337880492210388,0.4505600035190582,-0.013883854262530804,0.6417170166969299,0.491791307926178,-0.009544056840240955
0.6115089654922485,0.7442372441291809,-7.433054065586475e-07,0.5235844254493713,0.6574186086654663,-0.06252176314592361,0.5001448392868042,0.5289068818092346,-0.08499544858932495,0.5188510417938232,0.41724517941474915,-0.0900481715798378,0.5508320331573486,0.3806976079940796,-0.08595762401819229,0.6755412220954895,0.4946244955062866,-0.0868813693523407,0.6002532243728638,0.3568209409713745,-0.09274673461914062,0.5676789283752441,0.42563819885253906,-0.08508273959159851,0.5776979327201843,0.4817388951778412,-0.08079801499843597,0.7186748385429382,0.49680811166763306,-0.053526654839515686,0.622047483921051,0.3776669204235077,-0.06709084659814835,0.589427649974823,0.4365021884441376,-0.05992551147937775,0.6009769439697266,0.4831925928592682,-0.055053435266017914,0.7329483032226562,0.5006852746009827,-0.020135633647441864,0.6428849101066589,0.39471250772476196,-0.03496246039867401,0.6126711964607239,0.44239747524261475,-0.026022261008620262,0.6224896311759949,0.48804593086242676,-0.019252555444836617,0.7304357290267944,0.501305341720581,0.009510657750070095,0.6646731495857239,0.4129197597503662,-0.012012043036520481,0.6389226913452148,0.4495518207550049,-0.013927585445344448,0.6458017826080322,0.4908984899520874,-0.01026692520827055
0.6087139248847961,0.7382010221481323,-7.027971378192888e-07,0.5229684710502625,0.6501558423042297,-0.06046045571565628,0.5009520649909973,0.5205109715461731,-0.08203106373548508,0.5197017192840576,0.41067051887512207,-0.08655587583780289,0.5490385890007019,0.3856343626976013,-0.0820978507399559,0.673067033290863,0.49255841970443726,-0.0825951024889946,0.6044436693191528,0.35374271869659424,-0.08556107431650162,0.5717628002166748,0.4186931252479553,-0.07657608389854431,0.5807532668113708,0.47386425733566284,-0.07171766459941864,0.7178546190261841,0.4989817440509796,-0.049555547535419464,0.6277139186859131,0.37768006324768066,-0.06016160920262337,0.5943766832351685,0.43201059103012085,-0.05215498432517052,0.6048570275306702,0.47741425037384033,-0.04695255309343338,0.7337957620620728,0.5052117109298706,-0.01628223992884159,0.6498246192932129,0.39853760600090027,-0.028323741629719734,0.6185044646263123,0.4413130283355713,-0.019478807225823402,0.6272841095924377,0.4858415424823761,-0.01311042532324791,0.7334819436073303,0.5067545771598816,0.013359206728637218,0.6729726195335388,0.41696441173553467,-0.005654987879097462,0.6468883752822876,0.4494919776916504,-0.007087053265422583,0.6526263356208801,0.4903404414653778,-0.0035747713409364223
0.6065146923065186,0.7348679304122925,-7.366454042312398e-07,0.5222082138061523,0.6427490711212158,-0.05099913477897644,0.4972347021102905,0.5231691598892212,-0.07147082686424255,0.5151247978210449,0.4173245131969452,-0.07686900347471237,0.5480797290802002,0.3756309449672699,-0.07369758933782578,0.6662439703941345,0.48610302805900574,-0.07770984619855881,0.6057918667793274,0.34606602787971497,-0.07819631695747375,0.5718365907669067,0.4086674749851227,-0.06722144037485123,0.5761575698852539,0.46698588132858276,-0.06111691892147064,0.7152336835861206,0.4946928024291992,-0.0495528019964695,0.6312588453292847,0.3740343749523163,-0.0549808032810688,0.5971980094909668,0.42574742436408997,-0.04609150439500809,0.6038455963134766,0.47112274169921875,-0.042325474321842194,0.7355461120605469,0.505253255367279,-0.019974052906036377,0.6572754383087158,0.3992667496204376,-0.026423867791891098,0.6253721117973328,0.4390338659286499,-0.01636737398803234,0.6289907693862915,0.4831443428993225,-0.011624529026448727,0.7384781837463379,0.512032687664032,0.006779915653169155,0.6810704469680786,0.42325782775878906,-0.008618910796940327,0.6545140743255615,0.4530417323112488,-0.008221058174967766,0.6558536887168884,0.4920375347137451,-0.004501229617744684
0.601320743560791,0.7421772480010986,-7.795444503244653e-07,0.5125806331634521,0.6405101418495178,-0.04301735386252403,0.4935721457004547,0.5029020309448242,-0.058686282485723495,0.5203772783279419,0.39489826560020447,-0.06079176068305969,0.561814546585083,0.3712303042411804,-0.05524122714996338,0.6578078866004944,0.47114628553390503,-0.0679943859577179,0.6058478951454163,0.33707427978515625,-0.06190100684762001,0.5691785216331482,0.39926618337631226,-0.04695654287934303,0.5730823278427124,0.4562726616859436,-0.03972422704100609,0.7123284339904785,0.49116817116737366,-0.042632151395082474,0.6371433138847351,0.37310755252838135,-0.04090392217040062,0.5980512499809265,0.42327359318733215,-0.028295036405324936,0.6031497120857239,0.46881166100502014,-0.023154888302087784,0.7376385927200317,0.515680193901062,-0.015070891939103603,0.6661779284477234,0.41107961535453796,-0.016605675220489502,0.6292744874954224,0.4502164423465729,-0.0040625156834721565,0.6311794519424438,0.4960576593875885,0.0011083742137998343,0.7454306483268738,0.5363545417785645,0.010350554250180721,0.6908383965492249,0.4461182653903961,0.0004180165415164083,0.6609631180763245,0.4760877192020416,0.00423341803252697,0.6611585021018982,0.5185055732727051,0.008814752101898193
0.5898584127426147,0.7562832832336426,-8.042992476475774e-07,0.5084474086761475,0.6373049020767212,-0.03337106853723526,0.493024080991745,0.5005172491073608,-0.04904809221625328,0.5249019861221313,0.39451876282691956,-0.05458606034517288,0.5682873129844666,0.3659551739692688,-0.05316014960408211,0.6558346748352051,0.4735300540924072,-0.05661320313811302,0.6123076677322388,0.3357769250869751,-0.054446991533041,0.5736549496650696,0.3961484432220459,-0.04583333805203438,0.5770960450172424,0.4539022147655487,-0.04292675852775574,0.7132795453071594,0.5025609135627747,-0.039079759269952774,0.6522783041000366,0.37744641304016113,-0.038891155272722244,0.6121008396148682,0.4227040708065033,-0.029697628691792488,0.6154996752738953,0.4699920117855072,-0.027055202051997185,0.7426995635032654,0.5365821123123169,-0.019276771694421768,0.6842024326324463,0.4283221960067749,-0.021623585373163223,0.6470769643783569,0.4620206654071808,-0.009329312480986118,0.648561418056488,0.5090741515159607,-0.00446987384930253,0.7551788091659546,0.5667592883110046,-0.0010117170168086886,0.7093712687492371,0.47397875785827637,-0.010338451713323593,0.678860604763031,0.4992832541465759,-0.004275380168110132,0.6787283420562744,0.5435349345207214,0.0017678823787719011
0.5870462656021118,0.7619750499725342,-7.957698358040943e-07,0.5118551254272461,0.6320488452911377,-0.025200756266713142,0.5003585815429688,0.494480699300766,-0.04084933549165726,0.5483614206314087,0.3945576250553131,-0.048109445720911026,0.6060796976089478,0.3754887580871582,-0.048801809549331665,0.6399127244949341,0.48149603605270386,-0.06192784011363983,0.6267780661582947,0.3340533971786499,-0.06346884369850159,0.5883483290672302,0.3827255666255951,-0.05216933414340019,0.5828046202659607,0.4435659348964691,-0.04600489139556885,0.7063106298446655,0.5248907804489136,-0.051145583391189575,0.6768904328346252,0.38750404119491577,-0.05105719715356827,0.6370496153831482,0.42296046018600464,-0.03819553181529045,0.6286831498146057,0.47177520394325256,-0.032707635313272476,0.7462259531021118,0.5693709850311279,-0.03737068921327591,0.7133455276489258,0.45096883177757263,-0.039360180497169495,0.6781181693077087,0.4770638644695282,-0.023798849433660507,0.6683549284934998,0.5220851302146912,-0.016878442838788033,0.7681484818458557,0.6101712584495544,-0.02432444505393505,0.73585045337677,0.5124227404594421,-0.033748842775821686,0.7076231241226196,0.5304230451583862,-0.02549200877547264,0.7005048990249634,0.5707384347915649,-0.017941055819392204
0.5790730714797974,0.7689633369445801,-6.025313155078038e-07,0.5295642614364624,0.6414909958839417,-0.005475047510117292,0.5280322432518005,0.4935031533241272,-0.01762600801885128,0.5793860554695129,0.38881149888038635,-0.027446607127785683,0.6394199132919312,0.36959534883499146,-0.031240060925483704,0.5927480459213257,0.4928588569164276,-0.045815080404281616,0.6644852161407471,0.34445416927337646,-0.06449490785598755,0.6457443237304688,0.39113596081733704,-0.06457042694091797,0.6229743361473083,0.4456329643726349,-0.06039056554436684,0.6586156487464905,0.5452299118041992,-0.05167009308934212,0.7248589992523193,0.3959851861000061,-0.06403902173042297,0.6966336965560913,0.4387660026550293,-0.05460455268621445,0.6666530966758728,0.4908443093299866,-0.04428895190358162,0.7107028961181641,0.6008150577545166,-0.0550914891064167,0.7581272125244141,0.4720126986503601,-0.06148706004023552,0.7295762896537781,0.5061469674110413,-0.041234444826841354,0.7032384872436523,0.5506479144096375,-0.026183657348155975,0.7493286728858948,0.6582546234130859,-0.05815349146723747,0.7722573280334473,0.5575233697891235,-0.06340532004833221,0.7469968795776367,0.5793911218643188,-0.04693954437971115,0.7301957011222839,0.6194490194320679,-0.03224501758813858
0.578599214553833,0.7828348875045776,-4.3320608256181004e-07,0.5424683690071106,0.6554182767868042,0.008760086260735989,0.5553155541419983,0.5214294195175171,-0.006903724279254675,0.6063193678855896,0.4384820759296417,-0.023807093501091003,0.6643275618553162,0.4125625491142273,-0.03567742928862572,0.5635383725166321,0.4870483875274658,-0.06562675535678864,0.6781343221664429,0.34187477827072144,-0.09592658281326294,0.6801220774650574,0.3992078900337219,-0.09636612981557846,0.649967610836029,0.45098012685775757,-0.08849970251321793,0.6187906265258789,0.544443666934967,-0.08344940841197968,0.7394155263900757,0.3959248661994934,-0.10138052701950073,0.7297379970550537,0.454421728849411,-0.08305856585502625,0.6913723945617676,0.5029577016830444,-0.0673145055770874,0.6722303628921509,0.6090852618217468,-0.0974210724234581,0.7755650281906128,0.47524216771125793,-0.1036783903837204,0.7559863328933716,0.5266634821891785,-0.06828469038009644,0.7194881439208984,0.5683439373970032,-0.04466453567147255,0.717089056968689,0.6786283254623413,-0.11019390821456909,0.7876821756362915,0.5691709518432617,-0.10628334432840347,0.7659313082695007,0.604556143283844,-0.07423275709152222,0.735613226890564,0.6427956223487854,-0.05135098844766617
0.5802546739578247,0.8066637516021729,-1.869531729425944e-07,0.5638472437858582,0.6816402673721313,0.014310946688055992,0.5799856781959534,0.5469673871994019,-0.005945333745330572,0.6259642243385315,0.4486091434955597,-0.03084103763103485,0.6734769940376282,0.3921385407447815,-0.05072029307484627,0.5612794756889343,0.47767823934555054,-0.06990478187799454,0.6862510442733765,0.34416693449020386,-0.10890465974807739,0.7221865653991699,0.40422511100769043,-0.11414781212806702,0.7043102383613586,0.4589104652404785,-0.10998109728097916,0.5871405601501465,0.5335493087768555,-0.09752941131591797,0.7369216084480286,0.40627309679985046,-0.12437853217124939,0.7561835050582886,0.4797118902206421,-0.10874094814062119,0.7215850353240967,0.5204455256462097,-0.09780922532081604,0.6252418160438538,0.6029695272445679,-0.12161867320537567,0.768746018409729,0.4819943308830261,-0.13851235806941986,0.7744670510292053,0.5508058071136475,-0.10342404246330261,0.7375832796096802,0.5881169438362122,-0.08131247758865356,0.6663142442703247,0.6794569492340088,-0.14432330429553986,0.7815454602241516,0.5886110067367554,-0.1484636664390564,0.7785719633102417,0.6327610611915588,-0.11914569139480591,0.7420428991317749,0.659977912902832,-0.09907431155443192
0.6029503345489502,0.8231148719787598,3.2271435657094116e-07,0.6277135610580444,0.6929540634155273,0.019043229520320892,0.6421672105789185,0.5673164129257202,0.0016537607880309224,0.66862952709198,0.4730551242828369,-0.024619121104478836,0.7000258564949036,0.4117833375930786,-0.04827750474214554,0.5829926133155823,0.47920870780944824,-0.04763200134038925,0.6720316410064697,0.34196799993515015,-0.09691165387630463,0.7444119453430176,0.36704230308532715,-0.11573111265897751,0.7758786082267761,0.4272732734680176,-0.11726289987564087,0.576494574546814,0.5249496102333069,-0.07718240469694138,0.7121784687042236,0.4105486273765564,-0.11677375435829163,0.7841534614562988,0.4521811604499817,-0.11684834957122803,0.8077293634414673,0.5018055438995361,-0.1097487360239029,0.5922920107841492,0.5898468494415283,-0.10500602424144745,0.7273440361022949,0.4906793236732483,-0.13627563416957855,0.7958149909973145,0.5242969393730164,-0.12358696013689041,0.8222247362136841,0.5666006803512573,-0.10772848129272461,0.620136559009552,0.661857008934021,-0.13101772964000702,0.7300585508346558,0.5991940498352051,-0.14775042235851288,0.7879939675331116,0.6008925437927246,-0.13641276955604553,0.8189440965652466,0.6125954389572144,-0.12186811119318008
0.6401953101158142,0.844036340713501,4.093536745131132e-07,0.7155771851539612,0.7198856472969055,0.0037283524870872498,0.7557724714279175,0.5925358533859253,-0.013097671791911125,0.7963371872901917,0.5095819234848022,-0.039099402725696564,0.8336049318313599,0.44181787967681885,-0.06353263556957245,0.6204918622970581,0.4747334122657776,-0.01681257225573063,0.6758384108543396,0.35905614495277405,-0.06977129727602005,0.7557642459869385,0.36183321475982666,-0.10828589648008347,0.8111895322799683,0.39261749386787415,-0.12887796759605408,0.5871787667274475,0.5078041553497314,-0.04399919882416725,0.6832278370857239,0.4011475443840027,-0.09333043545484543,0.7777483463287354,0.41873687505722046,-0.11723334342241287,0.8337269425392151,0.45840829610824585,-0.12825900316238403,0.5737369060516357,0.5640621781349182,-0.07394743710756302,0.6785857081413269,0.4716932475566864,-0.11866936832666397,0.7718727588653564,0.48974892497062683,-0.12308631837368011,0.8307902812957764,0.5245561599731445,-0.1185297891497612,0.5772273540496826,0.6385825872421265,-0.10448390990495682,0.6702027320861816,0.5815773010253906,-0.135508194565773,0.7422692775726318,0.579119086265564,-0.1359855681657791,0.7930415868759155,0.5916747450828552,-0.13013578951358795
0.6695680022239685,0.8504510521888733,4.7611663944735483e-07,0.7335262894630432,0.7514421939849854,-0.014737077988684177,0.7733001112937927,0.62062668800354,-0.03429178521037102,0.8081266283988953,0.5296895503997803,-0.05964447930455208,0.8394713401794434,0.46069708466529846,-0.0851493552327156,0.677889347076416,0.49113988876342773,-0.016426388174295425,0.7029699087142944,0.36541932821273804,-0.06665050983428955,0.7702964544296265,0.3468172550201416,-0.10786688327789307,0.8260911107063293,0.360848605632782,-0.1311057209968567,0.6379218697547913,0.5101531744003296,-0.034058861434459686,0.679385781288147,0.38231438398361206,-0.08024414628744125,0.7566089630126953,0.36744076013565063,-0.11207583546638489,0.8146587610244751,0.3885883092880249,-0.12952792644500732,0.6012930274009705,0.5528263449668884,-0.05650508776307106,0.6460253596305847,0.43774229288101196,-0.09567972272634506,0.7240617275238037,0.4228358268737793,-0.10870543122291565,0.7842076420783997,0.43781542778015137,-0.11248930543661118,0.5704901814460754,0.6190035343170166,-0.0813283771276474,0.606115460395813,0.5395729541778564,-0.111204132437706,0.6628113389015198,0.5104086399078369,-0.11757919192314148,0.7131534218788147,0.5042768716812134,-0.1175612211227417
0.6783217787742615,0.8514209985733032,8.111578608804848e-07,0.7516472339630127,0.7728719711303711,-0.026840833947062492,0.7925074100494385,0.6491626501083374,-0.05390503257513046,0.8278063535690308,0.5582296848297119,-0.0831480473279953,0.8714432716369629,0.48500269651412964,-0.11509808152914047,0.6976537108421326,0.4976964592933655,-0.05191092565655708,0.7067157626152039,0.35171645879745483,-0.10774534940719604,0.7555522322654724,0.29456618428230286,-0.15011003613471985,0.8088779449462891,0.27588123083114624,-0.17530503869056702,0.6556476354598999,0.5198500752449036,-0.06854607164859772,0.6658211350440979,0.3691418766975403,-0.11991887539625168,0.7290217876434326,0.3165646195411682,-0.15525668859481812,0.7903224229812622,0.30580782890319824,-0.17672118544578552,0.6179070472717285,0.5741809010505676,-0.08888313919305801,0.6198002099990845,0.4378320574760437,-0.13509689271450043,0.6822813749313354,0.3876878023147583,-0.15593808889389038,0.7426427602767944,0.36569279432296753,-0.16734524071216583,0.5833090543746948,0.652975857257843,-0.1112472340464592,0.5752962827682495,0.5670032501220703,-0.15214337408542633,0.6101060509681702,0.5174473524093628,-0.1662699580192566,0.6501681208610535,0.4854699373245239,-0.1725323498249054
0.6741809844970703,0.8685814142227173,8.749113362682692e-07,0.7587841153144836,0.7902016043663025,-0.03879602998495102,0.8090748190879822,0.6745546460151672,-0.06998878717422485,0.8518862724304199,0.5873124003410339,-0.10059462487697601,0.9012284278869629,0.5154451131820679,-0.13424374163150787,0.7208040356636047,0.5045285820960999,-0.05459187924861908,0.7317633628845215,0.36474180221557617,-0.10476455837488174,0.7582178115844727,0.2886126637458801,-0.14492763578891754,0.7921565771102905,0.2255570888519287,-0.17145106196403503,0.6745386123657227,0.5195985436439514,-0.0668695941567421,0.679374635219574,0.3699578046798706,-0.10710528492927551,0.7075169682502747,0.28380629420280457,-0.13997796177864075,0.7427729964256287,0.2116425633430481,-0.1640205830335617,0.6296634674072266,0.5697592496871948,-0.08422543853521347,0.6244106888771057,0.42842647433280945,-0.1237388327717781,0.650784432888031,0.3500562906265259,-0.14651739597320557,0.6854519248008728,0.2822384536266327,-0.1621679961681366,0.5869506001472473,0.646348774433136,-0.10498875379562378,0.5609101057052612,0.5522747039794922,-0.14289458096027374,0.5738856792449951,0.4925786852836609,-0.1573372781276703,0.5983919501304626,0.4411173164844513,-0.16557706892490387
0.6700888276100159,0.8705025911331177,8.979127414932009e-07,0.7611073851585388,0.7979446649551392,-0.041546884924173355,0.8204804062843323,0.6892259120941162,-0.07206270098686218,0.8664173483848572,0.6024549007415771,-0.10112117230892181,0.9230905771255493,0.534500241279602,-0.13276438415050507,0.7294336557388306,0.5130126476287842,-0.05534711480140686,0.7373988628387451,0.36832237243652344,-0.10285794734954834,0.754269540309906,0.2824099063873291,-0.13936220109462738,0.7751674652099609,0.2076704204082489,-0.16366055607795715,0.677560567855835,0.5181782245635986,-0.0663391724228859,0.6817597150802612,0.3610471189022064,-0.10455098748207092,0.695583164691925,0.2592574954032898,-0.13546520471572876,0.7129480838775635,0.16461828351020813,-0.15777210891246796,0.6270533800125122,0.5608229637145996,-0.08247969299554825,0.6236851811408997,0.41262286901474,-0.12010204792022705,0.6373723745346069,0.31875520944595337,-0.1438126266002655,0.6587302088737488,0.22734084725379944,-0.16029439866542816,0.5788127183914185,0.6312627196311951,-0.10223410278558731,0.5509642958641052,0.5372912883758545,-0.13799120485782623,0.5571224093437195,0.47450071573257446,-0.15169917047023773,0.5746231079101562,0.4143217206001282,-0.15965808928012848
0.670647144317627,0.8782482147216797,8.729880391911138e-07,0.7635070085525513,0.8080697059631348,-0.041494306176900864,0.8266905546188354,0.7009584903717041,-0.0719371810555458,0.8747669458389282,0.6157698035240173,-0.10108344256877899,0.9326409101486206,0.5536094903945923,-0.13274863362312317,0.7371256351470947,0.513763427734375,-0.054577551782131195,0.7435737252235413,0.36350178718566895,-0.09930068254470825,0.7533766031265259,0.27187278866767883,-0.13451643288135529,0.7657907605171204,0.1911982297897339,-0.1586054563522339,0.683371365070343,0.5166099667549133,-0.06595652550458908,0.682716965675354,0.35033464431762695,-0.10291137546300888,0.6880888342857361,0.23981884121894836,-0.13345064222812653,0.6960123777389526,0.14106503129005432,-0.1553131490945816,0.6325277090072632,0.5559436678886414,-0.08216792345046997,0.6287907361984253,0.3963080644607544,-0.11826464533805847,0.6347135305404663,0.2927888333797455,-0.14131227135658264,0.6465052962303162,0.19773486256599426,-0.1568550169467926,0.5840189456939697,0.623985230922699,-0.10198596119880676,0.5577996373176575,0.5162166357040405,-0.13604453206062317,0.5614050626754761,0.4438245892524719,-0.1484590619802475,0.5749537944793701,0.3782605528831482,-0.1550380438566208
0.6619962453842163,0.8879508972167969,8.052933822000341e-07,0.7586666941642761,0.8183790445327759,-0.03818344324827194,0.8268523812294006,0.7073643803596497,-0.06548027694225311,0.8804163932800293,0.6181666254997253,-0.0922132208943367,0.9389165043830872,0.554628849029541,-0.12156952917575836,0.7434618473052979,0.5184085965156555,-0.05210006609559059,0.7567428946495056,0.36565130949020386,-0.0949883982539177,0.7677054405212402,0.2717268466949463,-0.12891368567943573,0.7780485153198242,0.18805110454559326,-0.1526179164648056,0.6877822279930115,0.5169472694396973,-0.06513077765703201,0.6867581009864807,0.3427305817604065,-0.10166358947753906,0.6870814561843872,0.2283029854297638,-0.13210880756378174,0.6856875419616699,0.12714910507202148,-0.1540352702140808,0.6348987817764282,0.5537784695625305,-0.08253659307956696,0.6316853761672974,0.3870285153388977,-0.11802563816308975,0.6325513124465942,0.2788616418838501,-0.14126960933208466,0.6354824900627136,0.1808350384235382,-0.1570095270872116,0.5834363698959351,0.6201187372207642,-0.1032794639468193,0.5580594539642334,0.5048618912696838,-0.1368849277496338,0.5548681020736694,0.4238019585609436,-0.15005819499492645,0.5583329200744629,0.3498649001121521,-0.15735740959644318
0.6594647169113159,0.8986717462539673,7.320917916331382e-07,0.7576088905334473,0.8281223773956299,-0.038106635212898254,0.8279222846031189,0.7164794206619263,-0.06541146337985992,0.8830718398094177,0.6259530782699585,-0.09234844893217087,0.9414647817611694,0.5613236427307129,-0.12184920161962509,0.7522998452186584,0.526033878326416,-0.054373156279325485,0.7679406404495239,0.3700871169567108,-0.09811653196811676,0.7797273993492126,0.2739218473434448,-0.132401242852211,0.7896844744682312,0.18705227971076965,-0.1566094309091568,0.6964166164398193,0.521062433719635,-0.06839017570018768,0.6964281797409058,0.34245479106903076,-0.10544290393590927,0.695603609085083,0.22720369696617126,-0.13616877794265747,0.691790759563446,0.1255759298801422,-0.15866991877555847,0.6416882872581482,0.5557323694229126,-0.08658099919557571,0.6386508345603943,0.3855827748775482,-0.12201486527919769,0.6381834149360657,0.27410393953323364,-0.14583495259284973,0.6387041807174683,0.17357829213142395,-0.16252583265304565,0.5871665477752686,0.6208772659301758,-0.10815045982599258,0.5600025653839111,0.5033372044563293,-0.1421518623828888,0.5527945756912231,0.4195649027824402,-0.1561073511838913,0.5505934953689575,0.34343230724334717,-0.16426442563533783
0.6632369756698608,0.9063778519630432,7.175712539719825e-07,0.7641623020172119,0.8362829685211182,-0.04065442457795143,0.8398985862731934,0.7276158332824707,-0.06985083967447281,0.8962769508361816,0.6394647359848022,-0.0983453243970871,0.9570127725601196,0.5772774815559387,-0.12917287647724152,0.7614124417304993,0.5290117263793945,-0.05643308907747269,0.7774602770805359,0.37151038646698,-0.09992904961109161,0.7884598970413208,0.27535033226013184,-0.13429179787635803,0.7975736856460571,0.1880904734134674,-0.15861006081104279,0.703865110874176,0.5226213932037354,-0.0693763867020607,0.7078412175178528,0.3424485921859741,-0.10595372319221497,0.7088736295700073,0.22607675194740295,-0.13655441999435425,0.7061538696289062,0.1246522068977356,-0.15932568907737732,0.6467069983482361,0.5546534657478333,-0.08667617291212082,0.6487200856208801,0.3830875754356384,-0.12141665071249008,0.6501679420471191,0.2702169418334961,-0.14579086005687714,0.6513410210609436,0.16913312673568726,-0.16319452226161957,0.5891435146331787,0.6171212196350098,-0.10757268220186234,0.5635729432106018,0.4948279857635498,-0.14080768823623657,0.5555139780044556,0.40884873270988464,-0.15488222241401672,0.5506244897842407,0.3321346938610077,-0.16338175535202026
0.6603397130966187,0.9132049083709717,7.256052185766748e-07,0.7666500806808472,0.8501129150390625,-0.04394327849149704,0.8450842499732971,0.7450764775276184,-0.07365397363901138,0.9036141633987427,0.6558130383491516,-0.10225563496351242,0.9651219248771667,0.5936453342437744,-0.1327582746744156,0.7692742943763733,0.5366637110710144,-0.05642929673194885,0.7879929542541504,0.3789418339729309,-0.09942302107810974,0.7997376918792725,0.28205159306526184,-0.13339343667030334,0.8091274499893188,0.19372472167015076,-0.15780745446681976,0.7084981203079224,0.5253678560256958,-0.06760964542627335,0.7128917574882507,0.3432707190513611,-0.10440631210803986,0.712735116481781,0.22688430547714233,-0.1351267695426941,0.7088909149169922,0.12602883577346802,-0.1580248475074768,0.6484881043434143,0.5539751052856445,-0.08352754265069962,0.6506941318511963,0.38080573081970215,-0.11894208937883377,0.6512939929962158,0.26767227053642273,-0.14354638755321503,0.6517698764801025,0.16687330603599548,-0.1609189510345459,0.588171124458313,0.613399088382721,-0.10341966152191162,0.5624756813049316,0.48776522278785706,-0.13770803809165955,0.5534752607345581,0.3986630439758301,-0.15294529497623444,0.5484352111816406,0.31768232583999634,-0.16214746236801147
0.6562928557395935,0.9199385643005371,7.205132419585425e-07,0.7647683024406433,0.8609302043914795,-0.04477330669760704,0.8474198579788208,0.7585111856460571,-0.07453545928001404,0.908771812915802,0.6717005968093872,-0.1031019315123558,0.9729537963867188,0.6149089932441711,-0.1334342658519745,0.7718305587768555,0.5425283908843994,-0.05583612248301506,0.7955175638198853,0.3848104774951935,-0.09749631583690643,0.8082364201545715,0.28864091634750366,-0.13059782981872559,0.817857563495636,0.20044371485710144,-0.15477032959461212,0.7103247046470642,0.5286170244216919,-0.06668218225240707,0.7165541648864746,0.3445364832878113,-0.10254628956317902,0.7170605063438416,0.2290944755077362,-0.1327393800020218,0.7131687998771667,0.12972530722618103,-0.15534770488739014,0.6497812271118164,0.5551674962043762,-0.08232095837593079,0.6519389152526855,0.3811895251274109,-0.11733321100473404,0.6524867415428162,0.26797398924827576,-0.14202721416950226,0.6522496938705444,0.16701722145080566,-0.15947461128234863,0.5884098410606384,0.6126821637153625,-0.10202675312757492,0.5621882677078247,0.48503535985946655,-0.13619937002658844,0.5525822639465332,0.39516976475715637,-0.15154452621936798,0.5466946363449097,0.31285232305526733,-0.1608423888683319
0.6555747985839844,0.9276112914085388,7.175429459493898e-07,0.7657037973403931,0.8706651926040649,-0.0461299866437912,0.8517947196960449,0.7669537663459778,-0.07587143778800964,0.9166319966316223,0.6778228878974915,-0.10427238047122955,0.9858003258705139,0.6228972673416138,-0.13424141705036163,0.7754430770874023,0.5487529039382935,-0.05513984337449074,0.800259530544281,0.3900383710861206,-0.0960351824760437,0.8124006986618042,0.2931998372077942,-0.12831366062164307,0.8215019702911377,0.20444610714912415,-0.15217852592468262,0.7132478356361389,0.5320091843605042,-0.0652046799659729,0.7225142121315002,0.3483476936817169,-0.10096125304698944,0.7243415713310242,0.2322472631931305,-0.13102051615715027,0.7215845584869385,0.13268005847930908,-0.15358994901180267,0.6514779329299927,0.5559857487678528,-0.0802740827202797,0.6553733944892883,0.3812958598136902,-0.11538682132959366,0.6567079424858093,0.2679665982723236,-0.14058347046375275,0.6572697758674622,0.16704896092414856,-0.1584991067647934,0.5880506038665771,0.6113252639770508,-0.09954392164945602,0.563640296459198,0.48443394899368286,-0.1339477002620697,0.5540306568145752,0.39461296796798706,-0.15004439651966095,0.5478338003158569,0.31168708205223083,-0.16003593802452087
0.6486495137214661,0.928690493106842,7.119281235645758e-07,0.7614101767539978,0.8776265382766724,-0.0479452982544899,0.8512805700302124,0.7766189575195312,-0.07776185870170593,0.9199584126472473,0.6869724988937378,-0.10603415220975876,0.990611732006073,0.631895899772644,-0.13553354144096375,0.7783543467521667,0.5532692670822144,-0.05472935736179352,0.8049654960632324,0.39388006925582886,-0.0950424000620842,0.816881537437439,0.29625818133354187,-0.1269245147705078,0.8254713416099548,0.20706838369369507,-0.15055416524410248,0.7153534293174744,0.5325040221214294,-0.06332534551620483,0.7269713878631592,0.3489059507846832,-0.09871897846460342,0.7296507954597473,0.2323838770389557,-0.12863798439502716,0.7276899218559265,0.13309291005134583,-0.15112526714801788,0.6526880264282227,0.5522214770317078,-0.0771792009472847,0.6585503816604614,0.3794167637825012,-0.11174033582210541,0.6607464551925659,0.2672482430934906,-0.13681012392044067,0.6621310114860535,0.16788974404335022,-0.15464213490486145,0.5879261493682861,0.6031830310821533,-0.09555260092020035,0.5649720430374146,0.4762844741344452,-0.12944743037223816,0.5550853610038757,0.3867448568344116,-0.14580382406711578,0.5485625267028809,0.3039623200893402,-0.15602292120456696
0.6424200534820557,0.9279590845108032,7.233207952594967e-07,0.757969319820404,0.8807660937309265,-0.04962535202503204,0.8486104011535645,0.7849964499473572,-0.08000510185956955,0.9169819951057434,0.6965730786323547,-0.10858788341283798,0.9865075945854187,0.6401416063308716,-0.13782119750976562,0.7786601185798645,0.5536060333251953,-0.05446616932749748,0.8091748356819153,0.3942444324493408,-0.09388992190361023,0.8214133977890015,0.2964319884777069,-0.12499802559614182,0.8298672437667847,0.20766517519950867,-0.14819565415382385,0.715055525302887,0.5299730896949768,-0.06182152032852173,0.7307408452033997,0.34795230627059937,-0.09653577208518982,0.7353954315185547,0.23227223753929138,-0.1260073184967041,0.7354353666305542,0.134027361869812,-0.14822638034820557,0.651193380355835,0.5463659763336182,-0.0746103897690773,0.6613354682922363,0.374834269285202,-0.10842595994472504,0.6653815507888794,0.2639373242855072,-0.13325631618499756,0.668681800365448,0.1658203899860382,-0.15113849937915802,0.5851850509643555,0.5942274928092957,-0.0921034961938858,0.5641399621963501,0.46985098719596863,-0.12570501863956451,0.5544824600219727,0.38180840015411377,-0.14216147363185883,0.5478582382202148,0.3006296455860138,-0.15241000056266785
0.6336924433708191,0.9288080334663391,7.654607543372549e-07,0.7526754140853882,0.8848041296005249,-0.05227193608880043,0.8444108366966248,0.7941635847091675,-0.08368121832609177,0.9132322669029236,0.7068305015563965,-0.11284910887479782,0.9830381870269775,0.6477992534637451,-0.14242151379585266,0.7749536633491516,0.5558902621269226,-0.05535254627466202,0.8100965619087219,0.3970329761505127,-0.0949309766292572,0.825171947479248,0.29836708307266235,-0.12640082836151123,0.8357936143875122,0.20857709646224976,-0.14986386895179749,0.7111289501190186,0.5287989974021912,-0.06101108714938164,0.7313814759254456,0.34724152088165283,-0.09539714455604553,0.7389137148857117,0.23191139101982117,-0.12486603111028671,0.7414748072624207,0.13410133123397827,-0.14706799387931824,0.6464426517486572,0.5422362685203552,-0.07234051823616028,0.6602447628974915,0.37088215351104736,-0.10594244301319122,0.6658511757850647,0.2602594494819641,-0.1308864951133728,0.6706101894378662,0.16235336661338806,-0.14886043965816498,0.5795711278915405,0.5877100229263306,-0.0885944738984108,0.5605039596557617,0.46437039971351624,-0.12209943681955338,0.5513772964477539,0.3776436448097229,-0.13850730657577515,0.5450582504272461,0.29846930503845215,-0.14856743812561035
0.6201738119125366,0.9277932643890381,8.296541409436031e-07,0.74223393201828,0.888035774230957,-0.05214943364262581,0.8358588814735413,0.8016735315322876,-0.08322904258966446,0.9065955877304077,0.7188262343406677,-0.11193639785051346,0.9769467115402222,0.6642976999282837,-0.14106668531894684,0.7708095908164978,0.5570474863052368,-0.05423552170395851,0.8112605810165405,0.3998434245586395,-0.09319459646940231,0.8312236666679382,0.3019668161869049,-0.12481214851140976,0.8465390205383301,0.21318352222442627,-0.14817219972610474,0.7041992545127869,0.5262972712516785,-0.05908900499343872,0.7288517951965332,0.3456486761569977,-0.09164278209209442,0.7390348315238953,0.23096123337745667,-0.12041101604700089,0.7450780868530273,0.13380983471870422,-0.14215567708015442,0.6362487077713013,0.5362334251403809,-0.06958489120006561,0.6534165143966675,0.3661147356033325,-0.10116928070783615,0.6617640256881714,0.25599971413612366,-0.12509791553020477,0.6701818704605103,0.15835154056549072,-0.1426081359386444,0.5658681392669678,0.5800319314002991,-0.0850973054766655,0.5496006011962891,0.4579242765903473,-0.1162785217165947,0.5424657464027405,0.3731289803981781,-0.13090376555919647,0.5390216708183289,0.29511314630508423,-0.13978199660778046
0.6016294360160828,0.9248194694519043,8.820703101264371e-07,0.7250103950500488,0.8900260329246521,-0.05383101850748062,0.8210046291351318,0.8073300719261169,-0.08551635593175888,0.8950384259223938,0.7303147912025452,-0.11451944708824158,0.9680805206298828,0.6799142956733704,-0.14397171139717102,0.7600359916687012,0.5586045384407043,-0.05571581795811653,0.8064688444137573,0.4037335515022278,-0.09516502916812897,0.8314105272293091,0.30634117126464844,-0.12737713754177094,0.851030170917511,0.2184010148048401,-0.15096166729927063,0.6917523145675659,0.5241469144821167,-0.05982008948922157,0.7221192121505737,0.343598872423172,-0.09165577590465546,0.7366415858268738,0.22962722182273865,-0.11972624063491821,0.7464527487754822,0.1321384608745575,-0.1410461664199829,0.6213375926017761,0.5305608510971069,-0.06983107328414917,0.6421654224395752,0.3605334758758545,-0.10091272741556168,0.6529556512832642,0.2515391409397125,-0.12448467314243317,0.6638413071632385,0.15444594621658325,-0.14184659719467163,0.5484374761581421,0.5718085169792175,-0.08507046848535538,0.5316670536994934,0.4500144124031067,-0.11540251225233078,0.5232090950012207,0.36856797337532043,-0.1291724592447281,0.5183132290840149,0.29324910044670105,-0.13754642009735107
0.5747848153114319,0.9248464703559875,9.179106541523652e-07,0.7031934857368469,0.9049988389015198,-0.059382446110248566,0.8064084053039551,0.8267587423324585,-0.09227176755666733,0.8824912905693054,0.7489844560623169,-0.12121375650167465,0.9582228660583496,0.6999235153198242,-0.15052373707294464,0.7485547065734863,0.5667910575866699,-0.061224743723869324,0.7980770468711853,0.40803414583206177,-0.10177178680896759,0.8249324560165405,0.3074681758880615,-0.1345296949148178,0.8463714122772217,0.2181178331375122,-0.15849822759628296,0.6771637797355652,0.5273051261901855,-0.06242775544524193,0.7093456983566284,0.3414262533187866,-0.09525248408317566,0.7271082997322083,0.2244071364402771,-0.1244402825832367,0.7398724555969238,0.125740647315979,-0.14661690592765808,0.6045264005661011,0.5293003916740417,-0.06985021382570267,0.6238030195236206,0.35504066944122314,-0.10198791325092316,0.635526180267334,0.24440810084342957,-0.127202108502388,0.64750075340271,0.14690592885017395,-0.1455666571855545,0.5297973155975342,0.5666000843048096,-0.08283577859401703,0.5120682120323181,0.44011616706848145,-0.11474554240703583,0.5034111738204956,0.35785800218582153,-0.13018372654914856,0.49935662746429443,0.28182199597358704,-0.13953068852424622
0.5489961504936218,0.9285321235656738,9.834826641963446e-07,0.6800757646560669,0.9153609275817871,-0.06470642983913422,0.786798357963562,0.8455686569213867,-0.10207940638065338,0.8687157034873962,0.7752124071121216,-0.13495443761348724,0.9491211175918579,0.7310631275177002,-0.1682101935148239,0.7349422574043274,0.5764874219894409,-0.0690828338265419,0.78677898645401,0.41406872868537903,-0.11339873820543289,0.815483570098877,0.3105214834213257,-0.14861004054546356,0.8385834097862244,0.2179093360900879,-0.1741863489151001,0.6615684628486633,0.5306521654129028,-0.06938642263412476,0.6976628303527832,0.3408519923686981,-0.1053948774933815,0.7199649214744568,0.2213641107082367,-0.13643544912338257,0.737146258354187,0.12125355005264282,-0.15976999700069427,0.5861760973930359,0.5273305177688599,-0.0762895941734314,0.6073005795478821,0.3514547348022461,-0.11019603908061981,0.6222588419914246,0.2388347089290619,-0.13591989874839783,0.6382776498794556,0.14075562357902527,-0.1545080840587616,0.5093314051628113,0.5595054626464844,-0.08928673714399338,0.49375760555267334,0.42883753776550293,-0.12167574465274811,0.48762422800064087,0.3447086811065674,-0.13692019879817963,0.48676997423171997,0.26776623725891113,-0.14611904323101044
0.5248132944107056,0.9339566230773926,1.01645400718553e-06,0.6568607687950134,0.9288287162780762,-0.0716470330953598,0.7650400996208191,0.8662021160125732,-0.1125892847776413,0.8505164384841919,0.8012939095497131,-0.1479012370109558,0.9362168908119202,0.7623533010482788,-0.18273553252220154,0.7207573652267456,0.5859923362731934,-0.07394611835479736,0.7753981947898865,0.42027634382247925,-0.11946415901184082,0.8036620020866394,0.3127850890159607,-0.1551334410905838,0.8260722160339355,0.2164948284626007,-0.18109771609306335,0.6467371582984924,0.533504068851471,-0.07110372185707092,0.6849423050880432,0.34054240584373474,-0.10811219364404678,0.708419144153595,0.21895304322242737,-0.1394602507352829,0.7267211675643921,0.11741137504577637,-0.16276127099990845,0.5698521137237549,0.5247601866722107,-0.07541058957576752,0.5945703983306885,0.3453620374202728,-0.11039461940526962,0.611259400844574,0.23159486055374146,-0.13651078939437866,0.6278648376464844,0.13297072052955627,-0.15497300028800964,0.49214768409729004,0.5523039102554321,-0.0864264965057373,0.4792133569717407,0.41999301314353943,-0.11999135464429855,0.4743760824203491,0.3343127369880676,-0.13583290576934814,0.47364744544029236,0.25657451152801514,-0.14495642483234406
0.4992870092391968,0.936406135559082,1.0234901992589585e-06,0.6298783421516418,0.9410189390182495,-0.07312487810850143,0.7399349808692932,0.8870550394058228,-0.11544213443994522,0.8263622522354126,0.8264871835708618,-0.1519579291343689,0.9147118926048279,0.7978265285491943,-0.18762345612049103,0.7087787985801697,0.5961920022964478,-0.07477222383022308,0.7647691965103149,0.43046334385871887,-0.12002401798963547,0.7921614646911621,0.32222720980644226,-0.15574805438518524,0.8139218688011169,0.2236318588256836,-0.1821271777153015,0.6354779601097107,0.5360192060470581,-0.07123388350009918,0.6777976751327515,0.3401802182197571,-0.10786418616771698,0.703129768371582,0.21807730197906494,-0.1381506621837616,0.7225180864334106,0.11664611101150513,-0.16048376262187958,0.5582349300384521,0.5212972164154053,-0.07491254061460495,0.5842943787574768,0.3383837938308716,-0.1091197282075882,0.6009884476661682,0.2258710265159607,-0.13372871279716492,0.6173360347747803,0.12880724668502808,-0.1510096788406372,0.47930842638015747,0.5447649955749512,-0.08560618758201599,0.47116589546203613,0.41172081232070923,-0.1172463521361351,0.46838825941085815,0.3278152346611023,-0.13135361671447754,0.4698370099067688,0.25157487392425537,-0.1393454223871231
0.471298485994339,0.932316780090332,1.042175085785857e-06,0.5949274897575378,0.9474323391914368,-0.0757044181227684,0.7059535980224609,0.9038625359535217,-0.11991472542285919,0.7933470010757446,0.8491966128349304,-0.157783642411232,0.8815004229545593,0.8278084397315979,-0.1943601816892624,0.6907640695571899,0.6049798130989075,-0.07755189388990402,0.7506949305534363,0.44263672828674316,-0.1235242635011673,0.7791748642921448,0.33583635091781616,-0.16000035405158997,0.802004337310791,0.23581749200820923,-0.18702369928359985,0.6213420033454895,0.5376702547073364,-0.07308771461248398,0.6730324029922485,0.3418411612510681,-0.11075825244188309,0.7035086154937744,0.21825551986694336,-0.14175595343112946,0.7270045280456543,0.11290112137794495,-0.16442425549030304,0.5456812381744385,0.5168597102165222,-0.07591757923364639,0.5752971172332764,0.3328493535518646,-0.11127687990665436,0.5934070348739624,0.22002169489860535,-0.13658249378204346,0.6098296046257019,0.12165433168411255,-0.1539715826511383,0.46621954441070557,0.5342146158218384,-0.08597662299871445,0.4670524597167969,0.3996049761772156,-0.11740798503160477,0.46649110317230225,0.31709104776382446,-0.13101741671562195,0.46859732270240784,0.2413155734539032,-0.1387229859828949
0.4541628360748291,0.9280641674995422,1.003312263492262e-06,0.5688576698303223,0.9497497081756592,-0.08234071731567383,0.6724449992179871,0.9158673286437988,-0.13168774545192719,0.7542126774787903,0.868560254573822,-0.1743837296962738,0.8412566781044006,0.8548035621643066,-0.2156182825565338,0.6733790636062622,0.6122173070907593,-0.08296630531549454,0.7286578416824341,0.4530086815357208,-0.13346005976200104,0.7546862363815308,0.3471335470676422,-0.17382411658763885,0.7779597043991089,0.24661895632743835,-0.20391570031642914,0.6083683967590332,0.5397999882698059,-0.07769180834293365,0.6616480350494385,0.34435752034187317,-0.12044455111026764,0.6933116912841797,0.2194952368736267,-0.1552000492811203,0.7201540470123291,0.1107514500617981,-0.1802554577589035,0.5358948111534119,0.5162419676780701,-0.08046852797269821,0.5688478946685791,0.33139193058013916,-0.12083856016397476,0.587992787361145,0.21718895435333252,-0.14806661009788513,0.6056842803955078,0.11585459113121033,-0.16628235578536987,0.45795872807502747,0.5313799381256104,-0.09111473709344864,0.46642011404037476,0.39864206314086914,-0.1262381225824356,0.4700537919998169,0.31790798902511597,-0.14092713594436646,0.47468164563179016,0.24247905611991882,-0.14936967194080353
0.43495163321495056,0.9156053066253662,9.62917624747206e-07,0.5407033562660217,0.9468215703964233,-0.08595100045204163,0.6364630460739136,0.9252105951309204,-0.13862180709838867,0.7083827257156372,0.8858311176300049,-0.1838371306657791,0.7876392006874084,0.875664234161377,-0.2273852527141571,0.6561332941055298,0.6122263669967651,-0.09096766263246536,0.7089993953704834,0.4524534344673157,-0.1452244073152542,0.7340795993804932,0.34437456727027893,-0.1881057620048523,0.757455587387085,0.24212157726287842,-0.21942518651485443,0.5954341888427734,0.5367555618286133,-0.08456429094076157,0.6483193635940552,0.3429187536239624,-0.1303810328245163,0.680473804473877,0.21643289923667908,-0.16712228953838348,0.7097645998001099,0.10490280389785767,-0.19345925748348236,0.5273259878158569,0.5096165537834167,-0.0861167162656784,0.5632785558700562,0.32908740639686584,-0.1268959641456604,0.5859454870223999,0.21456077694892883,-0.15420354902744293,0.608329176902771,0.11306172609329224,-0.1726285070180893,0.4531697630882263,0.5212501287460327,-0.09608504921197891,0.46549516916275024,0.3886409401893616,-0.1297033429145813,0.47375982999801636,0.307624876499176,-0.1435786932706833,0.48455798625946045,0.23300626873970032,-0.15185193717479706
0.41266560554504395,0.8993579149246216,8.785841032477038e-07,0.5057685375213623,0.9398012161254883,-0.08869556337594986,0.5931267738342285,0.9257787466049194,-0.14330753684043884,0.6556428670883179,0.8845977187156677,-0.18983782827854156,0.7279516458511353,0.8792506456375122,-0.23438973724842072,0.6355624198913574,0.612453818321228,-0.0916823297739029,0.685797393321991,0.46300584077835083,-0.14621227979660034,0.7084987759590149,0.3579699397087097,-0.19110555946826935,0.7295849919319153,0.25483953952789307,-0.22478775680065155,0.5829965472221375,0.534038245677948,-0.08450537174940109,0.6381826400756836,0.3497472405433655,-0.13152582943439484,0.6722849011421204,0.22531917691230774,-0.17063835263252258,0.7035772204399109,0.10974976420402527,-0.19959744811058044,0.520569384098053,0.5016416311264038,-0.08548393845558167,0.5648689270019531,0.32878926396369934,-0.12721700966358185,0.5909033417701721,0.21604189276695251,-0.15554440021514893,0.6148830652236938,0.11364784836769104,-0.17490126192569733,0.4491410553455353,0.5058436393737793,-0.09518605470657349,0.4708818197250366,0.37133365869522095,-0.12870045006275177,0.4846561849117279,0.28824809193611145,-0.1431146115064621,0.49923327565193176,0.21277150511741638,-0.15238747000694275
0.39403319358825684,0.8712158799171448,7.925836484901083e-07,0.47733330726623535,0.9299260377883911,-0.10660101473331451,0.5609413385391235,0.9220201969146729,-0.1679399162530899,0.6197737455368042,0.8814785480499268,-0.21740089356899261,0.6894816756248474,0.8716666102409363,-0.2644616663455963,0.6081440448760986,0.5989457368850708,-0.1108291819691658,0.654930055141449,0.46107739210128784,-0.1680389940738678,0.6702380180358887,0.355770081281662,-0.21571803092956543,0.6825610995292664,0.2515413761138916,-0.2526242434978485,0.5616765022277832,0.5148470997810364,-0.09455207735300064,0.6146754622459412,0.3411612808704376,-0.14525878429412842,0.6417980790138245,0.2233242690563202,-0.18878915905952454,0.6663368940353394,0.11150097846984863,-0.22188644111156464,0.505917489528656,0.4764777421951294,-0.08700289577245712,0.552573025226593,0.31229642033576965,-0.13260848820209503,0.5742756724357605,0.20433279871940613,-0.16563396155834198,0.5922094583511353,0.10650676488876343,-0.18889781832695007,0.4446583390235901,0.47669896483421326,-0.08916884660720825,0.4748135209083557,0.35150229930877686,-0.1255899965763092,0.49078369140625,0.2733321785926819,-0.14444933831691742,0.504445493221283,0.20242682099342346,-0.15793345868587494
0.36216962337493896,0.8309036493301392,6.001661745358433e-07,0.4417303800582886,0.9051570892333984,-0.11333156377077103,0.5239053964614868,0.9074175357818604,-0.17726823687553406,0.5825390219688416,0.8657262921333313,-0.2285088449716568,0.651785135269165,0.8542459011077881,-0.2768205404281616,0.5775537490844727,0.5984019637107849,-0.11492573469877243,0.6219130158424377,0.46212977170944214,-0.17718501389026642,0.6306052207946777,0.35611051321029663,-0.2287471443414688,0.6301484107971191,0.253204882144928,-0.2669656276702881,0.5370674133300781,0.506237268447876,-0.09494226425886154,0.5851946473121643,0.3487756550312042,-0.15451689064502716,0.5970362424850464,0.22490423917770386,-0.205764502286911,0.595810055732727,0.11121588945388794,-0.24266426265239716,0.48952871561050415,0.4544321894645691,-0.08421280980110168,0.5398001670837402,0.3063463866710663,-0.13560937345027924,0.5591062903404236,0.1979643702507019,-0.17256362736225128,0.5664414763450623,0.10141882300376892,-0.19646354019641876,0.4375942349433899,0.4376949071884155,-0.08349505066871643,0.48527905344963074,0.3161771297454834,-0.12262599915266037,0.5096737146377563,0.2285546064376831,-0.1444346308708191,0.5251891016960144,0.15234485268592834,-0.1589246541261673
0.3350251019001007,0.8013705015182495,2.677091686109634e-07,0.41825270652770996,0.8754703402519226,-0.0918474942445755,0.5061230063438416,0.88115394115448,-0.14518645405769348,0.5587783455848694,0.8420431613922119,-0.1896991729736328,0.6130533814430237,0.8262119889259338,-0.23220568895339966,0.5534200668334961,0.5978337526321411,-0.08871009945869446,0.5778727531433105,0.46435534954071045,-0.15007032454013824,0.5651335716247559,0.3663249611854553,-0.20282940566539764,0.5423474311828613,0.27039384841918945,-0.23827701807022095,0.5116043090820312,0.5125226974487305,-0.075172558426857,0.5457209348678589,0.36370527744293213,-0.12964913249015808,0.545438289642334,0.24726054072380066,-0.17726275324821472,0.5330424904823303,0.14063379168510437,-0.2105454057455063,0.4637462794780731,0.45700883865356445,-0.07034484297037125,0.5052300691604614,0.31836605072021484,-0.11640585958957672,0.5185930728912354,0.20925381779670715,-0.1476719081401825,0.521508514881134,0.11001512408256531,-0.1663665771484375,0.413016676902771,0.43202000856399536,-0.07411306351423264,0.4634593427181244,0.3127451539039612,-0.10629839450120926,0.4863031208515167,0.22231978178024292,-0.12139139324426651,0.5005122423171997,0.14274683594703674,-0.1300887167453766
0.31637054681777954,0.7579917311668396,2.996590069415106e-07,0.38399097323417664,0.7986319065093994,-0.0850265696644783,0.4667038023471832,0.8027966022491455,-0.13781499862670898,0.5291413068771362,0.801184356212616,-0.1805286556482315,0.579547107219696,0.7897855043411255,-0.22050757706165314,0.503898561000824,0.5619527697563171,-0.09609489887952805,0.5228005647659302,0.4408971071243286,-0.15876367688179016,0.5035591125488281,0.3567006587982178,-0.20944586396217346,0.48027870059013367,0.27955105900764465,-0.24232777953147888,0.47314712405204773,0.49240246415138245,-0.08192526549100876,0.494584321975708,0.3734537661075592,-0.13779179751873016,0.48459383845329285,0.3067862391471863,-0.1768493950366974,0.4694128930568695,0.2531547248363495,-0.20192629098892212,0.4391079843044281,0.45686739683151245,-0.07535014301538467,0.4645070433616638,0.36084556579589844,-0.12176574766635895,0.47385773062705994,0.3141223192214966,-0.14215072989463806,0.4794628620147705,0.2727990448474884,-0.15318353474140167,0.4038223624229431,0.4490457773208618,-0.07635103911161423,0.441989004611969,0.3926437199115753,-0.10573571175336838,0.45629483461380005,0.3791186809539795,-0.11111485958099365,0.46708422899246216,0.3731168210506439,-0.11242760717868805
0.34383079409599304,0.7229251265525818,-1.6992706264318258e-07,0.3964148759841919,0.8098236918449402,-0.10470438003540039,0.4522891640663147,0.8298715949058533,-0.1612320840358734,0.48078808188438416,0.7961717844009399,-0.20182573795318604,0.4982397258281708,0.7263007164001465,-0.23784956336021423,0.518782377243042,0.5729498267173767,-0.1203291118144989,0.49553143978118896,0.4581397771835327,-0.1924070417881012,0.43273210525512695,0.40007370710372925,-0.2465268075466156,0.36723244190216064,0.3539939522743225,-0.2765735983848572,0.49589022994041443,0.4727020263671875,-0.09203523397445679,0.46435844898223877,0.34742701053619385,-0.14682331681251526,0.40372931957244873,0.2862722873687744,-0.18503230810165405,0.3437191843986511,0.2458418607711792,-0.20898665487766266,0.45810315012931824,0.40901100635528564,-0.0726090669631958,0.4383380115032196,0.2928549349308014,-0.11762335896492004,0.39460787177085876,0.24165505170822144,-0.14056091010570526,0.3506370186805725,0.20549601316452026,-0.15155041217803955,0.41361817717552185,0.38309216499328613,-0.06123839691281319,0.4110357165336609,0.2872333824634552,-0.09493943303823471,0.3834248483181,0.2400432825088501,-0.1052602156996727,0.35489070415496826,0.2108311951160431,-0.10709922760725021
0.3525536358356476,0.7032842636108398,-4.0120110611496784e-07,0.3773680627346039,0.7921308279037476,-0.1227397546172142,0.4217129647731781,0.8261135816574097,-0.1983405202627182,0.4445894658565521,0.804412841796875,-0.25831469893455505,0.44030776619911194,0.7624369859695435,-0.3168538808822632,0.5049911141395569,0.5693221688270569,-0.17564965784549713,0.44339925050735474,0.44308263063430786,-0.26333141326904297,0.3516260087490082,0.40268683433532715,-0.3175506293773651,0.2672611474990845,0.3739789128303528,-0.3458435833454132,0.48860055208206177,0.4607793092727661,-0.14696216583251953,0.4104268252849579,0.3320176899433136,-0.23762044310569763,0.3022032678127289,0.2956344187259674,-0.2888961732387543,0.2115601748228073,0.2802407443523407,-0.3161231279373169,0.453207403421402,0.3877393305301666,-0.1253209412097931,0.3863257169723511,0.26565173268318176,-0.20748984813690186,0.2987270653247833,0.24160411953926086,-0.24552592635154724,0.2254875749349594,0.238031268119812,-0.2583065330982208,0.41597121953964233,0.34767699241638184,-0.1101183369755745,0.41727176308631897,0.2332945168018341,-0.16455651819705963,0.3946743309497833,0.16379162669181824,-0.1869618445634842,0.36881375312805176,0.10930711030960083,-0.19616641104221344
0.3871619403362274,0.7879197597503662,-1.3013074067202979e-06,0.35230278968811035,0.728568971157074,-0.04141465574502945,0.3475927710533142,0.6054608821868896,-0.06894728541374207,0.34494656324386597,0.48210594058036804,-0.09506022930145264,0.3411563038825989,0.3818269968032837,-0.12218638509511948,0.44931912422180176,0.4797053635120392,-0.08334779739379883,0.3768324851989746,0.32419711351394653,-0.14137689769268036,0.27651333808898926,0.2938295602798462,-0.17440924048423767,0.1953980028629303,0.29228872060775757,-0.18864351511001587,0.4785217344760895,0.4624842405319214,-0.08630002290010452,0.3712752163410187,0.32152462005615234,-0.15307752788066864,0.25229519605636597,0.29411405324935913,-0.19023725390434265,0.16229861974716187,0.30026423931121826,-0.20777472853660583,0.48670846223831177,0.4702526032924652,-0.09185262769460678,0.38581082224845886,0.33839547634124756,-0.15663456916809082,0.27649927139282227,0.3188595175743103,-0.18700531125068665,0.19338253140449524,0.322171688079834,-0.19653107225894928,0.4825044274330139,0.493435263633728,-0.09746771305799484,0.4605729579925537,0.38305050134658813,-0.14278864860534668,0.4404902756214142,0.3148922920227051,-0.1604461371898651,0.4209538698196411,0.25504058599472046,-0.167652428150177
0.37046676874160767,0.6662814617156982,-5.602771580015542e-07,0.3564302325248718,0.7373300790786743,-0.12892569601535797,0.353514701128006,0.7612091302871704,-0.21953827142715454,0.36576294898986816,0.7576674818992615,-0.28834986686706543,0.39099523425102234,0.7382873892784119,-0.3548990488052368,0.43410253524780273,0.5512273907661438,-0.23972168564796448,0.3451412618160248,0.420781672000885,-0.322321355342865,0.24487656354904175,0.4157821536064148,-0.35673657059669495,0.1594640612602234,0.4272596538066864,-0.372953861951828,0.44526970386505127,0.4478466212749481,-0.2029346227645874,0.3335196375846863,0.3371426463127136,-0.29218482971191406,0.2110959142446518,0.3393760323524475,-0.327697217464447,0.12031084299087524,0.3546483516693115,-0.3482472598552704,0.4365761876106262,0.379652202129364,-0.167941153049469,0.3433445990085602,0.2653982937335968,-0.24677568674087524,0.23166102170944214,0.2679077982902527,-0.2746436893939972,0.146427184343338,0.2898474335670471,-0.28583377599716187,0.4184807538986206,0.33395498991012573,-0.13849757611751556,0.3782835006713867,0.22917380928993225,-0.19971702992916107,0.31753110885620117,0.1851646602153778,-0.22389866411685944,0.26591747999191284,0.1581898331642151,-0.23543046414852142
0.3813498318195343,0.7215748429298401,-1.0379466175436391e-06,0.3611030578613281,0.7718703150749207,-0.09530316293239594,0.37328004837036133,0.7803281545639038,-0.1595977395772934,0.382687509059906,0.7781350612640381,-0.21126841008663177,0.3772188127040863,0.7748863697052002,-0.26137712597846985,0.4519955515861511,0.5618650913238525,-0.17760483920574188,0.3249123990535736,0.43921634554862976,-0.23928003013134003,0.21540720760822296,0.4269963204860687,-0.26125460863113403,0.1375785917043686,0.4411093294620514,-0.27162638306617737,0.4602152705192566,0.45253920555114746,-0.15809401869773865,0.31273841857910156,0.3574424982070923,-0.22891759872436523,0.18648259341716766,0.357477068901062,-0.26141655445098877,0.09835189580917358,0.37542879581451416,-0.28219306468963623,0.44716009497642517,0.3857555687427521,-0.13931642472743988,0.32984691858291626,0.28472042083740234,-0.206923708319664,0.2162153571844101,0.292484849691391,-0.23547352850437164,0.12928283214569092,0.3137739598751068,-0.2477671056985855,0.42200446128845215,0.34886088967323303,-0.12422383576631546,0.40931200981140137,0.22721727192401886,-0.17829284071922302,0.38157933950424194,0.1463417112827301,-0.2015845775604248,0.35014113783836365,0.07608717679977417,-0.21381452679634094
0.3890044391155243,0.7185839414596558,-1.1876543339894852e-06,0.382431298494339,0.7768081426620483,-0.08559851348400116,0.39754363894462585,0.8032166957855225,-0.1471547931432724,0.3851965069770813,0.8060182332992554,-0.19966955482959747,0.34824028611183167,0.8056207299232483,-0.2519007623195648,0.4537746012210846,0.5604991912841797,-0.15816621482372284,0.30553823709487915,0.4858803451061249,-0.21868585050106049,0.1927315592765808,0.48131126165390015,-0.24636170268058777,0.11341223120689392,0.4986765682697296,-0.2606852948665619,0.4563360810279846,0.45045971870422363,-0.1438080072402954,0.2826663851737976,0.39643219113349915,-0.211833193898201,0.1603921353816986,0.41343334317207336,-0.24696023762226105,0.0765535831451416,0.44975578784942627,-0.2697288691997528,0.4399608075618744,0.3880520462989807,-0.12944722175598145,0.3063644766807556,0.3058626353740692,-0.19666340947151184,0.1964200735092163,0.3202747702598572,-0.22611013054847717,0.11145433783531189,0.3517782390117645,-0.23759235441684723,0.4138220250606537,0.353913813829422,-0.11819513887166977,0.3975902497768402,0.23531153798103333,-0.16793958842754364,0.36577075719833374,0.15992477536201477,-0.18635432422161102,0.3278263211250305,0.09948965907096863,-0.19453229010105133
0.37780997157096863,0.6732127666473389,-1.094199546969321e-06,0.3827503025531769,0.7497104406356812,-0.10448625683784485,0.39503371715545654,0.7972032427787781,-0.177268847823143,0.36602598428726196,0.8245368599891663,-0.2343682199716568,0.3205454349517822,0.8323872089385986,-0.2900148630142212,0.454592764377594,0.5741095542907715,-0.20142410695552826,0.28642526268959045,0.5135625600814819,-0.2683013081550598,0.1712280511856079,0.5104475021362305,-0.2939017713069916,0.09164226055145264,0.5215234756469727,-0.30493834614753723,0.4541476368904114,0.45870867371559143,-0.17620955407619476,0.2643072009086609,0.4121267795562744,-0.24439942836761475,0.14053697884082794,0.4378765821456909,-0.27135512232780457,0.05665615200996399,0.4767613410949707,-0.28955963253974915,0.43467724323272705,0.3891981244087219,-0.15058110654354095,0.2771405875682831,0.32809168100357056,-0.21788853406906128,0.17057713866233826,0.3642690181732178,-0.23916368186473846,0.09527450799942017,0.4088825583457947,-0.24552887678146362,0.40429413318634033,0.34608328342437744,-0.12920783460140228,0.37483131885528564,0.2353324592113495,-0.1785823106765747,0.34180334210395813,0.17247939109802246,-0.19131310284137726,0.30696284770965576,0.12915167212486267,-0.19515863060951233
0.30809304118156433,0.623140275478363,-1.2832874745072331e-06,0.34144657850265503,0.7333126068115234,-0.11561735719442368,0.3749100863933563,0.7949862480163574,-0.19246186316013336,0.3581508696079254,0.8394986391067505,-0.24872152507305145,0.30816850066185,0.874345064163208,-0.30304574966430664,0.4509706497192383,0.6000465154647827,-0.21484331786632538,0.28426268696784973,0.5591328740119934,-0.2952304184436798,0.16557273268699646,0.5696829557418823,-0.3289318084716797,0.0931636393070221,0.5937230587005615,-0.3432577848434448,0.44277334213256836,0.45649075508117676,-0.1819295883178711,0.2630828022956848,0.4331122934818268,-0.25317835807800293,0.1410498023033142,0.476717472076416,-0.2658916711807251,0.07105761766433716,0.5173246264457703,-0.2709234058856964,0.4171862006187439,0.3606080114841461,-0.15074527263641357,0.2618559002876282,0.3359990417957306,-0.21194560825824738,0.1654319018125534,0.39049479365348816,-0.2094164490699768,0.11491760611534119,0.4396664500236511,-0.19990409910678864,0.3829110562801361,0.29987460374832153,-0.12745659053325653,0.29641106724739075,0.2587588429450989,-0.1757301688194275,0.23816925287246704,0.2919413447380066,-0.1747855544090271,0.21083694696426392,0.33099687099456787,-0.16413533687591553
0.28853920102119446,0.6283394694328308,-9.922846402332652e-07,0.32672327756881714,0.7287927865982056,-0.12090114504098892,0.37180545926094055,0.808271050453186,-0.20126931369304657,0.3568519949913025,0.8349997997283936,-0.25796908140182495,0.29540491104125977,0.8652422428131104,-0.30764323472976685,0.46850326657295227,0.608142077922821,-0.2186492383480072,0.2831055521965027,0.5632601976394653,-0.30697211623191833,0.18270383775234222,0.6061153411865234,-0.33593156933784485,0.1295161098241806,0.656185507774353,-0.34308916330337524,0.455482542514801,0.4623940885066986,-0.18502689898014069,0.25643858313560486,0.44379010796546936,-0.26823875308036804,0.1652083694934845,0.5255587100982666,-0.2764878273010254,0.12689928710460663,0.5790426731109619,-0.2731051743030548,0.42840665578842163,0.37065356969833374,-0.15465547144412994,0.24639013409614563,0.36550089716911316,-0.22575858235359192,0.17212949693202972,0.4581443965435028,-0.21819289028644562,0.14224600791931152,0.5255886316299438,-0.20240162312984467,0.3949657082557678,0.32582661509513855,-0.1333562135696411,0.2634212374687195,0.30788642168045044,-0.1880141943693161,0.1950284093618393,0.38603439927101135,-0.1872454136610031,0.16610567271709442,0.45354771614074707,-0.17393800616264343
0.28945332765579224,0.6143125295639038,-9.451952109884587e-07,0.32615211606025696,0.7117900848388672,-0.08726290613412857,0.3662424087524414,0.7998488545417786,-0.14823298156261444,0.334822416305542,0.8274747729301453,-0.19295886158943176,0.25757327675819397,0.8439533710479736,-0.2324562668800354,0.4581640064716339,0.6156612634658813,-0.17603997886180878,0.2755429744720459,0.5781847238540649,-0.24709013104438782,0.18576954305171967,0.6286831498146057,-0.2677473723888397,0.1484960913658142,0.6847807168960571,-0.27102601528167725,0.44455522298812866,0.47025588154792786,-0.15556266903877258,0.25251176953315735,0.4631868898868561,-0.21906325221061707,0.170996755361557,0.5449766516685486,-0.2187255620956421,0.14098960161209106,0.6046901941299438,-0.21188236773014069,0.41794076561927795,0.37138819694519043,-0.13613654673099518,0.24124278128147125,0.37878668308258057,-0.19020844995975494,0.1759413778781891,0.47074851393699646,-0.18027283251285553,0.1575274020433426,0.5387475490570068,-0.16607730090618134,0.38108205795288086,0.3108938932418823,-0.12387768179178238,0.25110289454460144,0.31070226430892944,-0.16714103519916534,0.18949663639068604,0.39305347204208374,-0.16454078257083893,0.168913796544075,0.4601406157016754,-0.15263822674751282
0.3606710135936737,0.6127192378044128,-5.691129558726971e-07,0.37588825821876526,0.7059640288352966,-0.08687376230955124,0.38253650069236755,0.7926568984985352,-0.15482968091964722,0.32904067635536194,0.8306900262832642,-0.20612984895706177,0.24937015771865845,0.850327730178833,-0.25132542848587036,0.4662225842475891,0.6072062253952026,-0.1960098296403885,0.2737431824207306,0.5861876010894775,-0.2657347321510315,0.1941850483417511,0.6495723724365234,-0.28236424922943115,0.17819859087467194,0.7087752223014832,-0.2859245538711548,0.4460841715335846,0.46741145849227905,-0.17774586379528046,0.2438015341758728,0.4837198257446289,-0.2367398589849472,0.17923541367053986,0.5715360641479492,-0.22924435138702393,0.17521756887435913,0.6277154684066772,-0.22253350913524628,0.4168558716773987,0.368877112865448,-0.15915079414844513,0.23287706077098846,0.4043702781200409,-0.20450623333454132,0.1830705851316452,0.5002844333648682,-0.185161754488945,0.1910022348165512,0.5630370378494263,-0.1708713322877884,0.3815687298774719,0.3066295385360718,-0.14860835671424866,0.24571433663368225,0.33890610933303833,-0.1823311597108841,0.19795271754264832,0.4251515567302704,-0.17445701360702515,0.19680067896842957,0.4879773259162903,-0.16387134790420532
0.3485974669456482,0.6084113121032715,-4.4191602910359506e-07,0.35774654150009155,0.7224392890930176,-0.10538879781961441,0.37614455819129944,0.8048017621040344,-0.1755109280347824,0.3305458724498749,0.8502533435821533,-0.22477708756923676,0.2721535563468933,0.9014642834663391,-0.263387531042099,0.4714658856391907,0.5747705698013306,-0.18953274190425873,0.28088104724884033,0.5729383826255798,-0.2556016743183136,0.21455064415931702,0.637315034866333,-0.2696478068828583,0.21425354480743408,0.6843749284744263,-0.2718433737754822,0.4432244896888733,0.4458751082420349,-0.16114923357963562,0.24822035431861877,0.47770142555236816,-0.21958191692829132,0.2207404524087906,0.5700902342796326,-0.20961260795593262,0.2472303807735443,0.6127145886421204,-0.19835597276687622,0.40690383315086365,0.3609665632247925,-0.1359070986509323,0.2314082831144333,0.40419629216194153,-0.1825842559337616,0.21180462837219238,0.49975356459617615,-0.1593397706747055,0.2382214218378067,0.5445759296417236,-0.13979613780975342,0.3674522042274475,0.3187674880027771,-0.12078464031219482,0.24160851538181305,0.358289897441864,-0.15906374156475067,0.21093438565731049,0.4425112009048462,-0.15151523053646088,0.21903611719608307,0.49105629324913025,-0.1379382312297821
0.362185001373291,0.609541654586792,6.2093114649997e-08,0.3707118332386017,0.7182567119598389,-0.10193613171577454,0.36911970376968384,0.7975503206253052,-0.18187110126018524,0.3213059604167938,0.8626777529716492,-0.24164599180221558,0.28518831729888916,0.9329025745391846,-0.289676308631897,0.46424198150634766,0.5995420813560486,-0.2099057137966156,0.28641802072525024,0.5922490358352661,-0.27687016129493713,0.24442163109779358,0.6571174263954163,-0.2891834080219269,0.27284789085388184,0.6852417588233948,-0.2910114824771881,0.4249277412891388,0.47846099734306335,-0.18643073737621307,0.282059907913208,0.4929453432559967,-0.24581961333751678,0.27061694860458374,0.5743798017501831,-0.2320815771818161,0.30461257696151733,0.5996365547180176,-0.21990399062633514,0.3873145580291748,0.3854467272758484,-0.16375209391117096,0.2949378490447998,0.4145549535751343,-0.20490647852420807,0.2775494456291199,0.493047833442688,-0.17044541239738464,0.3020985722541809,0.5148570537567139,-0.145005002617836,0.35327890515327454,0.3261481523513794,-0.15088637173175812,0.3208315074443817,0.3455842137336731,-0.17718759179115295,0.2928289473056793,0.40253227949142456,-0.15583892166614532,0.2937089502811432,0.4253298044204712,-0.13433949649333954
0.5389211177825928,0.48305976390838623,-3.162749351304228e-07,0.45925718545913696,0.4714471101760864,-0.04829518124461174,0.37683314085006714,0.5284212231636047,-0.12055928260087967,0.3297513425350189,0.6195917725563049,-0.18920154869556427,0.2986863851547241,0.7062209844589233,-0.26023122668266296,0.3846561312675476,0.4777218997478485,-0.18648451566696167,0.3379136323928833,0.732038676738739,-0.26862096786499023,0.3357585072517395,0.7992783188819885,-0.31339436769485474,0.3413379192352295,0.8015615344047546,-0.3442508280277252,0.44391605257987976,0.5216214060783386,-0.20060057938098907,0.3948132395744324,0.8070580363273621,-0.2648636996746063,0.3839825391769409,0.8485602140426636,-0.27168527245521545,0.3986494541168213,0.8177549839019775,-0.28900277614593506,0.5015069842338562,0.5808151960372925,-0.21247048676013947,0.4518648386001587,0.8375710248947144,-0.26860424876213074,0.4307703971862793,0.872522234916687,-0.25264135003089905,0.428175687789917,0.8362463712692261,-0.24837008118629456,0.5507047176361084,0.6444761753082275,-0.22913940250873566,0.5066743493080139,0.8498499393463135,-0.2609722316265106,0.4836747348308563,0.880988597869873,-0.2461920827627182,0.4799753427505493,0.8530155420303345,-0.24267446994781494
0.3105270266532898,0.54453444480896,-7.471641652045946e-07,0.40725937485694885,0.6050528883934021,-0.04402865469455719,0.5146279335021973,0.6668991446495056,-0.11775345355272293,0.5650097131729126,0.7332635521888733,-0.1840900182723999,0.5985528230667114,0.7883438467979431,-0.25708335638046265,0.5687889456748962,0.512941300868988,-0.21822647750377655,0.6158475279808044,0.630536675453186,-0.2961360514163971,0.6008850932121277,0.7405124306678772,-0.33029407262802124,0.5890880227088928,0.814529538154602,-0.3455657362937927,0.49971842765808105,0.47033601999282837,-0.22917409241199493,0.5232250094413757,0.7223638296127319,-0.284670889377594,0.4924338161945343,0.8862898349761963,-0.2857833802700043,0.4786564111709595,0.9749246835708618,-0.2943513095378876,0.40252113342285156,0.47691619396209717,-0.23309862613677979,0.42012402415275574,0.7501060962677002,-0.2768436670303345,0.4091891348361969,0.867786169052124,-0.25422629714012146,0.4061841666698456,0.905870258808136,-0.2407045215368271,0.2960665822029114,0.5165237784385681,-0.23966985940933228,0.32605940103530884,0.7391001582145691,-0.26546764373779297,0.3333269953727722,0.82672119140625,-0.2400798350572586,0.34125733375549316,0.849301278591156,-0.22313961386680603
0.34122219681739807,0.4792131185531616,-5.930488100602815e-07,0.46201789379119873,0.5063440799713135,0.003221941413357854,0.5569798350334167,0.5915172100067139,-0.012855906039476395,0.5853432416915894,0.7013278603553772,-0.03367142006754875,0.5641758441925049,0.7958041429519653,-0.04999682307243347,0.6045708656311035,0.6773609519004822,-0.025849170982837677,0.6177327632904053,0.8603570461273193,-0.05936757102608681,0.5763834118843079,0.8427955508232117,-0.08030635118484497,0.5514335036277771,0.7847670316696167,-0.09166824072599411,0.5458138585090637,0.7292463779449463,-0.04547358676791191,0.5408998727798462,0.8894858360290527,-0.06104176491498947,0.5098546743392944,0.862359881401062,-0.06319011747837067,0.49927279353141785,0.8009995222091675,-0.06698707491159439,0.47724291682243347,0.7696889638900757,-0.06563690304756165,0.4708574712276459,0.8847767114639282,-0.07082491368055344,0.44632571935653687,0.8551470637321472,-0.05431193485856056,0.4398952126502991,0.7956576943397522,-0.04679526761174202,0.4082198441028595,0.7922050952911377,-0.087331622838974,0.407929003238678,0.8707579374313354,-0.08219341188669205,0.38681715726852417,0.8424369096755981,-0.060616567730903625,0.3786066472530365,0.7933580875396729,-0.04614318907260895
0.30071166157722473,0.4963231086730957,-4.995380322725396e-07,0.4367414116859436,0.4890718460083008,0.01955532282590866,0.5356213450431824,0.5548786520957947,0.01596115157008171,0.568406879901886,0.6470657587051392,0.0046533807180821896,0.5520635843276978,0.7265155911445618,-0.0017371423309668899,0.6166990995407104,0.6236657500267029,0.0055417874827980995,0.6463761925697327,0.7898298501968384,-0.010290605016052723,0.5992907881736755,0.7774581909179688,-0.019872799515724182,0.5757160782814026,0.7280402183532715,-0.02396067976951599,0.5719684958457947,0.6936533451080322,-0.016262236982584,0.5684331655502319,0.8218109607696533,-0.012110110372304916,0.5286685228347778,0.7895070314407349,-0.00830463320016861,0.5175654888153076,0.73470538854599,-0.00934805441647768,0.5104086399078369,0.7489306926727295,-0.037504326552152634,0.49759531021118164,0.8170671463012695,-0.025770513340830803,0.4664149880409241,0.7805099487304688,-0.011479089967906475,0.4573252499103546,0.7293962240219116,-0.008312827907502651,0.44448214769363403,0.7876595258712769,-0.05913786217570305,0.43483108282089233,0.8143551349639893,-0.04062153026461601,0.40868282318115234,0.7735112905502319,-0.018633296713232994,0.39651113748550415,0.7274218797683716,-0.005031584296375513
0.28820565342903137,0.49621492624282837,-4.2890499685199757e-07,0.4256287217140198,0.46705371141433716,0.02061733976006508,0.5305334329605103,0.524265706539154,0.018271364271640778,0.5641344785690308,0.6147384643554688,0.006388112902641296,0.5537092089653015,0.6940276026725769,-0.0014987039612606168,0.6181474924087524,0.577339768409729,0.015663838014006615,0.6608189344406128,0.7285686731338501,-8.686223009135574e-05,0.6171002388000488,0.7431398034095764,-0.014064906165003777,0.5859349966049194,0.7138130068778992,-0.02275591529905796,0.5816787481307983,0.6548084616661072,-0.007417439017444849,0.5863649845123291,0.7649328708648682,-0.004271761979907751,0.5468947887420654,0.7508472204208374,-0.005717720370739698,0.5281627178192139,0.7051585912704468,-0.01138453558087349,0.5275057554244995,0.7202548980712891,-0.03065354935824871,0.5184473395347595,0.7789044380187988,-0.018576785922050476,0.4867877662181854,0.7546231746673584,-0.00788895320147276,0.4706228971481323,0.7065518498420715,-0.00802911538630724,0.46748387813568115,0.7697160243988037,-0.055085886269807816,0.4512745440006256,0.7860584259033203,-0.038184866309165955,0.4232223331928253,0.7525330781936646,-0.02084520272910595,0.4072645604610443,0.7081795334815979,-0.01089826226234436
0.27932387590408325,0.5104591846466064,-4.1165125708175765e-07,0.4099190831184387,0.44472604990005493,0.020387323573231697,0.5216205716133118,0.4808559715747833,0.02117673121392727,0.5651068687438965,0.5609763860702515,0.012604122050106525,0.565468966960907,0.6363710165023804,0.008264141157269478,0.6161611080169678,0.534344494342804,0.019974345341324806,0.6757969856262207,0.6754199862480164,0.004598477389663458,0.6320076584815979,0.6850794553756714,-0.008239499293267727,0.5954497456550598,0.6538251042366028,-0.014939386397600174,0.5848159193992615,0.6171132922172546,-0.002412526635453105,0.606306254863739,0.7282341718673706,0.0008609862998127937,0.5656327605247498,0.7140527963638306,0.0020214347168803215,0.5419447422027588,0.6723949313163757,-0.0005111463251523674,0.5364900827407837,0.6836838722229004,-0.02567105181515217,0.5354077816009521,0.7415882349014282,-0.013025887310504913,0.502249538898468,0.7177780866622925,-4.436823655851185e-05,0.4830728769302368,0.6753869652748108,0.0022093651350587606,0.483264297246933,0.7316845655441284,-0.05025580897927284,0.4768464267253876,0.7505130767822266,-0.030018573626875877,0.44715654850006104,0.7198859453201294,-0.009093137457966805,0.42879733443260193,0.6807481050491333,0.003184932516887784
0.2841172516345978,0.5071914196014404,-1.2052251463501307e-07,0.4037705659866333,0.43200933933258057,0.021004635840654373,0.5106284618377686,0.45201820135116577,0.022216180339455605,0.5639026165008545,0.5262374877929688,0.014374827034771442,0.5785474181175232,0.6036405563354492,0.010270936414599419,0.6160373091697693,0.4839819073677063,0.024394938722252846,0.6786875128746033,0.6159002780914307,0.013626358471810818,0.6586986780166626,0.653827965259552,0.004507184959948063,0.6268587708473206,0.6521469950675964,-0.00028169588767923415,0.598831295967102,0.5671312212944031,0.0023150481283664703,0.6278635859489441,0.7099376916885376,0.00416359631344676,0.5962074995040894,0.7377428412437439,0.003710333723574877,0.566446840763092,0.7268385887145996,0.0012922299792990088,0.5626606941223145,0.6404717564582825,-0.020563699305057526,0.5690547227859497,0.7562159895896912,-0.011459803208708763,0.5354353785514832,0.7605561017990112,-0.002753930166363716,0.5090104937553406,0.733547031879425,-0.001516826101578772,0.517265260219574,0.7005029320716858,-0.04449104145169258,0.5083138346672058,0.7637454867362976,-0.027390027418732643,0.4788059592247009,0.7516457438468933,-0.011838550679385662,0.4573241174221039,0.7192246913909912,-0.00267099984921515
0.3039914071559906,0.5113382935523987,-3.683641978113883e-07,0.42179155349731445,0.4233585000038147,0.018846208229660988,0.5263303518295288,0.4246709942817688,0.018266815692186356,0.5861679315567017,0.4850798547267914,0.00923384539783001,0.6066787242889404,0.5600556135177612,0.004199651535600424,0.6115893125534058,0.4481789171695709,0.020507020875811577,0.6922255158424377,0.5566945672035217,0.008351083844900131,0.6602699160575867,0.5749447345733643,-0.0022336766123771667,0.6216039657592773,0.5539465546607971,-0.007113074883818626,0.5966821908950806,0.5365016460418701,0.0009262719540856779,0.6406741738319397,0.6356775164604187,0.005966186057776213,0.6069953441619873,0.6370851397514343,0.00639154901728034,0.5763174295425415,0.6041913628578186,0.0032860415522009134,0.5665358304977417,0.6173791289329529,-0.019113412126898766,0.5911396145820618,0.6824629902839661,-0.005010312423110008,0.5610036849975586,0.6750456094741821,0.008258557878434658,0.5328983068466187,0.641477644443512,0.011028675362467766,0.5303868651390076,0.6812257766723633,-0.04015618935227394,0.5410073399543762,0.7091342210769653,-0.018054267391562462,0.5130870342254639,0.6981596350669861,0.003699447028338909,0.4875282943248749,0.6724032163619995,0.016628237441182137
0.2997246980667114,0.5250069499015808,-4.142098646298109e-07,0.3737438917160034,0.40500688552856445,0.019886191934347153,0.46073392033576965,0.362257182598114,0.018864348530769348,0.5219375491142273,0.36849313974380493,0.009995253756642342,0.5529871582984924,0.4055469036102295,0.004980544093996286,0.5966782569885254,0.39450109004974365,0.017468493431806564,0.6831748485565186,0.4840339422225952,0.011285249143838882,0.6542231440544128,0.5153810977935791,0.005517400801181793,0.6146684885025024,0.5095306634902954,0.0027374729979783297,0.6016177535057068,0.48614245653152466,-0.001947565469890833,0.6453186869621277,0.5805906653404236,0.008374297991394997,0.608906626701355,0.5930865406990051,0.011438455432653427,0.5744155049324036,0.571154773235321,0.008754408918321133,0.5860790610313416,0.5733852982521057,-0.021048687398433685,0.6070243716239929,0.6461776494979858,-0.00522866053506732,0.5735931992530823,0.6530433297157288,0.005555533803999424,0.5390329360961914,0.628881573677063,0.005563238635659218,0.5600862503051758,0.6468258500099182,-0.04095092788338661,0.5607157945632935,0.696808934211731,-0.022749077528715134,0.5282313227653503,0.6989017724990845,-0.007134150713682175,0.4972190260887146,0.6778727769851685,0.001996696460992098
0.3061593770980835,0.5450193881988525,-5.307029482537473e-07,0.3610415458679199,0.4020536541938782,0.019079599529504776,0.44786620140075684,0.32681262493133545,0.01846528984606266,0.5275197625160217,0.3012000024318695,0.012171423994004726,0.5713913440704346,0.2656155824661255,0.009941714815795422,0.5807031393051147,0.35488542914390564,0.00429856963455677,0.6870262622833252,0.4181101322174072,-0.006897564046084881,0.6534287333488464,0.44697678089141846,-0.012932953424751759,0.6076329946517944,0.4375862181186676,-0.013640829361975193,0.5874891877174377,0.4532164931297302,-0.014630211517214775,0.658933162689209,0.5157656669616699,-0.005751422140747309,0.620675802230835,0.5311661958694458,0.0020919907838106155,0.5791608095169067,0.5143114328384399,0.0034092317800968885,0.5742257833480835,0.5440987348556519,-0.032809872180223465,0.6093552708625793,0.581750750541687,-0.017438191920518875,0.5756924152374268,0.5897974371910095,-0.0011574956588447094,0.5366663932800293,0.5742964148521423,0.002624901942908764,0.553105890750885,0.6245388388633728,-0.05143342167139053,0.5666012167930603,0.6403131484985352,-0.032993949949741364,0.5350067615509033,0.6401429176330566,-0.013729511760175228,0.5020978450775146,0.6264811754226685,-0.0024339682422578335
0.3017338514328003,0.5614386796951294,-5.784842187495087e-07,0.33773544430732727,0.4062514901161194,0.018698420375585556,0.40815579891204834,0.30164235830307007,0.016077259555459023,0.4900636672973633,0.2565515637397766,0.008329477161169052,0.555575966835022,0.23641662299633026,0.005400252528488636,0.5630768537521362,0.3263744115829468,-0.0002007352450164035,0.6780799031257629,0.361524760723114,-0.0043278587982058525,0.6530082821846008,0.4009561538696289,-0.002049983013421297,0.6114783883094788,0.40573740005493164,0.0023641730658710003,0.5824294090270996,0.4258079528808594,-0.017232801765203476,0.6649875044822693,0.46989327669143677,-0.0028421597089618444,0.6278722286224365,0.4934241473674774,0.009424633346498013,0.5821343064308167,0.4852212369441986,0.013283399865031242,0.5770602226257324,0.5225727558135986,-0.032499805092811584,0.6223419308662415,0.5544461607933044,-0.013516731560230255,0.589914858341217,0.5688197612762451,0.004394745919853449,0.5458806753158569,0.5612274408340454,0.00872089248150587,0.5601996779441833,0.6100048422813416,-0.04763278737664223,0.5801224112510681,0.6282721757888794,-0.026464266702532768,0.5505602955818176,0.6325270533561707,-0.0065753282979130745,0.5152344107627869,0.6237903833389282,0.005107817240059376
0.29537516832351685,0.5824894905090332,-5.044411750532163e-07,0.318318247795105,0.41962283849716187,0.015796327963471413,0.37799909710884094,0.29647982120513916,0.010406957939267159,0.46022510528564453,0.23938170075416565,0.0005700414767488837,0.5259240865707397,0.2313862442970276,-0.0039800419472157955,0.5388603210449219,0.3045048713684082,-0.009067432954907417,0.6675018668174744,0.32148128747940063,-0.016149844974279404,0.6531717777252197,0.36656349897384644,-0.011616775766015053,0.6141056418418884,0.37912270426750183,-0.004499759525060654,0.5670461058616638,0.39962276816368103,-0.025643734261393547,0.6708569526672363,0.4300973415374756,-0.014548951759934425,0.6347763538360596,0.4614828824996948,0.0012078157160431147,0.5853046774864197,0.4588756263256073,0.009343410842120647,0.5702143907546997,0.49763593077659607,-0.040502406656742096,0.6263567209243774,0.5220273733139038,-0.02285812608897686,0.5913310050964355,0.5420973896980286,-0.0018413520883768797,0.545457124710083,0.5411131978034973,0.005192779935896397,0.5592713356018066,0.5907052159309387,-0.055539827793836594,0.5821372270584106,0.6073471903800964,-0.035158999264240265,0.5487732887268066,0.6142082214355469,-0.014099755324423313,0.5122482776641846,0.6090341210365295,-0.001313726301304996
0.30474138259887695,0.6038646101951599,-5.30376382812392e-07,0.3117714524269104,0.44017237424850464,0.0031705100554972887,0.36329635977745056,0.2978355288505554,-0.006215949077159166,0.43970462679862976,0.21675050258636475,-0.018211042508482933,0.49317121505737305,0.17239916324615479,-0.024372776970267296,0.5177623629570007,0.2961094379425049,-0.022845644503831863,0.6527642011642456,0.2721746563911438,-0.0385533943772316,0.6289854049682617,0.31311148405075073,-0.03974144160747528,0.5827165842056274,0.3295401930809021,-0.035484302788972855,0.5489861965179443,0.3908631503582001,-0.036350592970848083,0.6762378811836243,0.3812445402145386,-0.03670041263103485,0.6382242441177368,0.4049476087093353,-0.02590136229991913,0.5826423764228821,0.4063359797000885,-0.017852939665317535,0.5565904974937439,0.4876463711261749,-0.049159009009599686,0.6347115635871887,0.480091392993927,-0.04304029792547226,0.5975518822669983,0.4939180016517639,-0.024480057880282402,0.5502104759216309,0.49828779697418213,-0.015345888212323189,0.54936683177948,0.5824418067932129,-0.06238820031285286,0.5861539840698242,0.5702246427536011,-0.051177941262722015,0.5524704456329346,0.5753012895584106,-0.02986503578722477,0.5163629651069641,0.5810457468032837,-0.014829963445663452
0.30816003680229187,0.6201281547546387,-2.853055889318057e-07,0.3025757372379303,0.4552014172077179,0.01280855294317007,0.33874401450157166,0.3117445409297943,0.004575958009809256,0.41032278537750244,0.22332365810871124,-0.005617133807390928,0.47126397490501404,0.18020471930503845,-0.011244004592299461,0.48481741547584534,0.29209595918655396,-0.03733551502227783,0.6270334124565125,0.22813045978546143,-0.04432724416255951,0.6447994112968445,0.2615249752998352,-0.0293569415807724,0.6151186227798462,0.2937195897102356,-0.011881929822266102,0.524255633354187,0.3846747577190399,-0.051078878343105316,0.6688109636306763,0.3389645516872406,-0.042044952511787415,0.6537989377975464,0.36301887035369873,-0.018097123131155968,0.6106711626052856,0.3735399842262268,-0.0015374281210824847,0.5380765199661255,0.4839530885219574,-0.060628365725278854,0.6425741314888,0.4446234703063965,-0.04648886248469353,0.6152399778366089,0.4558164179325104,-0.019554443657398224,0.5693769454956055,0.4622916877269745,-0.0063462210819125175,0.5329509973526001,0.5802202224731445,-0.06867482513189316,0.5850393176078796,0.5465520024299622,-0.05122596025466919,0.5582259297370911,0.5516647100448608,-0.023163147270679474,0.5201457142829895,0.5577965974807739,-0.0038244740571826696
0.3080504536628723,0.646424412727356,-2.4803352971503045e-07,0.28601717948913574,0.47839152812957764,0.012295260094106197,0.3155006766319275,0.3233640193939209,0.006263429764658213,0.3890420198440552,0.2219897359609604,0.001162543660029769,0.45184653997421265,0.1714446097612381,2.483638672856614e-05,0.45952266454696655,0.2951240837574005,-0.04579082503914833,0.6056685447692871,0.20408180356025696,-0.05072180554270744,0.6353508234024048,0.22208766639232635,-0.03043285198509693,0.6138691902160645,0.25872665643692017,-0.008613194338977337,0.5112809538841248,0.390420138835907,-0.054882582277059555,0.6618596911430359,0.3118843734264374,-0.049893733114004135,0.6486201882362366,0.32966580986976624,-0.022730160504579544,0.6048853397369385,0.348396897315979,-0.000390140077797696,0.5350935459136963,0.4875343441963196,-0.058459922671318054,0.640338122844696,0.41728898882865906,-0.047765228897333145,0.6180275678634644,0.4255286455154419,-0.02191089652478695,0.5748834609985352,0.4397406578063965,-0.006945091765373945,0.5383380055427551,0.57798171043396,-0.0594448447227478,0.5695234537124634,0.526388943195343,-0.04490813612937927,0.5416496396064758,0.5339483022689819,-0.02004927024245262,0.5061002969741821,0.547104001045227,-0.001366752665489912
0.3116729259490967,0.6816294193267822,-4.216059039663378e-07,0.2715342044830322,0.5100221633911133,0.009130557999014854,0.2922528386116028,0.3420925736427307,0.0018480122089385986,0.3671533465385437,0.23379522562026978,-0.002790986094623804,0.4352436363697052,0.20118165016174316,-0.0023437978234142065,0.43588608503341675,0.320516973733902,-0.05227449908852577,0.5830376744270325,0.18217644095420837,-0.06146731972694397,0.6046098470687866,0.18758757412433624,-0.04399554431438446,0.5822118520736694,0.22730228304862976,-0.023439962416887283,0.4994520843029022,0.4106963276863098,-0.05866429582238197,0.650610089302063,0.2900807857513428,-0.06339298188686371,0.6241900324821472,0.29917028546333313,-0.037215158343315125,0.5729482173919678,0.3247298300266266,-0.012150082737207413,0.5339969396591187,0.4983443021774292,-0.05964035540819168,0.6418668031692505,0.3864510655403137,-0.05491753667593002,0.6140801906585693,0.38671058416366577,-0.02675551362335682,0.5714042782783508,0.4062443673610687,-0.007018241565674543,0.5453639626502991,0.5788957476615906,-0.05788048729300499,0.5881859064102173,0.48637667298316956,-0.04502345621585846,0.5624162554740906,0.47599127888679504,-0.019115760922431946,0.5320229530334473,0.4836781620979309,0.0014056704239919782
0.30578815937042236,0.7235074043273926,-4.1976097264750933e-08,0.2695122957229614,0.5502423644065857,0.019099295139312744,0.27904415130615234,0.3855930268764496,0.016288112848997116,0.3373345732688904,0.2699892222881317,0.014356828294694424,0.3967306613922119,0.224664568901062,0.015469817444682121,0.4032779335975647,0.36096692085266113,-0.038129620254039764,0.5170697569847107,0.20537333190441132,-0.040357816964387894,0.5663559436798096,0.16277357935905457,-0.023071078583598137,0.5849143862724304,0.15649810433387756,-0.004885129164904356,0.46889805793762207,0.4380008280277252,-0.04807841405272484,0.6187777519226074,0.3013111352920532,-0.05111827701330185,0.6397145986557007,0.2696741819381714,-0.027678919956088066,0.6250367164611816,0.26645252108573914,-0.0037547387182712555,0.5137969851493835,0.5183483958244324,-0.05147764831781387,0.6344587802886963,0.39280247688293457,-0.044860243797302246,0.642098069190979,0.3585147559642792,-0.015710579231381416,0.6216943860054016,0.35115817189216614,0.007550878915935755,0.5350118279457092,0.5970011949539185,-0.051608651876449585,0.6083394885063171,0.48972564935684204,-0.03354800119996071,0.6091402769088745,0.45210784673690796,-0.002857405925169587,0.593294084072113,0.4385789930820465,0.0228770412504673
0.323298841714859,0.7574145793914795,2.9230440645733324e-07,0.2801474928855896,0.591496467590332,0.013516656123101711,0.2805776000022888,0.4310404658317566,0.00831974484026432,0.3286486864089966,0.31706124544143677,0.003190206130966544,0.3812160789966583,0.2647846043109894,-0.0012373997597023845,0.39560768008232117,0.3940052390098572,-0.03370589762926102,0.4857601225376129,0.2373957633972168,-0.04550793766975403,0.5433178544044495,0.17193928360939026,-0.04406426474452019,0.5821237564086914,0.13527381420135498,-0.03881216049194336,0.4623311758041382,0.4658985435962677,-0.047390807420015335,0.5898571610450745,0.32441261410713196,-0.0536678172647953,0.6436249017715454,0.2668120861053467,-0.0453970730304718,0.6700074672698975,0.23360662162303925,-0.037011876702308655,0.5107609629631042,0.5429416298866272,-0.05674533545970917,0.6213306188583374,0.4189893305301666,-0.05854430049657822,0.6660116910934448,0.35356128215789795,-0.046584609895944595,0.6817313432693481,0.3112691342830658,-0.03735290840268135,0.5404627323150635,0.6187048554420471,-0.06358882039785385,0.6133953928947449,0.5086542367935181,-0.0573943629860878,0.6405699253082275,0.45535287261009216,-0.03787755221128464,0.649452269077301,0.4176235795021057,-0.021528366953134537
0.3418804705142975,0.790574848651886,5.941249696661544e-07,0.2970644533634186,0.6366799473762512,-0.002300278516486287,0.2925150990486145,0.4782934784889221,-0.019185537472367287,0.33963820338249207,0.3642246425151825,-0.03303167223930359,0.4015721082687378,0.3145488500595093,-0.046935081481933594,0.3881846070289612,0.44389113783836365,-0.07002633064985275,0.47719836235046387,0.27505815029144287,-0.0974327102303505,0.5370725393295288,0.19384345412254333,-0.10481186211109161,0.5841023921966553,0.14116904139518738,-0.10563408583402634,0.46000033617019653,0.5126936435699463,-0.08323293179273605,0.5807211399078369,0.34911054372787476,-0.1072610542178154,0.6486120223999023,0.26745039224624634,-0.10982490330934525,0.6943418383598328,0.21256273984909058,-0.10935274511575699,0.515126645565033,0.5855798125267029,-0.09212013334035873,0.6287503242492676,0.4484674632549286,-0.11308100819587708,0.6858392953872681,0.36312758922576904,-0.11243180185556412,0.7172629833221436,0.3002868890762329,-0.1093243882060051,0.5525448322296143,0.6558888554573059,-0.09858261048793793,0.6338844299316406,0.5310102105140686,-0.10906675457954407,0.6680349707603455,0.46400925517082214,-0.0976656824350357,0.6846562623977661,0.4144495725631714,-0.0863826796412468
0.35858672857284546,0.8345970511436462,6.897175239828357e-07,0.3129160404205322,0.6765666007995605,-0.007915973663330078,0.31684762239456177,0.5281487107276917,-0.02728203311562538,0.36417773365974426,0.4268856644630432,-0.04417205974459648,0.4248726963996887,0.37781307101249695,-0.06269125640392303,0.3999978303909302,0.48798874020576477,-0.07140716910362244,0.47389233112335205,0.3150310516357422,-0.10658568143844604,0.5296109318733215,0.2252689003944397,-0.12226538360118866,0.5764390826225281,0.1608935296535492,-0.12976616621017456,0.47288748621940613,0.5446164608001709,-0.08607658743858337,0.5813327431678772,0.38116616010665894,-0.11424102634191513,0.6510205268859863,0.2899574339389801,-0.1260591596364975,0.702772319316864,0.22490817308425903,-0.13317890465259552,0.5268461108207703,0.616488516330719,-0.09788120537996292,0.6307689547538757,0.47844743728637695,-0.12377781420946121,0.6962174773216248,0.38831984996795654,-0.1344689577817917,0.7413381338119507,0.3195895552635193,-0.1404266655445099,0.5633645057678223,0.6923700571060181,-0.10781463235616684,0.6405077576637268,0.5815852880477905,-0.12878206372261047,0.6813422441482544,0.5067146420478821,-0.1289658397436142,0.708558201789856,0.444358229637146,-0.12610948085784912
0.39180538058280945,0.855941891670227,7.523885301452538e-07,0.36372607946395874,0.6966775059700012,-0.0002832379250321537,0.3684156835079193,0.5547257661819458,-0.01968216896057129,0.40448498725891113,0.45263779163360596,-0.04037483409047127,0.46407297253608704,0.40056169033050537,-0.06326661258935928,0.40292835235595703,0.5255410671234131,-0.06659644842147827,0.4691672921180725,0.35221266746520996,-0.1085781529545784,0.5177177786827087,0.2550620138645172,-0.127667635679245,0.5622323751449585,0.1821669340133667,-0.13707782328128815,0.46579036116600037,0.5717883706092834,-0.08799583464860916,0.5725774765014648,0.4002922773361206,-0.1226935163140297,0.6454123854637146,0.30368176102638245,-0.13699673116207123,0.7042115926742554,0.2330266535282135,-0.14576086401939392,0.5235153436660767,0.6360259056091309,-0.10697079449892044,0.6327122449874878,0.48989009857177734,-0.13789419829845428,0.7038058638572693,0.3995462656021118,-0.14940854907035828,0.7572333216667175,0.3275568187236786,-0.15565615892410278,0.5719454288482666,0.7082009315490723,-0.12386487424373627,0.6558997631072998,0.5976327657699585,-0.14713546633720398,0.706226110458374,0.5280061364173889,-0.14915934205055237,0.7476274967193604,0.46614429354667664,-0.14844626188278198
0.4052911102771759,0.8643829822540283,9.684421229394502e-07,0.3760225474834442,0.7129891514778137,-0.014532642439007759,0.37515193223953247,0.5679579377174377,-0.039887312799692154,0.4050253629684448,0.4621965289115906,-0.06352435797452927,0.4561555087566376,0.39579930901527405,-0.08870649337768555,0.4096290171146393,0.5406072735786438,-0.08252108097076416,0.46426254510879517,0.36777499318122864,-0.13125045597553253,0.5080023407936096,0.2662152945995331,-0.1580630987882614,0.5483096241950989,0.18841397762298584,-0.17379166185855865,0.46663138270378113,0.5866757035255432,-0.09948033839464188,0.5505728125572205,0.40632790327072144,-0.14269372820854187,0.6204715967178345,0.30046433210372925,-0.16472189128398895,0.6808747053146362,0.22354650497436523,-0.1791943609714508,0.5226770043373108,0.6524437069892883,-0.1150735542178154,0.6138120293617249,0.4903494715690613,-0.15720947086811066,0.6851762533187866,0.3953286409378052,-0.17723487317562103,0.7410256862640381,0.3229745924472809,-0.188542440533638,0.5750869512557983,0.7276913523674011,-0.12935446202754974,0.6599435806274414,0.619348406791687,-0.16673511266708374,0.7156893610954285,0.5531467199325562,-0.17898842692375183,0.7625941038131714,0.49471306800842285,-0.18444733321666718
0.4107177257537842,0.8543565273284912,1.0113599273608997e-06,0.3766167163848877,0.721593976020813,-0.004212008323520422,0.377754807472229,0.577653169631958,-0.021760810166597366,0.4058276414871216,0.4747743010520935,-0.040686409920454025,0.4588409960269928,0.41675451397895813,-0.060609184205532074,0.4108996093273163,0.5333666205406189,-0.05453974008560181,0.47203329205513,0.36724787950515747,-0.09022870659828186,0.5149372220039368,0.2708750367164612,-0.10767853260040283,0.5495447516441345,0.19824373722076416,-0.1173921525478363,0.45593327283859253,0.5700696110725403,-0.0746178925037384,0.5334665179252625,0.38194137811660767,-0.10682154446840286,0.5958787202835083,0.27277642488479614,-0.12350333482027054,0.6491925716400146,0.19628506898880005,-0.1336704045534134,0.505284309387207,0.630655825138092,-0.09336920827627182,0.5882878303527832,0.4617335796356201,-0.12793037295341492,0.6570605635643005,0.37091702222824097,-0.1467089205980301,0.7134955525398254,0.3053508996963501,-0.15722346305847168,0.5566951036453247,0.7054953575134277,-0.11020829528570175,0.6402673721313477,0.606438934803009,-0.14364854991436005,0.7006192207336426,0.5512018799781799,-0.15530307590961456,0.7517611384391785,0.5061702728271484,-0.1598973572254181
0.44265154004096985,0.8744556903839111,5.485434257934685e-07,0.525499701499939,0.7604420185089111,0.027024107053875923,0.5798609852790833,0.6291270852088928,0.019114887341856956,0.639147162437439,0.5447800159454346,0.002942052436992526,0.6929252743721008,0.4849553108215332,-0.018948839977383614,0.5000962615013123,0.5473513603210449,-0.04342920705676079,0.5257145166397095,0.3839680552482605,-0.08185617625713348,0.5521451234817505,0.2775239050388336,-0.10488319396972656,0.578482985496521,0.19446194171905518,-0.12305313348770142,0.49507150053977966,0.5754082798957825,-0.08637361973524094,0.5387243032455444,0.3820509612560272,-0.12446584552526474,0.588156521320343,0.26261231303215027,-0.15103523433208466,0.6332939863204956,0.17165309190750122,-0.17184683680534363,0.5029640197753906,0.6357272863388062,-0.12532316148281097,0.5541276931762695,0.4423794746398926,-0.16736210882663727,0.607839822769165,0.34164300560951233,-0.19985827803611755,0.6570031642913818,0.26382625102996826,-0.22482217848300934,0.5267583727836609,0.714316189289093,-0.159169003367424,0.5547177791595459,0.6266136169433594,-0.20924049615859985,0.5832250714302063,0.5571986436843872,-0.24013270437717438,0.6157267689704895,0.49482548236846924,-0.26253005862236023
0.5387065410614014,0.9043984413146973,6.037444109097123e-07,0.599498450756073,0.8200281262397766,-0.015880877152085304,0.6348844766616821,0.6901001334190369,-0.028859255835413933,0.6627665162086487,0.6054296493530273,-0.04439821094274521,0.6775450110435486,0.557375431060791,-0.06341169774532318,0.5731569528579712,0.5324661135673523,-0.030900243669748306,0.5790659189224243,0.3887827396392822,-0.07031245529651642,0.5986438393592834,0.29520225524902344,-0.10253472626209259,0.6247996091842651,0.22077196836471558,-0.12571625411510468,0.5493900775909424,0.5466107726097107,-0.05234905332326889,0.5556725263595581,0.3843018114566803,-0.09032268077135086,0.5848868489265442,0.27849751710891724,-0.12277071923017502,0.6218435168266296,0.19331613183021545,-0.14528897404670715,0.5231544971466064,0.5908035039901733,-0.07664279639720917,0.5292662382125854,0.43315839767456055,-0.1172146126627922,0.560997486114502,0.34024834632873535,-0.1442093849182129,0.598057210445404,0.2637072801589966,-0.16144421696662903,0.49673694372177124,0.6617794036865234,-0.10192883759737015,0.4959714114665985,0.5562294125556946,-0.14112542569637299,0.5107077956199646,0.4866454601287842,-0.15781641006469727,0.5286486148834229,0.4295254945755005,-0.16790753602981567
0.5473847985267639,0.9538397789001465,6.351434649332077e-07,0.6366150379180908,0.8818555474281311,-0.026763716712594032,0.6830109357833862,0.7576101422309875,-0.04153832048177719,0.7090199589729309,0.6618490815162659,-0.0583195723593235,0.7413192391395569,0.6053614020347595,-0.07698741555213928,0.6085248589515686,0.5798959136009216,-0.019343946129083633,0.6110852360725403,0.431118369102478,-0.05435030534863472,0.6219869256019592,0.3360472321510315,-0.08467251062393188,0.6332700252532959,0.25282642245292664,-0.10649228096008301,0.5674636363983154,0.580418050289154,-0.03420047089457512,0.5761903524398804,0.41127049922943115,-0.06754384934902191,0.590988278388977,0.2940095067024231,-0.09883995354175568,0.605335533618927,0.18903565406799316,-0.12080053240060806,0.528257429599762,0.6072338223457336,-0.05417025461792946,0.5338818430900574,0.44563090801239014,-0.0862041637301445,0.552054226398468,0.33739879727363586,-0.10856219381093979,0.5714899897575378,0.2422254979610443,-0.12279576063156128,0.4870973825454712,0.6586598753929138,-0.0775369182229042,0.48139721155166626,0.5337210893630981,-0.10563400387763977,0.4937228560447693,0.4485011696815491,-0.117963045835495,0.512173593044281,0.37384623289108276,-0.125539630651474
0.5586531162261963,0.9723308086395264,7.865925795158546e-07,0.6610270142555237,0.9158427715301514,-0.03876486048102379,0.7272340059280396,0.7949622273445129,-0.057240068912506104,0.7720849514007568,0.6968994736671448,-0.07504292577505112,0.8208379745483398,0.6476293802261353,-0.09353278577327728,0.6340274214744568,0.5825133919715881,-0.027831867337226868,0.6392219066619873,0.4303266406059265,-0.05899655818939209,0.6467338800430298,0.33623164892196655,-0.08757446706295013,0.6541107296943665,0.2554771602153778,-0.1082863137125969,0.5763049125671387,0.5745304226875305,-0.035448648035526276,0.5782389640808105,0.39893490076065063,-0.06099428981542587,0.5893967151641846,0.2845984995365143,-0.0869089812040329,0.601224422454834,0.187092125415802,-0.10615704953670502,0.5219181776046753,0.5963556170463562,-0.048808902502059937,0.5200514197349548,0.43135276436805725,-0.07317224144935608,0.5321626663208008,0.32710954546928406,-0.09312109649181366,0.5471783876419067,0.23800352215766907,-0.10717097669839859,0.4668840169906616,0.645474374294281,-0.06676167994737625,0.4492778182029724,0.5181667804718018,-0.08896823227405548,0.45330560207366943,0.4339905381202698,-0.09857988357543945,0.46479445695877075,0.35838329792022705,-0.104777492582798
0.5670682787895203,0.9870058298110962,7.616845891789126e-07,0.6700739860534668,0.9331492185592651,-0.04054021090269089,0.7477802038192749,0.8199020624160767,-0.06046901270747185,0.806968092918396,0.7286714315414429,-0.07918619364500046,0.8631335496902466,0.6779162883758545,-0.09838800877332687,0.6548776030540466,0.5956028699874878,-0.029411593452095985,0.6710443496704102,0.44732826948165894,-0.06023304536938667,0.6806032061576843,0.35638484358787537,-0.08842335641384125,0.6888746023178101,0.27735695242881775,-0.10870695859193802,0.5893469452857971,0.577691912651062,-0.03558807075023651,0.5912256240844727,0.3997372090816498,-0.0595213919878006,0.5999147891998291,0.29067525267601013,-0.08314015716314316,0.6079695224761963,0.19813522696495056,-0.10085247457027435,0.5287580490112305,0.5940402150154114,-0.047661930322647095,0.5218853950500488,0.42874854803085327,-0.07088832557201385,0.5286545753479004,0.3273621201515198,-0.08948879688978195,0.5363118052482605,0.24043944478034973,-0.10268060863018036,0.47047120332717896,0.6403809189796448,-0.06446058303117752,0.4491328001022339,0.5142471790313721,-0.08514157682657242,0.4460195302963257,0.4320787191390991,-0.09298598021268845,0.4481634497642517,0.3568170368671417,-0.09792646765708923
0.5733884572982788,0.9977246522903442,8.178096777555766e-07,0.6798170804977417,0.9418948292732239,-0.03899421915411949,0.7604497671127319,0.8351141810417175,-0.058707136660814285,0.81812584400177,0.7455981969833374,-0.07772739976644516,0.8770017623901367,0.6938397884368896,-0.09690667688846588,0.6725192070007324,0.6027231216430664,-0.0240878164768219,0.7004117965698242,0.4537231922149658,-0.052952416241168976,0.716265082359314,0.36129894852638245,-0.07996286451816559,0.7279319763183594,0.28280019760131836,-0.09940283000469208,0.6045237183570862,0.5820791125297546,-0.030831720679998398,0.609404981136322,0.4016379117965698,-0.052980877459049225,0.617690920829773,0.29231148958206177,-0.07590848952531815,0.6236388683319092,0.202529639005661,-0.09322787821292877,0.5403994917869568,0.5966385006904602,-0.04363178461790085,0.5339705944061279,0.4290880560874939,-0.06582114845514297,0.5404609441757202,0.32653698325157166,-0.08483727276325226,0.5489182472229004,0.24066755175590515,-0.09841892868280411,0.4763215482234955,0.6426259875297546,-0.06098058074712753,0.4513394832611084,0.5143774747848511,-0.08146379142999649,0.4453924298286438,0.4323720932006836,-0.08941945433616638,0.44629842042922974,0.35851579904556274,-0.09416209906339645
0.5868874192237854,1.0049378871917725,7.936455403978471e-07,0.6947309970855713,0.9472675323486328,-0.03691398352384567,0.7759715914726257,0.8466620445251465,-0.05697372928261757,0.8367982506752014,0.7612893581390381,-0.07760675996541977,0.8976775407791138,0.7123438715934753,-0.09840258210897446,0.6848422288894653,0.6109946966171265,-0.019696591421961784,0.7108625173568726,0.45985692739486694,-0.04771371930837631,0.7245787978172302,0.3681012988090515,-0.07416214048862457,0.734838604927063,0.2898835837841034,-0.09340906888246536,0.6157848238945007,0.5901690125465393,-0.027322638779878616,0.6211184859275818,0.409917414188385,-0.049343135207891464,0.627875030040741,0.30172061920166016,-0.07283812761306763,0.6319683790206909,0.21449023485183716,-0.09048871695995331,0.5498155951499939,0.6045475602149963,-0.040938667953014374,0.5390417575836182,0.4379989206790924,-0.06289707869291306,0.5399106740951538,0.3351552486419678,-0.08208858966827393,0.5434209108352661,0.2502124607563019,-0.09566553682088852,0.48474228382110596,0.6501715779304504,-0.05898907408118248,0.4574541449546814,0.5228060483932495,-0.07952599972486496,0.44710713624954224,0.44032931327819824,-0.08749403804540634,0.4436001181602478,0.3674035966396332,-0.09191751480102539
0.59171462059021,1.0149762630462646,8.620088465249864e-07,0.7012144327163696,0.9633930921554565,-0.04591136798262596,0.7878013253211975,0.8753883242607117,-0.07270354777574539,0.8535763025283813,0.7915326356887817,-0.09847304970026016,0.9165276288986206,0.7371692657470703,-0.12378077208995819,0.6985599994659424,0.6255680322647095,-0.03144000843167305,0.7262733578681946,0.47257643938064575,-0.06329119950532913,0.7397279739379883,0.3789500594139099,-0.09224546700716019,0.7483506202697754,0.29858219623565674,-0.11320463567972183,0.6288793683052063,0.6002809405326843,-0.036327064037323,0.636828601360321,0.41804593801498413,-0.061982396990060806,0.6433389186859131,0.3084818422794342,-0.08777392655611038,0.6450297832489014,0.2225147783756256,-0.10686119645833969,0.5610969662666321,0.6128015518188477,-0.04755760356783867,0.5484497547149658,0.4433354139328003,-0.07309902459383011,0.5466986298561096,0.33925822377204895,-0.0939318835735321,0.5463311672210693,0.25483083724975586,-0.10804057866334915,0.49430549144744873,0.6581032872200012,-0.06370332837104797,0.4636296033859253,0.5284914374351501,-0.08765105903148651,0.449491411447525,0.44473326206207275,-0.09728574752807617,0.44219058752059937,0.37190884351730347,-0.10225096344947815
0.5979857444763184,1.0174216032028198,8.800471391623432e-07,0.7093233466148376,0.9745607376098633,-0.046647585928440094,0.7992476224899292,0.8983677625656128,-0.07511439919471741,0.870084822177887,0.82221519947052,-0.10248471796512604,0.9369884729385376,0.774827778339386,-0.12928365170955658,0.7120508551597595,0.6376686096191406,-0.03522808477282524,0.7418267130851746,0.48262155055999756,-0.06707106530666351,0.7547352313995361,0.38666820526123047,-0.09469818323850632,0.7625678181648254,0.3048383295536041,-0.11488792300224304,0.639539897441864,0.6098529100418091,-0.03983530029654503,0.6471606492996216,0.42646098136901855,-0.0659267008304596,0.6532540917396545,0.3162238299846649,-0.0912308618426323,0.6546205878257751,0.22942698001861572,-0.11014736443758011,0.5695241093635559,0.6206706762313843,-0.05054337531328201,0.5551153421401978,0.45286306738853455,-0.07655513286590576,0.5532045364379883,0.346865177154541,-0.09795556962490082,0.5526670217514038,0.259130597114563,-0.11263712495565414,0.5018404722213745,0.6643045544624329,-0.06618054211139679,0.4694656431674957,0.5372830629348755,-0.090969018638134,0.45264482498168945,0.4525291621685028,-0.10196986049413681,0.44206082820892334,0.3766862452030182,-0.1079864427447319
0.6048530340194702,1.027212381362915,9.457709779780998e-07,0.7192854285240173,0.9887829422950745,-0.05123468115925789,0.8087728023529053,0.917123019695282,-0.08222820609807968,0.8810235857963562,0.8415989875793457,-0.11130406707525253,0.9536985754966736,0.7933530211448669,-0.1396569460630417,0.7220772504806519,0.6524713635444641,-0.04154827073216438,0.7537044286727905,0.49421024322509766,-0.07495799660682678,0.7687327861785889,0.3965536057949066,-0.10315803438425064,0.7777436971664429,0.3116033971309662,-0.1240348294377327,0.6481757164001465,0.6214165091514587,-0.04422982782125473,0.6579539179801941,0.4362238943576813,-0.07276962697505951,0.6637366414070129,0.3242858350276947,-0.09941176325082779,0.6632118821144104,0.23476102948188782,-0.11926677078008652,0.5764341354370117,0.6307454705238342,-0.05325257405638695,0.55998694896698,0.4633261263370514,-0.082209013402462,0.5551371574401855,0.3571419417858124,-0.10554947704076767,0.5513518452644348,0.26839011907577515,-0.12111300975084305,0.506430983543396,0.6732719540596008,-0.06730537116527557,0.47324472665786743,0.5424791574478149,-0.09451932460069656,0.4556580185890198,0.4559857249259949,-0.10745547711849213,0.4446447193622589,0.37766197323799133,-0.11468654125928879
0.600563108921051,1.0283176898956299,9.991035767598078e-07,0.7163637280464172,0.9920652508735657,-0.05481209605932236,0.8105077147483826,0.9254562258720398,-0.08942104876041412,0.8866099715232849,0.854800820350647,-0.12168798595666885,0.961929440498352,0.8072230219841003,-0.1532520204782486,0.7280266284942627,0.6592331528663635,-0.04740515351295471,0.7628353834152222,0.5007741451263428,-0.08270473033189774,0.7783927321434021,0.4032112658023834,-0.11246629059314728,0.7870784997940063,0.3167930841445923,-0.13466233015060425,0.6530214548110962,0.6248800158500671,-0.04952948912978172,0.6640486121177673,0.4386206567287445,-0.07986249029636383,0.6691145300865173,0.326535165309906,-0.10843739658594131,0.6671366691589355,0.23567751049995422,-0.12993702292442322,0.5796908736228943,0.6318476796150208,-0.058016035705804825,0.5661144256591797,0.46258634328842163,-0.08815527707338333,0.5597126483917236,0.35450366139411926,-0.11282020807266235,0.5530974268913269,0.2623148560523987,-0.12962213158607483,0.507767915725708,0.6730769872665405,-0.07171212136745453,0.4757622480392456,0.5392451286315918,-0.10012645274400711,0.4557664096355438,0.45282667875289917,-0.1136937290430069,0.4413348436355591,0.3733578324317932,-0.12142417579889297
0.589989423751831,1.0387678146362305,1.0068548590425053e-06,0.7147601246833801,1.007041096687317,-0.05685407668352127,0.8148202896118164,0.9353557229042053,-0.09113661199808121,0.8991934061050415,0.8597175478935242,-0.12280288338661194,0.9832155704498291,0.8143993020057678,-0.15406885743141174,0.7363376021385193,0.6679439544677734,-0.04723276197910309,0.7736266851425171,0.5071650147438049,-0.08252698183059692,0.7903696298599243,0.4076293706893921,-0.111967533826828,0.8007628917694092,0.32157737016677856,-0.13397932052612305,0.659011960029602,0.6318106055259705,-0.04831739887595177,0.6724963784217834,0.44456788897514343,-0.07862931489944458,0.6790441870689392,0.33051490783691406,-0.10699324309825897,0.6797657608985901,0.23802262544631958,-0.12807101011276245,0.5830099582672119,0.6378412842750549,-0.05617861449718475,0.5730071067810059,0.463886559009552,-0.08735232055187225,0.5675866007804871,0.35507017374038696,-0.11245615780353546,0.5631304979324341,0.2625253200531006,-0.12927554547786713,0.509156346321106,0.6791128516197205,-0.06940114498138428,0.4794916808605194,0.5436922311782837,-0.09954523295164108,0.4601505398750305,0.456775963306427,-0.11416561901569366,0.44702666997909546,0.3759084641933441,-0.1222601905465126
0.5895577669143677,1.0594228506088257,1.0719953706939123e-06,0.7176142930984497,1.0237936973571777,-0.06155088543891907,0.8210752606391907,0.9461527466773987,-0.09718673676252365,0.913027286529541,0.8681564927101135,-0.1308554857969284,1.0053155422210693,0.8254970908164978,-0.16437795758247375,0.7340013384819031,0.6733903288841248,-0.04098467156291008,0.7730205059051514,0.5097016096115112,-0.0753789097070694,0.7922153472900391,0.407441109418869,-0.10652375221252441,0.8042930364608765,0.3160829246044159,-0.13042373955249786,0.6550055146217346,0.638618528842926,-0.04086201265454292,0.6699462532997131,0.44821733236312866,-0.0697760283946991,0.6757711172103882,0.33208614587783813,-0.0999700278043747,0.6752905249595642,0.23723220825195312,-0.12268050760030746,0.5789080858230591,0.6457816958427429,-0.04840989038348198,0.5719540119171143,0.4680255949497223,-0.07748716324567795,0.5646018981933594,0.3586767911911011,-0.10303426533937454,0.5575752258300781,0.2656741738319397,-0.1205599308013916,0.5068267583847046,0.6893947124481201,-0.06227780878543854,0.47710517048835754,0.5521663427352905,-0.09033089876174927,0.4576795697212219,0.46361762285232544,-0.10447325557470322,0.44435811042785645,0.3819270431995392,-0.11246568709611893
0.589072585105896,1.0741024017333984,1.0518448334551067e-06,0.7198491096496582,1.0346524715423584,-0.0568230114877224,0.8258773684501648,0.9552406072616577,-0.08960612863302231,0.9170299768447876,0.87300044298172,-0.1207994669675827,1.0059400796890259,0.8269639611244202,-0.1518053412437439,0.7368533611297607,0.6812281608581543,-0.039559170603752136,0.7766540050506592,0.5115759968757629,-0.07386867702007294,0.7958402633666992,0.4075169563293457,-0.10463522374629974,0.8077236413955688,0.3142109513282776,-0.12803928554058075,0.6555913686752319,0.6460936069488525,-0.04127199947834015,0.6709821820259094,0.45077481865882874,-0.07011130452156067,0.6766796708106995,0.3330076038837433,-0.10005909204483032,0.6759164333343506,0.23603174090385437,-0.12269207090139389,0.5776352882385254,0.6528320908546448,-0.05009667947888374,0.5685294270515442,0.47064244747161865,-0.07946553826332092,0.5612974166870117,0.35996466875076294,-0.1045435443520546,0.5542369484901428,0.26517942547798157,-0.12176920473575592,0.5039178729057312,0.6970242857933044,-0.06476180255413055,0.47184333205223083,0.5557978749275208,-0.09335830062627792,0.4516791105270386,0.4656405448913574,-0.10715463012456894,0.4388537108898163,0.38049352169036865,-0.11481928825378418
0.5977621674537659,1.0883328914642334,1.1410893421270885e-06,0.7290192246437073,1.0437028408050537,-0.057994142174720764,0.8386759161949158,0.9595887064933777,-0.0928901880979538,0.9399965405464172,0.8787245750427246,-0.12617550790309906,1.0366392135620117,0.8353719115257263,-0.15974943339824677,0.7433508634567261,0.691301703453064,-0.04217023402452469,0.7848960757255554,0.5192765593528748,-0.07751750946044922,0.8055161237716675,0.412293404340744,-0.10934418439865112,0.8187417387962341,0.3166019320487976,-0.13375559449195862,0.659874439239502,0.6540254950523376,-0.04448540508747101,0.6761449575424194,0.45239636301994324,-0.07349512726068497,0.6836888194084167,0.33121564984321594,-0.1037650927901268,0.6844229698181152,0.23265746235847473,-0.12682870030403137,0.5793524980545044,0.6619734764099121,-0.05388973653316498,0.5692230463027954,0.4740353226661682,-0.08258926123380661,0.5629896521568298,0.3603787124156952,-0.10793382674455643,0.5576584935188293,0.2631661891937256,-0.12594158947467804,0.5043078660964966,0.709105908870697,-0.0692739188671112,0.4688841700553894,0.5663380026817322,-0.0966726765036583,0.4478764832019806,0.47457802295684814,-0.10992883145809174,0.434649258852005,0.38777637481689453,-0.11781676858663559
0.5978648662567139,1.0938886404037476,1.1447763199612382e-06,0.7303550243377686,1.0459814071655273,-0.06127108633518219,0.8440253138542175,0.9663031101226807,-0.10062620043754578,0.9452483654022217,0.8933541774749756,-0.13761068880558014,1.0363221168518066,0.8405854105949402,-0.17499257624149323,0.7490934729576111,0.6993943452835083,-0.0573275126516819,0.7937347888946533,0.5222600698471069,-0.09845007210969925,0.8155310153961182,0.41313421726226807,-0.1333497315645218,0.829059362411499,0.31504368782043457,-0.15897071361541748,0.6606670022010803,0.6637405157089233,-0.0600995309650898,0.6772313117980957,0.4557812213897705,-0.09296135604381561,0.6842913627624512,0.33240097761154175,-0.12440409511327744,0.6837248802185059,0.23130130767822266,-0.14877773821353912,0.5760902166366577,0.6736427545547485,-0.06962396204471588,0.5650982856750488,0.48297345638275146,-0.10091083496809006,0.5585775971412659,0.3663671612739563,-0.12527279555797577,0.5534638166427612,0.26532408595085144,-0.14299775660037994,0.49668049812316895,0.722055971622467,-0.08527006208896637,0.4579913914203644,0.5750353336334229,-0.11468140035867691,0.43745157122612,0.47987815737724304,-0.12695778906345367,0.42633432149887085,0.3894173502922058,-0.1341250091791153
0.6042603254318237,1.1198971271514893,1.1696606634359341e-06,0.7391778230667114,1.0705595016479492,-0.06152176111936569,0.8544111847877502,0.9862845540046692,-0.09866784512996674,0.961111843585968,0.9147927761077881,-0.13425582647323608,1.0607004165649414,0.8819852471351624,-0.16949401795864105,0.7541608214378357,0.7062555551528931,-0.04735907167196274,0.7999634146690369,0.5229200124740601,-0.08468542248010635,0.820697009563446,0.4102270007133484,-0.11796532571315765,0.8332012891769409,0.3100188374519348,-0.14318294823169708,0.6651135683059692,0.6684764623641968,-0.04958353191614151,0.6809552907943726,0.45459890365600586,-0.07920520007610321,0.687086820602417,0.3266533613204956,-0.1093677207827568,0.6860905289649963,0.22370284795761108,-0.1327660083770752,0.5794901251792908,0.676875650882721,-0.059281446039676666,0.5663691759109497,0.48034656047821045,-0.08833315223455429,0.5597521066665649,0.3633456528186798,-0.11261674761772156,0.5546940565109253,0.26446014642715454,-0.13010264933109283,0.49854445457458496,0.7246448993682861,-0.07555560767650604,0.45631304383277893,0.5775214433670044,-0.10303941369056702,0.4327426254749298,0.4832492172718048,-0.11467796564102173,0.4195234179496765,0.39486879110336304,-0.12137380242347717
0.6054519414901733,1.1382478475570679,1.1292883073110715e-06,0.73801189661026,1.0951285362243652,-0.05848744511604309,0.8553926348686218,1.0200730562210083,-0.09343220293521881,0.9546365141868591,0.9536309838294983,-0.1274363100528717,1.0343914031982422,0.9120506048202515,-0.1602313369512558,0.7615798711776733,0.7120048403739929,-0.04609692841768265,0.8087508082389832,0.522622287273407,-0.08352647721767426,0.8301904201507568,0.4084574580192566,-0.11722344905138016,0.8419342637062073,0.30638259649276733,-0.14257259666919708,0.6692849397659302,0.6722722053527832,-0.04971136897802353,0.6843210458755493,0.4510391354560852,-0.07982996851205826,0.6898314952850342,0.32033514976501465,-0.11139606684446335,0.6885340809822083,0.21608757972717285,-0.13611535727977753,0.5815508365631104,0.6817610263824463,-0.06025902181863785,0.5646724700927734,0.48059093952178955,-0.08885844051837921,0.557961642742157,0.3607812821865082,-0.1142268031835556,0.5525211095809937,0.26053038239479065,-0.13288487493991852,0.49811089038848877,0.7330176830291748,-0.07705126702785492,0.4541281759738922,0.5809019804000854,-0.10487281531095505,0.42936277389526367,0.48674869537353516,-0.11692590266466141,0.417202353477478,0.39930227398872375,-0.1238771453499794
0.6014063358306885,1.1429897546768188,1.1823210570582887e-06,0.7388330698013306,1.100361704826355,-0.058712344616651535,0.8549925088882446,1.0229889154434204,-0.09378759562969208,0.9506144523620605,0.9500160217285156,-0.12774069607257843,1.0272116661071777,0.9042866826057434,-0.16086749732494354,0.7654566168785095,0.7140800356864929,-0.051342714577913284,0.8180670738220215,0.5213867425918579,-0.09118568152189255,0.8419279456138611,0.4049506187438965,-0.12568575143814087,0.8560612201690674,0.3008652627468109,-0.15180270373821259,0.6698035001754761,0.670112669467926,-0.05593208596110344,0.6881511211395264,0.4441121518611908,-0.0888681560754776,0.6951549649238586,0.310987651348114,-0.12214383482933044,0.6957297325134277,0.2034856677055359,-0.14792205393314362,0.5785167217254639,0.6785421967506409,-0.06712650507688522,0.5637856721878052,0.4711757302284241,-0.09868307411670685,0.5579083561897278,0.34780117869377136,-0.12640324234962463,0.5536351203918457,0.24353986978530884,-0.14677847921848297,0.4917582869529724,0.7326145172119141,-0.08421572297811508,0.4469986855983734,0.5799386501312256,-0.11558295041322708,0.42116567492485046,0.4849664568901062,-0.12985464930534363,0.40854912996292114,0.3962254226207733,-0.13817629218101501
0.5946086645126343,1.1348909139633179,1.238746563103632e-06,0.7335878610610962,1.0946311950683594,-0.06167684122920036,0.852726399898529,1.0178496837615967,-0.09975516051054001,0.9500156044960022,0.9481057524681091,-0.1363898366689682,1.027929663658142,0.904342770576477,-0.1721366047859192,0.7640386819839478,0.7073323726654053,-0.06099670007824898,0.818724513053894,0.5096662044525146,-0.10549525171518326,0.8437838554382324,0.38915327191352844,-0.1415497064590454,0.8592796325683594,0.2828962206840515,-0.16792668402194977,0.6665639877319336,0.6602553129196167,-0.06507714092731476,0.6876842379570007,0.429169237613678,-0.10168720036745071,0.6967343091964722,0.2916065752506256,-0.13530346751213074,0.699332058429718,0.1811409592628479,-0.16057300567626953,0.5739482045173645,0.6658082604408264,-0.07563767582178116,0.560783863067627,0.45477911829948425,-0.10905010998249054,0.5565481781959534,0.3288399577140808,-0.13628612458705902,0.5545039176940918,0.22411805391311646,-0.156003937125206,0.48623543977737427,0.7181939482688904,-0.09235995262861252,0.443215936422348,0.5661550760269165,-0.12421911209821701,0.4171590209007263,0.4721927344799042,-0.1380711942911148,0.40317660570144653,0.3864101469516754,-0.1457759141921997
0.5847000479698181,1.1125649213790894,1.273754719477438e-06,0.7270526885986328,1.0725812911987305,-0.0632840022444725,0.8504366874694824,0.9998535513877869,-0.10490000247955322,0.9528534412384033,0.9358601570129395,-0.14543947577476501,1.0345170497894287,0.8956843018531799,-0.1859198957681656,0.7647403478622437,0.6915888786315918,-0.07005642354488373,0.8202815055847168,0.49063199758529663,-0.11970938742160797,0.845252513885498,0.3669731318950653,-0.15817570686340332,0.8602887392044067,0.25899046659469604,-0.18578612804412842,0.6657042503356934,0.6425489187240601,-0.0759987011551857,0.6899364590644836,0.40571513772010803,-0.1175096407532692,0.6987500786781311,0.26420363783836365,-0.15304860472679138,0.7007107734680176,0.1503874659538269,-0.17917409539222717,0.5706971883773804,0.6473718285560608,-0.0882314145565033,0.5620584487915039,0.42927131056785583,-0.1251302808523178,0.5574766397476196,0.30079537630081177,-0.15312856435775757,0.5554196834564209,0.19336068630218506,-0.1732001006603241,0.4805346727371216,0.6999449729919434,-0.10664387047290802,0.4380422830581665,0.5479756593704224,-0.14097867906093597,0.41148728132247925,0.45509716868400574,-0.15516765415668488,0.39632487297058105,0.3709733784198761,-0.1628524363040924
0.5705536603927612,1.0778274536132812,1.3214475984568708e-06,0.7166445255279541,1.048345923423767,-0.07006374001502991,0.8432751297950745,0.9873918890953064,-0.11819474399089813,0.9445229768753052,0.9336534738540649,-0.16419774293899536,1.0292575359344482,0.9018526077270508,-0.21085424721240997,0.7640928030014038,0.666956901550293,-0.08711464703083038,0.8215112686157227,0.46145927906036377,-0.14185595512390137,0.8478198647499084,0.3320143520832062,-0.182969868183136,0.8632875680923462,0.21777784824371338,-0.21251066029071808,0.66094970703125,0.6169224381446838,-0.09279970824718475,0.6846051812171936,0.3770012855529785,-0.1398061215877533,0.6908992528915405,0.23045456409454346,-0.17787393927574158,0.6903242468833923,0.11099201440811157,-0.20610693097114563,0.5620884299278259,0.6200971603393555,-0.10468901693820953,0.5541635751724243,0.39805009961128235,-0.1468420773744583,0.5487295389175415,0.2642049789428711,-0.17723709344863892,0.5458939075469971,0.15276437997817993,-0.19891639053821564,0.47010383009910583,0.6694221496582031,-0.12323089689016342,0.42347612977027893,0.5144268870353699,-0.16286806762218475,0.39261120557785034,0.4147334694862366,-0.1804414689540863,0.37322598695755005,0.32251977920532227,-0.1903935670852661
0.5575886964797974,1.0732839107513428,1.2948667063028552e-06,0.7089450359344482,1.0488839149475098,-0.07318191230297089,0.8421056270599365,0.9870649576187134,-0.12135659903287888,0.9442732334136963,0.929358720779419,-0.16697120666503906,1.0294519662857056,0.8928359746932983,-0.2130555659532547,0.7619114518165588,0.6364824771881104,-0.08613782376050949,0.819943904876709,0.42297372221946716,-0.14093005657196045,0.847143292427063,0.2905142605304718,-0.18300104141235352,0.8633747100830078,0.17422109842300415,-0.21337121725082397,0.6553847193717957,0.5866556763648987,-0.09036914259195328,0.6802681684494019,0.3418465852737427,-0.13736768066883087,0.6861655116081238,0.19302424788475037,-0.17724323272705078,0.6849889159202576,0.07313930988311768,-0.20683062076568604,0.5543290376663208,0.592494010925293,-0.1011362299323082,0.5487238764762878,0.3642639219760895,-0.1439492404460907,0.5418429374694824,0.22361871600151062,-0.17682813107967377,0.5366343855857849,0.1075981855392456,-0.20023541152477264,0.45976075530052185,0.6461995840072632,-0.11862044036388397,0.41391822695732117,0.48508739471435547,-0.1600983589887619,0.38293173909187317,0.38103610277175903,-0.1793302595615387,0.36323797702789307,0.2875913679599762,-0.1899234652519226
0.5606690645217896,1.0743383169174194,1.501667838965659e-06,0.7145897150039673,1.0442787408828735,-0.07531654089689255,0.8448895215988159,0.9758327007293701,-0.12431417405605316,0.9465057849884033,0.9082931280136108,-0.17095033824443817,1.031107783317566,0.8625528812408447,-0.21749907732009888,0.7592501044273376,0.6098406910896301,-0.0857769176363945,0.8156557679176331,0.39374905824661255,-0.14744164049625397,0.8443114161491394,0.2543095052242279,-0.19588874280452728,0.8610948324203491,0.12846297025680542,-0.22928020358085632,0.6505233645439148,0.5533626079559326,-0.09284928441047668,0.67118901014328,0.2723900079727173,-0.14712724089622498,0.6782776117324829,0.08755534887313843,-0.19462230801582336,0.677009642124176,-0.06686407327651978,-0.22822371125221252,0.5477222800254822,0.5605054497718811,-0.10648337751626968,0.535598635673523,0.3282233774662018,-0.15537017583847046,0.5289298295974731,0.18503892421722412,-0.19140568375587463,0.5222678184509277,0.06811892986297607,-0.21430042386054993,0.451958566904068,0.6212175488471985,-0.12722095847129822,0.40427911281585693,0.4515575170516968,-0.17024578154087067,0.37354663014411926,0.34434664249420166,-0.18743175268173218,0.3532019555568695,0.24722719192504883,-0.1952899843454361
0.5676577091217041,1.0881521701812744,1.3592855339084053e-06,0.7188491225242615,1.0539982318878174,-0.07912111282348633,0.8441047668457031,0.9711406230926514,-0.1231294497847557,0.9275506734848022,0.8845758438110352,-0.16314081847667694,1.0012080669403076,0.8249627351760864,-0.20218528807163239,0.7614364624023438,0.5902693867683411,-0.07325772196054459,0.8201071619987488,0.3710367679595947,-0.1263532191514969,0.8492452502250671,0.22755247354507446,-0.17222310602664948,0.868752658367157,0.10189801454544067,-0.20533686876296997,0.6497977375984192,0.536876380443573,-0.07416100800037384,0.6705312728881836,0.2764098346233368,-0.11687952280044556,0.6785520315170288,0.11482426524162292,-0.1590990126132965,0.6832982301712036,-0.013379871845245361,-0.19032803177833557,0.5445820093154907,0.5430254340171814,-0.08327948302030563,0.537874698638916,0.3056466281414032,-0.12280838191509247,0.534477710723877,0.1555134356021881,-0.15667812526226044,0.5340518951416016,0.035258710384368896,-0.1806187629699707,0.4428991675376892,0.6028622388839722,-0.10042478889226913,0.3938257098197937,0.42935457825660706,-0.13979320228099823,0.3616960048675537,0.31653550267219543,-0.15816494822502136,0.34112343192100525,0.21528375148773193,-0.16760535538196564
0.5588109493255615,1.0766911506652832,1.4932896874597645e-06,0.7130079865455627,1.0370845794677734,-0.081252321600914,0.8447235822677612,0.945695161819458,-0.12834897637367249,0.9369536638259888,0.8537634015083313,-0.1706681102514267,1.0189828872680664,0.7922206521034241,-0.21187026798725128,0.7543430328369141,0.5651023983955383,-0.07607129216194153,0.8149412274360657,0.34149637818336487,-0.13167619705200195,0.8463784456253052,0.19669193029403687,-0.17913873493671417,0.8682663440704346,0.07200080156326294,-0.21295066177845,0.6417760848999023,0.5142356157302856,-0.07601742446422577,0.668380856513977,0.2479090392589569,-0.12093003839254379,0.6788946390151978,0.08433681726455688,-0.16510480642318726,0.6858078241348267,-0.04614061117172241,-0.19743427634239197,0.5343377590179443,0.5201698541641235,-0.08427608013153076,0.533582329750061,0.27221623063087463,-0.12587076425552368,0.5300052165985107,0.11393079161643982,-0.1630530208349228,0.528444230556488,-0.015150606632232666,-0.18906989693641663,0.4290364384651184,0.578617513179779,-0.10022968798875809,0.3872186243534088,0.39936563372612,-0.1412428617477417,0.3561870753765106,0.2844589054584503,-0.16111280024051666,0.33474990725517273,0.18038973212242126,-0.1715693324804306
0.5474448204040527,1.0601109266281128,1.5504185739700915e-06,0.7055032849311829,1.0226712226867676,-0.09764651209115982,0.8382106423377991,0.929391622543335,-0.15767604112625122,0.934462308883667,0.8247393369674683,-0.21027451753616333,1.018925666809082,0.7386443614959717,-0.2629898488521576,0.7524543404579163,0.5458902716636658,-0.10950948297977448,0.8133741617202759,0.31266701221466064,-0.18200404942035675,0.845909059047699,0.1561059057712555,-0.24031642079353333,0.871136486530304,0.021705150604248047,-0.2808707654476166,0.6391176581382751,0.49120789766311646,-0.1069897711277008,0.6701500415802002,0.22525641322135925,-0.16738663613796234,0.6828099489212036,0.05588078498840332,-0.22080190479755402,0.6923654079437256,-0.08563077449798584,-0.25989994406700134,0.5282838940620422,0.49770697951316833,-0.11325976997613907,0.5336840152740479,0.24600407481193542,-0.16788196563720703,0.5303468704223633,0.08249741792678833,-0.20939257740974426,0.5285674929618835,-0.05393761396408081,-0.2385672926902771,0.4179610013961792,0.5575653314590454,-0.12808147072792053,0.38052502274513245,0.37251973152160645,-0.17946740984916687,0.3525310158729553,0.2516528367996216,-0.2036009430885315,0.3313388526439667,0.14393064379692078,-0.21709677577018738
0.5405982732772827,1.049896478652954,1.625737809263228e-06,0.7018454670906067,1.0060067176818848,-0.1076827272772789,0.8345296382904053,0.9013107419013977,-0.17033617198467255,0.9369065761566162,0.7858718633651733,-0.22435051202774048,1.0366899967193604,0.7056997418403625,-0.27797648310661316,0.7394397258758545,0.5195353627204895,-0.11284084618091583,0.8023020625114441,0.27408260107040405,-0.1861405074596405,0.8332130908966064,0.1055014431476593,-0.2444848120212555,0.8569228649139404,-0.03750598430633545,-0.2857557535171509,0.6244735717773438,0.4690943956375122,-0.10581914335489273,0.648553729057312,0.2000676691532135,-0.1684730499982834,0.6575209498405457,0.027682602405548096,-0.22193366289138794,0.6658819913864136,-0.11529606580734253,-0.26082783937454224,0.5145179629325867,0.4801560044288635,-0.10880307108163834,0.5178345441818237,0.22703999280929565,-0.16559115052223206,0.5139191746711731,0.06587082147598267,-0.20591099560260773,0.5139269828796387,-0.06860876083374023,-0.23383472859859467,0.4070199728012085,0.5440000891685486,-0.12160240858793259,0.3697790801525116,0.3624601364135742,-0.1745409071445465,0.3448578119277954,0.24124446511268616,-0.19931630790233612,0.3276865780353546,0.1323094666004181,-0.21305334568023682
0.5238507986068726,1.0334153175354004,1.5668382502553868e-06,0.6902790665626526,0.9876251220703125,-0.10921353846788406,0.8266790509223938,0.8781027793884277,-0.17225736379623413,0.9303209781646729,0.7600705623626709,-0.22650441527366638,1.031502366065979,0.6749889254570007,-0.280123233795166,0.7283844947814941,0.49864858388900757,-0.10826379060745239,0.7892299294471741,0.26383528113365173,-0.18137086927890778,0.8191063404083252,0.10088282823562622,-0.2406053990125656,0.8416092991828918,-0.03542447090148926,-0.2825467884540558,0.6128140687942505,0.4468597173690796,-0.0995631068944931,0.6368130445480347,0.1872411072254181,-0.162007674574852,0.648677408695221,0.023421108722686768,-0.21525245904922485,0.6599586606025696,-0.11235225200653076,-0.2540058195590973,0.5014007091522217,0.4575556814670563,-0.10163415223360062,0.5042120218276978,0.2094169557094574,-0.1584058552980423,0.5014391541481018,0.05547136068344116,-0.19754791259765625,0.5031111240386963,-0.07341402769088745,-0.22453443706035614,0.3937533497810364,0.5208033323287964,-0.11385858058929443,0.3585415482521057,0.34059083461761475,-0.16601870954036713,0.33566737174987793,0.21685022115707397,-0.19103023409843445,0.32038867473602295,0.10469251871109009,-0.2052905410528183
0.5149519443511963,1.025417685508728,1.5269806681317277e-06,0.6797341108322144,0.9792585372924805,-0.10826363414525986,0.8197510242462158,0.8608942031860352,-0.16859939694404602,0.9262402653694153,0.7397475242614746,-0.22035351395606995,1.0348180532455444,0.6686805486679077,-0.2707267701625824,0.7216339111328125,0.4815203547477722,-0.09811780601739883,0.778632640838623,0.2448316216468811,-0.16664822399616241,0.805981457233429,0.08175423741340637,-0.22318220138549805,0.8256928324699402,-0.05489516258239746,-0.26367509365081787,0.6059916019439697,0.43118712306022644,-0.08921132236719131,0.6312325596809387,0.17612236738204956,-0.14833839237689972,0.6416564583778381,0.013209283351898193,-0.19904299080371857,0.6514776945114136,-0.12136960029602051,-0.23539364337921143,0.49511855840682983,0.43968480825424194,-0.09164414554834366,0.5012412071228027,0.19626212120056152,-0.1448705643415451,0.49994730949401855,0.045252472162246704,-0.18140962719917297,0.5030460953712463,-0.07956856489181519,-0.20612695813179016,0.38748589158058167,0.4997556805610657,-0.1047227755188942,0.3539838492870331,0.3211981952190399,-0.15239042043685913,0.33210882544517517,0.20035091042518616,-0.17469654977321625,0.31893423199653625,0.09155023097991943,-0.18700335919857025
0.5098785758018494,1.0151901245117188,1.4172624105412979e-06,0.6736189126968384,0.9629659652709961,-0.09849083423614502,0.8121482729911804,0.8383563756942749,-0.15466062724590302,0.9170440435409546,0.7219960689544678,-0.20408442616462708,1.0222755670547485,0.6523502469062805,-0.25246432423591614,0.7154779434204102,0.463623970746994,-0.09055046737194061,0.7710464596748352,0.23179689049720764,-0.15838377177715302,0.7998877763748169,0.0738617479801178,-0.21432626247406006,0.8211721181869507,-0.0586237907409668,-0.2543368339538574,0.6021228432655334,0.4135436713695526,-0.08634215593338013,0.6247492432594299,0.15916866064071655,-0.1452849805355072,0.6373476982116699,-0.000728309154510498,-0.19527804851531982,0.6499694585800171,-0.13248831033706665,-0.23098129034042358,0.4928897023200989,0.4219246804714203,-0.09295158088207245,0.49517786502838135,0.17388206720352173,-0.14687763154506683,0.4940270781517029,0.02121412754058838,-0.18359434604644775,0.49899858236312866,-0.10653960704803467,-0.20805615186691284,0.3866407871246338,0.48194944858551025,-0.1092715933918953,0.34997835755348206,0.29626914858818054,-0.15779799222946167,0.3271121680736542,0.16990840435028076,-0.18080902099609375,0.31460925936698914,0.05516141653060913,-0.19349674880504608
0.49690091609954834,0.9909945726394653,1.3664581501870998e-06,0.6644195318222046,0.9407248497009277,-0.0965467244386673,0.8084576725959778,0.8114014863967896,-0.15032780170440674,0.9151299595832825,0.6920516490936279,-0.19744740426540375,1.018906831741333,0.6189571619033813,-0.2442922741174698,0.7076939344406128,0.43820956349372864,-0.09217894077301025,0.7659645080566406,0.20898553729057312,-0.15980035066604614,0.7956814765930176,0.05159658193588257,-0.21480189263820648,0.8183409571647644,-0.07967078685760498,-0.2543894052505493,0.5942034721374512,0.389254629611969,-0.0886445865035057,0.6133762001991272,0.13491684198379517,-0.14815200865268707,0.6229671835899353,-0.025004565715789795,-0.1982962042093277,0.632960319519043,-0.15708625316619873,-0.23452308773994446,0.48569929599761963,0.4002717435359955,-0.09554743766784668,0.4857633709907532,0.15450111031532288,-0.15037627518177032,0.48071470856666565,0.0011173486709594727,-0.18879038095474243,0.4817041754722595,-0.12942653894424438,-0.21483488380908966,0.3803546130657196,0.4637013375759125,-0.11186236143112183,0.34502166509628296,0.2794380187988281,-0.16246549785137177,0.32219693064689636,0.15092310309410095,-0.18843325972557068,0.3091704547405243,0.03138837218284607,-0.20352959632873535
0.48563700914382935,0.9444115161895752,1.2881631619166e-06,0.6558525562286377,0.9002893567085266,-0.09527553617954254,0.8052076697349548,0.765221893787384,-0.14825370907783508,0.9214824438095093,0.6394760608673096,-0.19456149637699127,1.0378391742706299,0.5647503137588501,-0.24092452228069305,0.7038587927818298,0.3976821303367615,-0.09106339514255524,0.761355459690094,0.1712189018726349,-0.1561758667230606,0.789556622505188,0.018751144409179688,-0.2089834213256836,0.810488224029541,-0.10846748948097229,-0.2470148652791977,0.5910645723342896,0.34879589080810547,-0.08683815598487854,0.6109195947647095,0.09959203004837036,-0.14211750030517578,0.6197707056999207,-0.05303201079368591,-0.18898308277130127,0.6273205876350403,-0.17888763546943665,-0.22349795699119568,0.48311370611190796,0.358888179063797,-0.09283033013343811,0.48648110032081604,0.12194883823394775,-0.14307360351085663,0.4804455637931824,-0.024185389280319214,-0.1784868985414505,0.4793766438961029,-0.14966616034507751,-0.20337659120559692,0.3771105706691742,0.4208979606628418,-0.10823164880275726,0.3437938392162323,0.24022775888442993,-0.15517346560955048,0.3209764361381531,0.11734327673912048,-0.17912201583385468,0.3057677745819092,0.0027640461921691895,-0.1931692659854889
0.4770084619522095,0.8907070159912109,1.2144546417403035e-06,0.6492964029312134,0.8459828495979309,-0.08559095859527588,0.7977896928787231,0.710640549659729,-0.1330339014530182,0.9055514931678772,0.5810014009475708,-0.1749817579984665,1.0172451734542847,0.4972288906574249,-0.21651878952980042,0.701092541217804,0.3455732762813568,-0.07430535554885864,0.7573026418685913,0.12473705410957336,-0.1318867951631546,0.7865009307861328,-0.018536299467086792,-0.1800248622894287,0.809747040271759,-0.13568386435508728,-0.21432101726531982,0.5902989506721497,0.29662543535232544,-0.07152209430932999,0.6118741035461426,0.05453979969024658,-0.1184033453464508,0.6251933574676514,-0.09159901738166809,-0.16056211292743683,0.6370176672935486,-0.20819923281669617,-0.1919657588005066,0.4838564097881317,0.3029918670654297,-0.07885230332612991,0.4870656132698059,0.07305413484573364,-0.12158271670341492,0.4861793518066406,-0.06995657086372375,-0.15394334495067596,0.49153679609298706,-0.188339501619339,-0.17740993201732635,0.3783876895904541,0.35967907309532166,-0.09486223757266998,0.3415750563144684,0.179088294506073,-0.1351984292268753,0.3192862868309021,0.05867663025856018,-0.15625548362731934,0.3058233857154846,-0.05031511187553406,-0.1687714010477066
0.4654587507247925,0.8169735074043274,1.1611333547989489e-06,0.6390161514282227,0.7788529396057129,-0.07878520339727402,0.7860808968544006,0.6486201286315918,-0.1215980276465416,0.8859093189239502,0.5217731595039368,-0.16015814244747162,0.9836242198944092,0.4263566732406616,-0.19806057214736938,0.6961572766304016,0.2815183997154236,-0.06065277010202408,0.7499969005584717,0.06740525364875793,-0.11472233384847641,0.7788546085357666,-0.06871584057807922,-0.16160504519939423,0.8027802109718323,-0.17445439100265503,-0.19404354691505432,0.5868337750434875,0.23151624202728271,-0.05819505825638771,0.6116044521331787,-0.0006975233554840088,-0.10087653994560242,0.6294467449188232,-0.1394994854927063,-0.1421741247177124,0.6459217667579651,-0.24288606643676758,-0.1729574352502823,0.48205065727233887,0.2357483208179474,-0.06599591672420502,0.4866671860218048,0.016110360622406006,-0.10473842918872833,0.4911791682243347,-0.12167090177536011,-0.13650140166282654,0.5013623833656311,-0.2289699912071228,-0.15991587936878204,0.3788014054298401,0.2882598340511322,-0.08192640542984009,0.3462487757205963,0.11268278956413269,-0.1182062029838562,0.3306792676448822,-0.004641920328140259,-0.13842283189296722,0.32465773820877075,-0.10608065128326416,-0.15087346732616425
0.45673975348472595,0.7442936897277832,1.140363451668236e-06,0.6289069652557373,0.702937126159668,-0.07922197878360748,0.7805888056755066,0.5684022903442383,-0.12032715976238251,0.8859503865242004,0.44093698263168335,-0.15748591721057892,0.987966775894165,0.3457961678504944,-0.1945265531539917,0.6890354752540588,0.20977598428726196,-0.05322415381669998,0.737113893032074,0.006706595420837402,-0.10619208216667175,0.7610146403312683,-0.12253504991531372,-0.15332424640655518,0.7821120023727417,-0.22054392099380493,-0.1862228661775589,0.5812026262283325,0.1602921187877655,-0.050352659076452255,0.602396547794342,-0.06373763084411621,-0.09227707982063293,0.6171822547912598,-0.19606804847717285,-0.13494087755680084,0.6329969167709351,-0.2939110994338989,-0.1667357087135315,0.4763975143432617,0.16576574742794037,-0.05841783434152603,0.47885841131210327,-0.0487823486328125,-0.09810871630907059,0.47941726446151733,-0.18072259426116943,-0.13156643509864807,0.48876458406448364,-0.28378868103027344,-0.15609930455684662,0.37252384424209595,0.21942046284675598,-0.07460203021764755,0.34133702516555786,0.04949718713760376,-0.11112559586763382,0.3268365263938904,-0.061290353536605835,-0.13214026391506195,0.3237893283367157,-0.15758627653121948,-0.14539018273353577
0.4499325752258301,0.6722601056098938,1.1533815040820627e-06,0.6194272041320801,0.6285166144371033,-0.07650777697563171,0.7724352478981018,0.4821566939353943,-0.1159893199801445,0.8826195597648621,0.35482996702194214,-0.15241968631744385,0.9951643943786621,0.2664467394351959,-0.1890401989221573,0.6792694926261902,0.13542383909225464,-0.04414881765842438,0.7248476147651672,-0.05953302979469299,-0.09722704440355301,0.7489632368087769,-0.18377095460891724,-0.14528216421604156,0.7708963751792908,-0.2726117968559265,-0.1784568578004837,0.5731196999549866,0.08677831292152405,-0.04204113408923149,0.5979630947113037,-0.12770774960517883,-0.08292246609926224,0.6125615835189819,-0.254954993724823,-0.12514129281044006,0.6292654275894165,-0.3467613458633423,-0.1562248319387436,0.46841752529144287,0.09195902943611145,-0.05134056136012077,0.47648555040359497,-0.11918115615844727,-0.09070216119289398,0.47611644864082336,-0.24740314483642578,-0.12139836698770523,0.4851117730140686,-0.3452242612838745,-0.14339673519134521,0.3620937764644623,0.14433038234710693,-0.06876016408205032,0.33716556429862976,-0.025534987449645996,-0.10333877056837082,0.326845645904541,-0.135074645280838,-0.12138020247220993,0.32691165804862976,-0.22711831331253052,-0.13227227330207825
0.4484558403491974,0.6079001426696777,1.0773640042316401e-06,0.6126741170883179,0.5591695308685303,-0.07591327279806137,0.7644712328910828,0.408145010471344,-0.1169823631644249,0.8758425116539001,0.28439968824386597,-0.15504245460033417,0.9913805723190308,0.195721834897995,-0.193845734000206,0.6653990745544434,0.08049322664737701,-0.04950595647096634,0.7105101346969604,-0.11329814791679382,-0.1070222556591034,0.7338045835494995,-0.23843231797218323,-0.15742026269435883,0.7556209564208984,-0.32994768023490906,-0.19165802001953125,0.562735915184021,0.03791937232017517,-0.04921070113778114,0.5886436700820923,-0.1681595742702484,-0.09537569433450699,0.6042988896369934,-0.29438725113868713,-0.13864018023014069,0.6237748265266418,-0.39087948203086853,-0.16977745294570923,0.460537850856781,0.04219335317611694,-0.060087233781814575,0.471946656703949,-0.16312634944915771,-0.10412400960922241,0.4788021743297577,-0.28179165720939636,-0.12963303923606873,0.495941698551178,-0.37307968735694885,-0.1467265784740448,0.35568785667419434,0.08753195405006409,-0.07929011434316635,0.337066113948822,-0.08775660395622253,-0.1164461150765419,0.3355244994163513,-0.19315171241760254,-0.12979228794574738,0.34435510635375977,-0.2773278057575226,-0.13629373908042908
0.4493052363395691,0.5656504034996033,1.0111041319760261e-06,0.6044773459434509,0.5165271759033203,-0.07412943243980408,0.7471173405647278,0.3558889627456665,-0.11255816370248795,0.8576368689537048,0.2244206666946411,-0.14851975440979004,0.9733586311340332,0.12945403158664703,-0.18522001802921295,0.6413580775260925,0.04443752020597458,-0.03468066453933716,0.6799584627151489,-0.13657772541046143,-0.08654765039682388,0.7021427750587463,-0.26249465346336365,-0.13429081439971924,0.7225590348243713,-0.3589833676815033,-0.16859346628189087,0.5464863181114197,0.013641223311424255,-0.03411070257425308,0.5689219236373901,-0.17069339752197266,-0.07744038105010986,0.5812703371047974,-0.2920933961868286,-0.11813805252313614,0.5948838591575623,-0.39660534262657166,-0.14736127853393555,0.4540429711341858,0.018707945942878723,-0.04570317268371582,0.46143049001693726,-0.1629837155342102,-0.08817965537309647,0.4662856459617615,-0.2694103419780731,-0.10597013682126999,0.4760032892227173,-0.3641997277736664,-0.11717464029788971,0.36261123418807983,0.060916222631931305,-0.0664573609828949,0.3483511805534363,-0.09688049554824829,-0.10290753096342087,0.34847408533096313,-0.18944287300109863,-0.11111355572938919,0.35328832268714905,-0.27083131670951843,-0.11383947730064392
0.45153939723968506,0.5122028589248657,1.0886352583838743e-06,0.6050004363059998,0.4702984690666199,-0.07791432738304138,0.7457337975502014,0.30130213499069214,-0.11743883043527603,0.8526818752288818,0.16804510354995728,-0.1527598351240158,0.9690858125686646,0.0807185024023056,-0.18941324949264526,0.6371131539344788,0.007700204849243164,-0.04647740721702576,0.6687667369842529,-0.16780658066272736,-0.1011325791478157,0.6869248747825623,-0.2897610664367676,-0.14988276362419128,0.705303430557251,-0.382111132144928,-0.18434037268161774,0.5387529134750366,-0.016986504197120667,-0.0434877872467041,0.5576923489570618,-0.1922939270734787,-0.08957467973232269,0.5691152811050415,-0.30913519859313965,-0.13124029338359833,0.5826782584190369,-0.409543514251709,-0.16100312769412994,0.44340282678604126,-0.006094321608543396,-0.05216448754072189,0.4504615366458893,-0.1820632666349411,-0.0970725491642952,0.4563360810279846,-0.2850757837295532,-0.11628054827451706,0.46703052520751953,-0.37659788131713867,-0.12808744609355927,0.3487970232963562,0.03973088413476944,-0.06972158700227737,0.3389805257320404,-0.11302854120731354,-0.10743442922830582,0.3406836688518524,-0.20153076946735382,-0.1166381910443306,0.3461970090866089,-0.2794346213340759,-0.12001863867044449
0.45927882194519043,0.48033469915390015,1.0634241789375665e-06,0.6065919995307922,0.43977415561676025,-0.06585021317005157,0.7474498152732849,0.2628302574157715,-0.09277257323265076,0.8469420075416565,0.13087189197540283,-0.1168297529220581,0.9374253749847412,0.03287925571203232,-0.1412743180990219,0.6340934038162231,-0.03543539345264435,-0.02284061349928379,0.6634611487388611,-0.20370154082775116,-0.06762272864580154,0.6809978485107422,-0.3195332884788513,-0.11143039911985397,0.698869526386261,-0.40537208318710327,-0.14191734790802002,0.5366442799568176,-0.0578845739364624,-0.021394113078713417,0.5579667687416077,-0.22785769402980804,-0.0567873977124691,0.5700819492340088,-0.3426419496536255,-0.09498073905706406,0.5853440761566162,-0.44042569398880005,-0.12240684032440186,0.44323229789733887,-0.04569998383522034,-0.0310465507209301,0.4503706395626068,-0.21349497139453888,-0.06627076864242554,0.4562074542045593,-0.313165545463562,-0.08255068212747574,0.466918408870697,-0.4004986882209778,-0.09295544773340225,0.348538875579834,0.0027367770671844482,-0.049011386930942535,0.3408673405647278,-0.14145970344543457,-0.07898690551519394,0.34303760528564453,-0.22836537659168243,-0.084337018430233,0.3496185541152954,-0.30576324462890625,-0.08510594815015793
0.4632633924484253,0.47258177399635315,8.448329822385858e-07,0.6111780405044556,0.4237436354160309,-0.06137567758560181,0.7537229657173157,0.23713049292564392,-0.08488523960113525,0.8532274961471558,0.09497562050819397,-0.10586701333522797,0.9370037317276001,-0.010062173008918762,-0.12870603799819946,0.6376953721046448,-0.020541049540042877,-0.028764095157384872,0.67288738489151,-0.18074041604995728,-0.07137848436832428,0.6965000033378601,-0.28539782762527466,-0.11198319494724274,0.7178006172180176,-0.363745778799057,-0.14123301208019257,0.53938227891922,-0.040777064859867096,-0.029113518074154854,0.5611822009086609,-0.20596054196357727,-0.06449007987976074,0.5762178897857666,-0.3074764609336853,-0.1018138974905014,0.5907230973243713,-0.3915768563747406,-0.1299150288105011,0.4444846510887146,-0.0245879665017128,-0.03952775523066521,0.45216500759124756,-0.19192081689834595,-0.0769253671169281,0.45948606729507446,-0.2821305990219116,-0.09576351940631866,0.4686642289161682,-0.36003202199935913,-0.10913114994764328,0.34932827949523926,0.026012953370809555,-0.05689488351345062,0.3384664058685303,-0.11604192107915878,-0.09074240177869797,0.3396897315979004,-0.19335922598838806,-0.09911362826824188,0.34201210737228394,-0.2605334520339966,-0.10306818038225174
0.47142040729522705,0.468389093875885,8.078003475020523e-07,0.6180893182754517,0.4216902554035187,-0.07213360071182251,0.7615368962287903,0.23193389177322388,-0.09752033650875092,0.8582990169525146,0.08446244150400162,-0.11745773255825043,0.9331172108650208,-0.025941595435142517,-0.13933882117271423,0.6367287039756775,-0.01769024133682251,-0.046352021396160126,0.6585167646408081,-0.18016979098320007,-0.09214238822460175,0.6687056422233582,-0.2880311906337738,-0.13318952918052673,0.677940309047699,-0.3698849380016327,-0.1625138223171234,0.5314103960990906,-0.03308715671300888,-0.04103455692529678,0.5425031185150146,-0.1960998773574829,-0.08014510571956635,0.5460700988769531,-0.30164504051208496,-0.11889886111021042,0.5497782230377197,-0.3917398154735565,-0.14784890413284302,0.43444669246673584,-0.012172788381576538,-0.045798711478710175,0.43190115690231323,-0.17405086755752563,-0.08690686523914337,0.42644819617271423,-0.2670038938522339,-0.10782621055841446,0.4235048294067383,-0.3470703959465027,-0.12188798934221268,0.34099525213241577,0.04320038482546806,-0.058063678443431854,0.3241349756717682,-0.09341496974229813,-0.09520269185304642,0.3155774772167206,-0.17332270741462708,-0.10621439665555954,0.30997857451438904,-0.24419748783111572,-0.11149990558624268
0.4801739454269409,0.4717824459075928,8.514573437423678e-07,0.6280736327171326,0.41889888048171997,-0.06782820075750351,0.7661927342414856,0.2266874611377716,-0.09359657764434814,0.8606703281402588,0.07798058539628983,-0.1156046912074089,0.9383528828620911,-0.03313220292329788,-0.13953548669815063,0.6416034698486328,-0.03137511759996414,-0.0406787134706974,0.6682058572769165,-0.19891400635242462,-0.08703544735908508,0.6822456121444702,-0.3085501790046692,-0.12834548950195312,0.696398913860321,-0.3912651538848877,-0.15793965756893158,0.5389631390571594,-0.04441314935684204,-0.03843192011117935,0.5530742406845093,-0.21132801473140717,-0.07805692404508591,0.5591856241226196,-0.31790775060653687,-0.11681490391492844,0.5669081211090088,-0.41039758920669556,-0.14588028192520142,0.44320356845855713,-0.02103782445192337,-0.04635539650917053,0.4411572515964508,-0.18617890775203705,-0.08767861127853394,0.4370129108428955,-0.2794620394706726,-0.10818388313055038,0.4376566410064697,-0.36299675703048706,-0.1223490983247757,0.3486971855163574,0.03549708053469658,-0.0616486594080925,0.32939431071281433,-0.10505031049251556,-0.09914784133434296,0.3224911391735077,-0.18718956410884857,-0.11071792989969254,0.31931692361831665,-0.2614278793334961,-0.11668404936790466
0.49383628368377686,0.4837903380393982,7.617349524480233e-07,0.6379196643829346,0.4280083477497101,-0.06617612391710281,0.7700661420822144,0.23650376498699188,-0.0899735763669014,0.8615361452102661,0.08764401823282242,-0.11030226945877075,0.9346756935119629,-0.028616435825824738,-0.13164710998535156,0.6366518139839172,-0.016410887241363525,-0.03309270739555359,0.6638177037239075,-0.1649182289838791,-0.07599124312400818,0.6810072660446167,-0.26131153106689453,-0.11558502167463303,0.6968905329704285,-0.33499905467033386,-0.1442573368549347,0.5347080230712891,-0.03348245471715927,-0.03003835491836071,0.5448795557022095,-0.18895456194877625,-0.0659070760011673,0.5493848919868469,-0.2807774543762207,-0.1009749099612236,0.5549653172492981,-0.3594074249267578,-0.12741492688655853,0.440870463848114,-0.011434085667133331,-0.03759322687983513,0.43187153339385986,-0.16542041301727295,-0.07603518664836884,0.42566055059432983,-0.24506622552871704,-0.09287039935588837,0.42404091358184814,-0.3155355751514435,-0.1044517233967781,0.35275691747665405,0.0475451797246933,-0.05249996483325958,0.3298253118991852,-0.08490751683712006,-0.08636844158172607,0.3194892406463623,-0.15509197115898132,-0.09385138005018234,0.3129786550998688,-0.21566101908683777,-0.09711118042469025
0.5104734301567078,0.493536114692688,9.48749629969825e-07,0.6496511697769165,0.4379778504371643,-0.06477679312229156,0.7764209508895874,0.2411554455757141,-0.08874309808015823,0.8649812936782837,0.09128981083631516,-0.11007777601480484,0.9363702535629272,-0.024449899792671204,-0.13175185024738312,0.6378677487373352,-0.03521808236837387,-0.02392067201435566,0.6617382764816284,-0.19890674948692322,-0.06598959863185883,0.6764532923698425,-0.30736270546913147,-0.10589167475700378,0.6919957399368286,-0.3875569999217987,-0.13422994315624237,0.538278341293335,-0.048732735216617584,-0.021515823900699615,0.54583740234375,-0.2125193476676941,-0.05479448288679123,0.5462007522583008,-0.31774455308914185,-0.08986244350671768,0.5496563911437988,-0.41071900725364685,-0.11567915230989456,0.4476916491985321,-0.024845831096172333,-0.03017440252006054,0.4337560534477234,-0.1851535141468048,-0.06438314914703369,0.42137837409973145,-0.27936285734176636,-0.08032647520303726,0.41467592120170593,-0.36635616421699524,-0.09137403964996338,0.36252444982528687,0.03692866861820221,-0.04679601266980171,0.3356238901615143,-0.09870890527963638,-0.07672475278377533,0.3185676634311676,-0.179547518491745,-0.08338699489831924,0.30584052205085754,-0.25367817282676697,-0.08586549013853073
0.5080801248550415,0.515400230884552,9.561240403854754e-07,0.6537317037582397,0.45719414949417114,-0.06783974170684814,0.783727765083313,0.2504677176475525,-0.09428050369024277,0.8732921481132507,0.08870503306388855,-0.11712294816970825,0.952561616897583,-0.034055307507514954,-0.14016298949718475,0.6448942422866821,-0.016882091760635376,-0.019745174795389175,0.6678988337516785,-0.17826198041439056,-0.059780657291412354,0.6857408285140991,-0.287567675113678,-0.10044755786657333,0.7045879364013672,-0.36971724033355713,-0.12953068315982819,0.5447385311126709,-0.02998165786266327,-0.016330495476722717,0.5532940626144409,-0.19358815252780914,-0.0467519536614418,0.5600180625915527,-0.2983574867248535,-0.0817643478512764,0.5696592330932617,-0.38876599073410034,-0.10732118785381317,0.450144499540329,-0.010296791791915894,-0.02457842044532299,0.44354191422462463,-0.17051759362220764,-0.05426488071680069,0.44104352593421936,-0.2651026248931885,-0.067725270986557,0.44426101446151733,-0.35215234756469727,-0.07745985686779022,0.3606671690940857,0.04549233615398407,-0.041523631662130356,0.3390029966831207,-0.0918826013803482,-0.0649619847536087,0.3313186466693878,-0.174639031291008,-0.06679785251617432,0.33016204833984375,-0.2505142092704773,-0.06644691526889801
0.5170391201972961,0.5301238894462585,9.972405905500636e-07,0.6587363481521606,0.47322869300842285,-0.06815542280673981,0.7809563875198364,0.27888545393943787,-0.09353726357221603,0.8648688793182373,0.12484584748744965,-0.11509319394826889,0.9385733604431152,0.006341293454170227,-0.13632899522781372,0.6432226300239563,0.00232609361410141,-0.023836128413677216,0.6699818968772888,-0.16578875482082367,-0.06622566282749176,0.690264105796814,-0.27797186374664307,-0.10735056549310684,0.7107061147689819,-0.36527132987976074,-0.13675722479820251,0.5451720952987671,-0.01583293080329895,-0.019987748935818672,0.5550815463066101,-0.18191318213939667,-0.053325001150369644,0.5642741918563843,-0.28738242387771606,-0.0889897421002388,0.5765421390533447,-0.3794322609901428,-0.11529185622930527,0.4534188210964203,0.0019191429018974304,-0.027693144977092743,0.44468289613723755,-0.1602858453989029,-0.06210818141698837,0.44394832849502563,-0.25215017795562744,-0.078199602663517,0.44799208641052246,-0.33450281620025635,-0.08910387009382248,0.36695924401283264,0.055720534175634384,-0.043758098036050797,0.3431089520454407,-0.08468407392501831,-0.07359164953231812,0.33701416850090027,-0.16525329649448395,-0.07931358367204666,0.3367718458175659,-0.23619996011257172,-0.08096441626548767
0.5141848921775818,0.5431533455848694,1.0172512929784716e-06,0.6589867472648621,0.4961095452308655,-0.07045136392116547,0.7831581830978394,0.29964545369148254,-0.09809809923171997,0.8731474876403809,0.14474627375602722,-0.1206708624958992,0.9535664319992065,0.027863748371601105,-0.14287467300891876,0.6464326977729797,-0.0026931092143058777,-0.02125283144414425,0.6597180366516113,-0.1748337596654892,-0.05745658278465271,0.6704616546630859,-0.28860825300216675,-0.0942988246679306,0.68480384349823,-0.3733370900154114,-0.12083010375499725,0.5452924966812134,-0.01725602149963379,-0.015532540157437325,0.5483654141426086,-0.18399925529956818,-0.04283645749092102,0.5555559992790222,-0.2852412462234497,-0.07405944168567657,0.5674615502357483,-0.3676815629005432,-0.09610370546579361,0.4494120478630066,0.0025697946548461914,-0.02170621044933796,0.4414494037628174,-0.16508837044239044,-0.05147019401192665,0.44342654943466187,-0.2605227828025818,-0.06459061801433563,0.4508395493030548,-0.3434937596321106,-0.0724625512957573,0.3594042658805847,0.05783604457974434,-0.03652580454945564,0.3386021554470062,-0.09499643743038177,-0.06230328604578972,0.33713939785957336,-0.18031124770641327,-0.0655171200633049,0.34272682666778564,-0.254596471786499,-0.0646025761961937
0.5169160962104797,0.5601250529289246,9.8245050139667e-07,0.6682214140892029,0.5091151595115662,-0.0678212121129036,0.7940605878829956,0.31313005089759827,-0.09342479705810547,0.8821209669113159,0.15632444620132446,-0.11469047516584396,0.9636776447296143,0.0414818599820137,-0.13534663617610931,0.6489090919494629,0.011915870010852814,-0.01671033725142479,0.6615844368934631,-0.16838745772838593,-0.05407564714550972,0.6744114756584167,-0.28174644708633423,-0.09230514615774155,0.6905267238616943,-0.36807119846343994,-0.11920741200447083,0.5499188899993896,-0.0036214441061019897,-0.01180663425475359,0.5522741079330444,-0.1828995794057846,-0.04032540321350098,0.5612472295761108,-0.2880418300628662,-0.07365500181913376,0.5743145942687988,-0.37418556213378906,-0.09700845927000046,0.455190509557724,0.013337329030036926,-0.018584759905934334,0.44776636362075806,-0.1659916788339615,-0.04941784217953682,0.4509950876235962,-0.2630593776702881,-0.0652904361486435,0.45872077345848083,-0.3456823229789734,-0.07453292608261108,0.36559247970581055,0.06263838708400726,-0.033774618059396744,0.34832635521888733,-0.09902782738208771,-0.05957884341478348,0.3474622964859009,-0.18612323701381683,-0.06375423818826675,0.35163283348083496,-0.26023954153060913,-0.06343737244606018
0.5212685465812683,0.5781294107437134,1.009532297757687e-06,0.67546546459198,0.5246129631996155,-0.07197131961584091,0.8001706600189209,0.3262927532196045,-0.10004940629005432,0.888286292552948,0.1690693348646164,-0.12376764416694641,0.9735562801361084,0.05221588909626007,-0.14720942080020905,0.6543798446655273,0.017137140035629272,-0.022020284086465836,0.6688013076782227,-0.16832023859024048,-0.06265073269605637,0.6792766451835632,-0.28928592801094055,-0.10310013592243195,0.6925420761108398,-0.38207536935806274,-0.13209791481494904,0.5527923107147217,0.0037283003330230713,-0.017527809366583824,0.556451141834259,-0.17688599228858948,-0.05032474175095558,0.5611287355422974,-0.28844937682151794,-0.08665011823177338,0.5705525875091553,-0.38262373208999634,-0.11234952509403229,0.4574119448661804,0.024905279278755188,-0.025243358686566353,0.45020386576652527,-0.15455278754234314,-0.06009158119559288,0.4487513601779938,-0.25698795914649963,-0.0782947763800621,0.45400744676589966,-0.34790435433387756,-0.08930474519729614,0.36724022030830383,0.08014455437660217,-0.04181123897433281,0.3446967601776123,-0.080684132874012,-0.07194600999355316,0.3393186032772064,-0.17622312903404236,-0.07955729216337204,0.3426245450973511,-0.2609860301017761,-0.08183149993419647
0.5260199308395386,0.5847100019454956,1.05002288819378e-06,0.6786417961120605,0.5337519645690918,-0.07381901890039444,0.8054817318916321,0.32979685068130493,-0.10212400555610657,0.8953041434288025,0.167517751455307,-0.12534622848033905,0.9808601140975952,0.048342324793338776,-0.14724615216255188,0.6589773297309875,0.01412179321050644,-0.02002120204269886,0.6746312379837036,-0.16893495619297028,-0.06155994534492493,0.6881179809570312,-0.28691565990448,-0.10295373946428299,0.705065906047821,-0.3748018145561218,-0.13144996762275696,0.5555934309959412,-0.0020546913146972656,-0.01333102397620678,0.5593854188919067,-0.1851987987756729,-0.04585651680827141,0.566248893737793,-0.29974061250686646,-0.08172303438186646,0.5770910978317261,-0.39600157737731934,-0.10604903846979141,0.457355797290802,0.017421945929527283,-0.019053688272833824,0.44754165410995483,-0.16361413896083832,-0.053323280066251755,0.44885048270225525,-0.26827627420425415,-0.06947269290685654,0.45556291937828064,-0.359369695186615,-0.07814960181713104,0.3637925088405609,0.07234646379947662,-0.03373786062002182,0.3413374423980713,-0.08613510429859161,-0.061492983251810074,0.33679983019828796,-0.18123309314250946,-0.06587888300418854,0.33907991647720337,-0.2652454972267151,-0.06512243300676346
0.5294934511184692,0.6145985126495361,9.385628914060362e-07,0.686651349067688,0.5557936429977417,-0.06984692066907883,0.8166506290435791,0.34317290782928467,-0.09500942379236221,0.9061696529388428,0.18011347949504852,-0.11682755500078201,0.9882350564002991,0.061088092625141144,-0.138587087392807,0.6615431308746338,0.027149252593517303,-0.020220501348376274,0.6778517365455627,-0.15680798888206482,-0.06169465556740761,0.6981701850891113,-0.26929911971092224,-0.10380484908819199,0.7206400632858276,-0.35006916522979736,-0.13269776105880737,0.5534091591835022,0.015301644802093506,-0.01641770265996456,0.5531378984451294,-0.1686108112335205,-0.05054555833339691,0.5693053007125854,-0.2599716782569885,-0.08790131658315659,0.5874115228652954,-0.3189765512943268,-0.11268703639507294,0.4524294137954712,0.042769648134708405,-0.02447262592613697,0.4392217993736267,-0.14103186130523682,-0.0616164468228817,0.4501219689846039,-0.21417054533958435,-0.0801011249423027,0.4657067656517029,-0.2571708559989929,-0.08901567757129669,0.35923391580581665,0.10762946307659149,-0.04096149280667305,0.3271999955177307,-0.056335821747779846,-0.07223843783140182,0.326811820268631,-0.13175207376480103,-0.07912283390760422,0.3341716527938843,-0.18106406927108765,-0.07926823943853378
0.5326724648475647,0.6355764269828796,9.651956816014717e-07,0.6978837251663208,0.573542594909668,-0.07310555875301361,0.8297051787376404,0.3528730869293213,-0.09799220412969589,0.9175930023193359,0.18105879426002502,-0.11850510537624359,0.9962897300720215,0.051390640437603,-0.1383301168680191,0.6659766435623169,0.027908198535442352,-0.014496681280434132,0.6738176941871643,-0.16248121857643127,-0.04943621903657913,0.6824971437454224,-0.2788475453853607,-0.08705589920282364,0.6946828365325928,-0.36381569504737854,-0.1134273037314415,0.5546181797981262,0.017085447907447815,-0.007446066476404667,0.5471997857093811,-0.17256104946136475,-0.03362947702407837,0.5525627136230469,-0.27553486824035645,-0.06679236888885498,0.5616053342819214,-0.34875205159187317,-0.08911725878715515,0.4501415491104126,0.04324404150247574,-0.012985524721443653,0.4342940151691437,-0.14705133438110352,-0.04306710138916969,0.43465736508369446,-0.23908954858779907,-0.05984096601605415,0.441754013299942,-0.3081603944301605,-0.06861963123083115,0.35413917899131775,0.1066034734249115,-0.027547242119908333,0.3197668492794037,-0.059659868478775024,-0.05438578873872757,0.3086636960506439,-0.14898326992988586,-0.06063548102974892,0.30618029832839966,-0.21948355436325073,-0.06056009232997894
0.533538818359375,0.6565555334091187,1.0194395372309373e-06,0.7044903039932251,0.5955407619476318,-0.07501890510320663,0.8428623080253601,0.3597032129764557,-0.10083538293838501,0.9323873519897461,0.17799752950668335,-0.12304569780826569,1.0173745155334473,0.05287328362464905,-0.14412157237529755,0.6714152693748474,0.02043411135673523,-0.009209107607603073,0.6799255013465881,-0.16473758220672607,-0.04486291483044624,0.692642331123352,-0.2732398509979248,-0.0830504521727562,0.7078705430030823,-0.3470008075237274,-0.10866101831197739,0.5555075407028198,0.0067792534828186035,-0.002580809872597456,0.5499882698059082,-0.1822640299797058,-0.025684304535388947,0.5584180355072021,-0.28248265385627747,-0.05453586205840111,0.5690556168556213,-0.35358336567878723,-0.07242926210165024,0.4462428689002991,0.034566447138786316,-0.009688297286629677,0.43032974004745483,-0.15936127305030823,-0.037412699311971664,0.4310160279273987,-0.25151199102401733,-0.04853133112192154,0.436636358499527,-0.3216433525085449,-0.05217546224594116,0.3457690179347992,0.10450863838195801,-0.026542728766798973,0.30942583084106445,-0.06902647018432617,-0.050870008766651154,0.295714795589447,-0.16107380390167236,-0.05244191735982895,0.2891750633716583,-0.23212477564811707,-0.047592710703611374
0.5350328683853149,0.6634773015975952,1.0392648164270213e-06,0.7150906920433044,0.6015060544013977,-0.07435853779315948,0.8615139722824097,0.3664246201515198,-0.09756723046302795,0.9472015500068665,0.1893426924943924,-0.11690519750118256,1.0091171264648438,0.06123025715351105,-0.13673552870750427,0.6876270174980164,0.017765209078788757,-0.022247523069381714,0.6985889673233032,-0.1818668395280838,-0.06745826452970505,0.7120934724807739,-0.3061521053314209,-0.11282721906900406,0.7312299013137817,-0.3967532515525818,-0.14362043142318726,0.5670802593231201,0.011056780815124512,-0.018551615998148918,0.566851019859314,-0.19075919687747955,-0.05400220304727554,0.5767166614532471,-0.3027384877204895,-0.0948619693517685,0.5913251042366028,-0.38599586486816406,-0.1227388083934784,0.4532018303871155,0.045671820640563965,-0.027467062696814537,0.4380565285682678,-0.1514725536108017,-0.06627960503101349,0.4384540319442749,-0.25211530923843384,-0.08859005570411682,0.44589322805404663,-0.3284236788749695,-0.10130695253610611,0.34553661942481995,0.12117190659046173,-0.04536202922463417,0.3122279942035675,-0.05115453898906708,-0.07872778922319412,0.3059626519680023,-0.14247114956378937,-0.08735110610723495,0.3095233738422394,-0.2139538675546646,-0.08905366063117981
0.5461010932922363,0.6732473373413086,9.130155831371667e-07,0.7288683652877808,0.6013727188110352,-0.0714632198214531,0.8725702166557312,0.362360417842865,-0.09299439191818237,0.9498555660247803,0.18365028500556946,-0.11159247159957886,1.0160259008407593,0.05543573200702667,-0.1323346644639969,0.6921567320823669,0.024837464094161987,-0.030176827684044838,0.7019578218460083,-0.17855122685432434,-0.07869318872690201,0.7094530463218689,-0.3092586100101471,-0.1251271665096283,0.7226829528808594,-0.4071838855743408,-0.15787285566329956,0.5675875544548035,0.02394898235797882,-0.02991614304482937,0.5653699636459351,-0.17602315545082092,-0.0710429772734642,0.5679927468299866,-0.2876277565956116,-0.11485039442777634,0.5756866931915283,-0.3731966018676758,-0.14631128311157227,0.4545673727989197,0.06615228950977325,-0.041574668139219284,0.43877464532852173,-0.1260676085948944,-0.08522184938192368,0.4327823519706726,-0.2240149974822998,-0.11057813465595245,0.434935986995697,-0.29915329813957214,-0.12672363221645355,0.34853917360305786,0.1513141542673111,-0.06181150674819946,0.31298109889030457,-0.020843476057052612,-0.10013090074062347,0.30424878001213074,-0.11576986312866211,-0.11311610043048859,0.307086318731308,-0.1904563009738922,-0.11934151500463486
0.5391979217529297,0.6546080112457275,9.89856516753207e-07,0.7171537280082703,0.5961591005325317,-0.07142134010791779,0.8682520389556885,0.3575971722602844,-0.09389619529247284,0.9464589357376099,0.17768149077892303,-0.11258752644062042,1.0116994380950928,0.05066394805908203,-0.13232126832008362,0.6905249357223511,-0.003688499331474304,-0.025267157703638077,0.6938732266426086,-0.20742353796958923,-0.0713750347495079,0.6955177783966064,-0.3413892984390259,-0.1165652722120285,0.7062506675720215,-0.4403182864189148,-0.14759041368961334,0.5616365671157837,-0.006821036338806152,-0.023622144013643265,0.5501887202262878,-0.20970717072486877,-0.05860837548971176,0.544218897819519,-0.3251459300518036,-0.09769627451896667,0.5465032458305359,-0.41884952783584595,-0.12544220685958862,0.4431471824645996,0.029092058539390564,-0.03410448879003525,0.42037415504455566,-0.1653727889060974,-0.07106006145477295,0.4100683629512787,-0.27200135588645935,-0.08843832463026047,0.40814143419265747,-0.3592795133590698,-0.09910617768764496,0.3299029767513275,0.10827745497226715,-0.053694527596235275,0.2967797815799713,-0.06731419265270233,-0.08404017239809036,0.289354145526886,-0.1565750241279602,-0.08757610619068146,0.29107585549354553,-0.22905293107032776,-0.08645951002836227
0.5323147177696228,0.6313551664352417,1.1522655540829874e-06,0.7132906913757324,0.5688164234161377,-0.07501915842294693,0.8584595918655396,0.32162559032440186,-0.09886155277490616,0.941097617149353,0.14495252072811127,-0.11830834299325943,1.0160993337631226,0.03520171344280243,-0.1399138867855072,0.6776378750801086,-0.04421873390674591,-0.03587321937084198,0.6751994490623474,-0.2573249042034149,-0.08253326267004013,0.6676403880119324,-0.4083788990974426,-0.12923291325569153,0.6678301095962524,-0.5211101174354553,-0.16173948347568512,0.5429522395133972,-0.04442526400089264,-0.03229774907231331,0.5219314694404602,-0.2513847053050995,-0.0671149492263794,0.49904975295066833,-0.3937187194824219,-0.10781773179769516,0.4840003550052643,-0.5155048966407776,-0.13646531105041504,0.42100632190704346,-0.001984700560569763,-0.03972986340522766,0.38829362392425537,-0.19619610905647278,-0.07376526296138763,0.36117103695869446,-0.32549846172332764,-0.0915900319814682,0.3401024639606476,-0.4378122091293335,-0.10322391986846924,0.3056201636791229,0.089827761054039,-0.0564144030213356,0.26460182666778564,-0.07165449857711792,-0.08437152951955795,0.2377065122127533,-0.1730423867702484,-0.0864836648106575,0.21830034255981445,-0.26510313153266907,-0.08406844735145569
0.5087918639183044,0.6253455281257629,8.055220632741111e-07,0.6936032772064209,0.5426186919212341,-0.07089772820472717,0.8532350659370422,0.27394989132881165,-0.09208634495735168,0.9507731199264526,0.07791100442409515,-0.11146051436662674,1.020329475402832,-0.06597625464200974,-0.1315833181142807,0.6589425802230835,-0.06893811374902725,-0.005888281390070915,0.6516201496124268,-0.25352370738983154,-0.046882886439561844,0.6483393907546997,-0.34714174270629883,-0.09062610566616058,0.6551994681358337,-0.4061840772628784,-0.1190970167517662,0.5224122405052185,-0.0692191794514656,-0.004323693923652172,0.498271107673645,-0.2585524916648865,-0.03059588558971882,0.4871026873588562,-0.3429063558578491,-0.06548963487148285,0.48725807666778564,-0.3996073305606842,-0.0884837880730629,0.3919881582260132,-0.02935529500246048,-0.016416670754551888,0.36495858430862427,-0.2159481942653656,-0.04633978381752968,0.3438641428947449,-0.3080800175666809,-0.05363818258047104,0.33394065499305725,-0.377029150724411,-0.05597282573580742,0.2695680260658264,0.057023096829652786,-0.03788173571228981,0.2348344922065735,-0.11668656021356583,-0.061093997210264206,0.21803706884384155,-0.19065874814987183,-0.05176221579313278,0.21088436245918274,-0.24403288960456848,-0.038843292742967606
0.4818984866142273,0.6107206344604492,8.660643402436108e-07,0.6745635271072388,0.5163140892982483,-0.06888751685619354,0.8384721875190735,0.24030175805091858,-0.08559227734804153,0.9330742359161377,0.03954785317182541,-0.10051456093788147,0.9559705257415771,-0.1019991785287857,-0.1141624003648758,0.639413058757782,-0.120915487408638,0.0015178538160398602,0.6310625672340393,-0.316326379776001,-0.043295349925756454,0.6182245016098022,-0.4055424928665161,-0.09101465344429016,0.6116250157356262,-0.45623600482940674,-0.11991926282644272,0.4945122003555298,-0.12240076065063477,0.0030155908316373825,0.4702933728694916,-0.31947261095046997,-0.02511844038963318,0.450120210647583,-0.422360897064209,-0.06402458250522614,0.43929344415664673,-0.4953922629356384,-0.0880955383181572,0.35816100239753723,-0.08493830263614655,-0.009660900570452213,0.3295944929122925,-0.275293231010437,-0.036713019013404846,0.3001980185508728,-0.39476901292800903,-0.047696057707071304,0.28110557794570923,-0.48992305994033813,-0.05241915583610535,0.23276042938232422,-0.0003005713224411011,-0.03206804394721985,0.19444525241851807,-0.16852982342243195,-0.05344778671860695,0.16239649057388306,-0.26469069719314575,-0.04685331881046295,0.14401108026504517,-0.34641164541244507,-0.034998245537281036
0.4681394100189209,0.6017302870750427,7.512493880312832e-07,0.6719253659248352,0.49128174781799316,-0.07737316191196442,0.8374006748199463,0.203675776720047,-0.0983337014913559,0.9252686500549316,-0.017118513584136963,-0.11654137074947357,0.9598807692527771,-0.1669279932975769,-0.13405725359916687,0.6312210559844971,-0.1303313970565796,-0.013218221254646778,0.6242535710334778,-0.3206549286842346,-0.061520256102085114,0.6140648722648621,-0.40591707825660706,-0.11137557774782181,0.6075878143310547,-0.4606028199195862,-0.14271898567676544,0.4825790524482727,-0.13014845550060272,-0.007539351470768452,0.4575730562210083,-0.31992852687835693,-0.03843468427658081,0.44114696979522705,-0.41558507084846497,-0.07822393625974655,0.4297811686992645,-0.482674241065979,-0.10464584082365036,0.34625673294067383,-0.09206412732601166,-0.01574508287012577,0.31455305218696594,-0.26660364866256714,-0.04512376710772514,0.28736117482185364,-0.3628433048725128,-0.05633353441953659,0.26596924662590027,-0.4372577965259552,-0.06266750395298004,0.2237474024295807,-0.010925062000751495,-0.03412346914410591,0.17950478196144104,-0.1622316539287567,-0.056340061128139496,0.1457245647907257,-0.23550963401794434,-0.049790456891059875,0.12140727043151855,-0.2947552502155304,-0.03932205215096474
0.4688010513782501,0.5859817266464233,1.0690000635804608e-06,0.68045973777771,0.48323845863342285,-0.0667094737291336,0.8440489768981934,0.17748704552650452,-0.07754141092300415,0.9254616498947144,-0.04514086991548538,-0.08650421351194382,0.9451539516448975,-0.16755208373069763,-0.09542777389287949,0.6478424072265625,-0.15940676629543304,-0.001103130867704749,0.6555113196372986,-0.3694069981575012,-0.043349966406822205,0.6618456840515137,-0.4923638105392456,-0.08872329443693161,0.671938419342041,-0.5743110179901123,-0.11826974898576736,0.4972354769706726,-0.16365982592105865,-0.0005713338032364845,0.4953309893608093,-0.37673676013946533,-0.028791524469852448,0.49542972445487976,-0.5023780465126038,-0.0656852200627327,0.49534401297569275,-0.6016064286231995,-0.08932045847177505,0.3552699387073517,-0.12802506983280182,-0.0132880425080657,0.34005939960479736,-0.32722365856170654,-0.041491009294986725,0.3313545882701874,-0.4507991075515747,-0.05134520307183266,0.3224274814128876,-0.5548259019851685,-0.05700857564806938,0.22317054867744446,-0.05067615211009979,-0.035661667585372925,0.19235068559646606,-0.2230401486158371,-0.05824941769242287,0.17509394884109497,-0.31170654296875,-0.05032096430659294,0.16357070207595825,-0.3878796696662903,-0.03958575427532196
0.4983179569244385,0.5803422331809998,7.885515742600546e-07,0.6892027854919434,0.47264528274536133,-0.07784686982631683,0.8452096581459045,0.17565643787384033,-0.09750223159790039,0.9235934019088745,-0.04252375289797783,-0.11409267783164978,0.9420484304428101,-0.1722840517759323,-0.13229058682918549,0.6412043571472168,-0.15698827803134918,-0.02931959740817547,0.6398354768753052,-0.359092116355896,-0.08364862948656082,0.6315882205963135,-0.4617531895637512,-0.13655799627304077,0.6265222430229187,-0.5234584212303162,-0.17208020389080048,0.4953213334083557,-0.1529492437839508,-0.02814178168773651,0.48186638951301575,-0.3494916558265686,-0.0702005997300148,0.47282087802886963,-0.4521375894546509,-0.1180870458483696,0.46393391489982605,-0.5206915736198425,-0.15200364589691162,0.36323314905166626,-0.10090163350105286,-0.040443629026412964,0.33363044261932373,-0.28856390714645386,-0.08310247212648392,0.3138650059700012,-0.38355380296707153,-0.10755554586648941,0.2944400906562805,-0.4511357545852661,-0.12473255395889282,0.24530485272407532,-0.0016397107392549515,-0.061890117824077606,0.20122000575065613,-0.16045023500919342,-0.09946925938129425,0.17597031593322754,-0.23129622638225555,-0.10586392134428024,0.15750497579574585,-0.2843901515007019,-0.10676749050617218
0.49170875549316406,0.5829222798347473,5.036645234213211e-07,0.6849433779716492,0.47981274127960205,-0.07361388206481934,0.8406110405921936,0.19323673844337463,-0.08981138467788696,0.9268138408660889,-0.022822167724370956,-0.10315029323101044,0.9466537237167358,-0.1446274220943451,-0.11705917865037918,0.6359786987304688,-0.14489537477493286,-0.011550345458090305,0.6148409843444824,-0.3139486312866211,-0.04599690064787865,0.5934004187583923,-0.3929561376571655,-0.08885927498340607,0.5811725854873657,-0.4516147971153259,-0.119768425822258,0.4880639910697937,-0.13971355557441711,-0.006492717191576958,0.4487724304199219,-0.28953278064727783,-0.02709592506289482,0.4235599637031555,-0.3545600175857544,-0.06433840841054916,0.40445032715797424,-0.4033621549606323,-0.09237328916788101,0.3537743091583252,-0.09260959923267365,-0.013398628681898117,0.31760767102241516,-0.22168679535388947,-0.033662229776382446,0.28809407353401184,-0.2844212055206299,-0.04461103305220604,0.26258140802383423,-0.3349549174308777,-0.05470813438296318,0.23324525356292725,-0.004079144448041916,-0.03015308268368244,0.18629220128059387,-0.12351617217063904,-0.0476117767393589,0.15735244750976562,-0.16417145729064941,-0.03946484252810478,0.13709676265716553,-0.19812896847724915,-0.030213534832000732
0.47834324836730957,0.6172277927398682,7.939308375171095e-07,0.6864386796951294,0.5197036862373352,-0.0706779956817627,0.8505150675773621,0.22398856282234192,-0.09087017178535461,0.9445812702178955,0.011399634182453156,-0.10943645238876343,1.0102088451385498,-0.10049077868461609,-0.12777015566825867,0.6526685953140259,-0.11487802863121033,-0.016721030697226524,0.6562530994415283,-0.3071139454841614,-0.0697791576385498,0.668197512626648,-0.39241844415664673,-0.12219730764627457,0.6913797855377197,-0.4436478614807129,-0.1563292294740677,0.5069788694381714,-0.1182745099067688,-0.017123112455010414,0.49242690205574036,-0.3233019709587097,-0.05415492504835129,0.49193713068962097,-0.42622631788253784,-0.09404201060533524,0.5028125643730164,-0.5000497102737427,-0.12007424235343933,0.36879247426986694,-0.08040985465049744,-0.031008321791887283,0.34066593647003174,-0.2747739553451538,-0.06800784170627594,0.3276176154613495,-0.38900595903396606,-0.08051494508981705,0.32624322175979614,-0.48014551401138306,-0.08698462694883347,0.23977699875831604,0.00218934565782547,-0.05447934567928314,0.20228391885757446,-0.16778609156608582,-0.08228931576013565,0.18259868025779724,-0.2594594955444336,-0.07720152288675308,0.17303815484046936,-0.33873701095581055,-0.0683446004986763
0.4828251600265503,0.6258167028427124,1.263455260414048e-06,0.6860548257827759,0.541211724281311,-0.08800480514764786,0.8589237928390503,0.271741658449173,-0.11551525443792343,0.9465559720993042,0.06642936170101166,-0.13829247653484344,0.9666659832000732,-0.0965021401643753,-0.1616964042186737,0.6609169244766235,-0.11763300001621246,-0.03977144882082939,0.6715208888053894,-0.3498050570487976,-0.10322818905115128,0.6823374629020691,-0.5026779174804688,-0.16203837096691132,0.7010713815689087,-0.6149163842201233,-0.20118895173072815,0.5148218870162964,-0.12975162267684937,-0.037044547498226166,0.5192078351974487,-0.36078715324401855,-0.08945810049772263,0.5196678638458252,-0.5041480660438538,-0.1430206596851349,0.5277191400527954,-0.6221834421157837,-0.1792491227388382,0.378820538520813,-0.09096316993236542,-0.048758480697870255,0.356362521648407,-0.31448251008987427,-0.09926576167345047,0.3420411944389343,-0.45300889015197754,-0.1279415339231491,0.33768320083618164,-0.5706784725189209,-0.14574314653873444,0.25057780742645264,0.0009618140757083893,-0.07107636332511902,0.20921474695205688,-0.18930794298648834,-0.11517257988452911,0.18553364276885986,-0.3105165362358093,-0.1285179704427719,0.1745208501815796,-0.41658830642700195,-0.13328486680984497
0.48072725534439087,0.6634628772735596,1.1091630085502402e-06,0.687842845916748,0.5762701034545898,-0.09329701215028763,0.8641635179519653,0.31744468212127686,-0.12390463799238205,0.955903172492981,0.11427721381187439,-0.14867569506168365,0.9628617763519287,-0.04540735483169556,-0.1738782674074173,0.6563385725021362,-0.06631641834974289,-0.05058252066373825,0.6629047393798828,-0.29895925521850586,-0.11783511936664581,0.67327880859375,-0.44647204875946045,-0.17904041707515717,0.6909388303756714,-0.5567038655281067,-0.22006107866764069,0.5109082460403442,-0.08044539391994476,-0.04722421616315842,0.5104724168777466,-0.3186507821083069,-0.10432156175374985,0.5134551525115967,-0.4576804041862488,-0.16061250865459442,0.5238509178161621,-0.5663520097732544,-0.19981630146503448,0.37610936164855957,-0.04316694289445877,-0.05887434259057045,0.35757142305374146,-0.2738131880760193,-0.11390329897403717,0.3489944338798523,-0.41126883029937744,-0.14800108969211578,0.3499480187892914,-0.5197861194610596,-0.16987213492393494,0.2525080144405365,0.043679527938365936,-0.08139253407716751,0.2181197702884674,-0.15773965418338776,-0.12896889448165894,0.20313233137130737,-0.27791351079940796,-0.14703592658042908,0.1997644603252411,-0.37610524892807007,-0.1562492698431015
0.48569992184638977,0.6989826560020447,1.1817562608484877e-06,0.6969048976898193,0.6279141902923584,-0.08746505528688431,0.8730303645133972,0.3494105339050293,-0.10738614946603775,0.958558201789856,0.14076948165893555,-0.12189735472202301,0.9864033460617065,-0.01427236944437027,-0.13637849688529968,0.6619938611984253,-0.06542862206697464,-0.028651095926761627,0.6737303137779236,-0.29943692684173584,-0.08202482014894485,0.6772132515907288,-0.4629004895687103,-0.13608549535274506,0.686908483505249,-0.5879974365234375,-0.17394669353961945,0.5127659440040588,-0.07878533750772476,-0.02412249706685543,0.5103085041046143,-0.311159610748291,-0.06653439998626709,0.5022306442260742,-0.46065250039100647,-0.11641039699316025,0.49944233894348145,-0.5887336134910583,-0.1515112817287445,0.375715970993042,-0.04043707251548767,-0.03402520343661308,0.3540492355823517,-0.262795627117157,-0.07747752964496613,0.336390882730484,-0.39941418170928955,-0.10448598116636276,0.32382136583328247,-0.5175051689147949,-0.12196880578994751,0.24968057870864868,0.05280313640832901,-0.05510982125997543,0.21351447701454163,-0.1353694200515747,-0.09330355376005173,0.1912442147731781,-0.24732503294944763,-0.10397139191627502,0.17911887168884277,-0.3449603021144867,-0.10745511949062347
0.4734227657318115,0.753238320350647,1.244875193151529e-06,0.6977139711380005,0.6935240030288696,-0.08144550770521164,0.8798024654388428,0.4018688201904297,-0.09616006910800934,0.9559965133666992,0.19459640979766846,-0.10597378015518188,1.0078833103179932,0.05165998265147209,-0.11518756300210953,0.6781400442123413,-0.034881122410297394,-0.015582679770886898,0.6915923357009888,-0.2824748456478119,-0.0651625320315361,0.6998023390769958,-0.45708686113357544,-0.11677726358175278,0.7146278619766235,-0.5907038450241089,-0.15261200070381165,0.5291089415550232,-0.057698898017406464,-0.012772206217050552,0.5329920649528503,-0.3096458911895752,-0.05158944055438042,0.5325880646705627,-0.47136032581329346,-0.09927193820476532,0.5400293469429016,-0.6143648028373718,-0.1309131532907486,0.38761070370674133,-0.030941225588321686,-0.023691250011324883,0.3713440001010895,-0.2704828083515167,-0.06504850834608078,0.3648602366447449,-0.42424488067626953,-0.08818604052066803,0.36285269260406494,-0.561113178730011,-0.10171816498041153,0.24882760643959045,0.05305776000022888,-0.04530785605311394,0.2174275517463684,-0.14889487624168396,-0.0791056901216507,0.20599520206451416,-0.2688369154930115,-0.0825880840420723,0.20237234234809875,-0.37508100271224976,-0.08010510355234146
0.4898742437362671,0.8232049942016602,1.0508878176551661e-06,0.7114472985267639,0.7538800835609436,-0.08220990747213364,0.887448787689209,0.46874353289604187,-0.09782540053129196,0.9667327404022217,0.2569540739059448,-0.10979928821325302,1.0377320051193237,0.1138075515627861,-0.12184593826532364,0.675148606300354,0.023692257702350616,-0.016116978600621223,0.6991484761238098,-0.21662142872810364,-0.06669119745492935,0.7118164300918579,-0.37719017267227173,-0.12018512189388275,0.7268736958503723,-0.503517210483551,-0.15939366817474365,0.5236654281616211,0.0008448660373687744,-0.01483241282403469,0.5281684994697571,-0.2437625229358673,-0.05539556220173836,0.5285828113555908,-0.3917350172996521,-0.10314775258302689,0.5341686010360718,-0.5195528268814087,-0.13729418814182281,0.3856698274612427,0.03639150410890579,-0.02846408262848854,0.36643970012664795,-0.2010778784751892,-0.07404196262359619,0.357364296913147,-0.33359992504119873,-0.09951252490282059,0.35329997539520264,-0.45021605491638184,-0.1158425435423851,0.2583429217338562,0.13316017389297485,-0.052840955555438995,0.2238343358039856,-0.07184021919965744,-0.09348062425851822,0.210148423910141,-0.18508967757225037,-0.1018640324473381,0.2044963240623474,-0.2813437879085541,-0.10400699079036713
0.5341563820838928,0.8853244781494141,1.131107069340942e-06,0.7430669665336609,0.7875200510025024,-0.08821874111890793,0.9059174060821533,0.5180137753486633,-0.11957088857889175,0.9882367849349976,0.3064800202846527,-0.1478232741355896,1.0614380836486816,0.14765393733978271,-0.17910408973693848,0.6833401918411255,0.07215777784585953,-0.03884202986955643,0.6994982361793518,-0.1809755265712738,-0.10481244325637817,0.7086403965950012,-0.34327664971351624,-0.1691720187664032,0.7217466235160828,-0.47100207209587097,-0.21492551267147064,0.5347119569778442,0.06931048631668091,-0.042556267231702805,0.5301416516304016,-0.18623501062393188,-0.09941994398832321,0.532845675945282,-0.3243270218372345,-0.1590343713760376,0.5418797135353088,-0.431437224149704,-0.20070905983448029,0.39902201294898987,0.12629082798957825,-0.060820139944553375,0.3713444471359253,-0.11920008063316345,-0.1199667751789093,0.36226770281791687,-0.24924656748771667,-0.15358489751815796,0.362209677696228,-0.35426512360572815,-0.17455607652664185,0.2744916081428528,0.24634072184562683,-0.08937650918960571,0.22940361499786377,0.031294941902160645,-0.14211228489875793,0.21855667233467102,-0.08629131317138672,-0.15669961273670197,0.22066986560821533,-0.178416907787323,-0.16227120161056519
0.5429847240447998,0.9530220031738281,8.824622454994824e-07,0.7468382120132446,0.8526526689529419,-0.06600223481655121,0.9098659753799438,0.575019121170044,-0.08455324918031693,0.9995768666267395,0.365014910697937,-0.10429701209068298,1.0681867599487305,0.20550183951854706,-0.12303836643695831,0.6929799318313599,0.12039943039417267,0.01891954429447651,0.706511914730072,-0.1075415313243866,-0.024645857512950897,0.7295122146606445,-0.22532671689987183,-0.07935891300439835,0.7541096210479736,-0.30554696917533875,-0.1174326092004776,0.5500433444976807,0.10875433683395386,0.011383104138076305,0.5484604835510254,-0.1310819387435913,-0.01750233769416809,0.5719060301780701,-0.23246192932128906,-0.06284520030021667,0.5985243916511536,-0.29400429129600525,-0.09481960535049438,0.40910351276397705,0.14526447653770447,-0.0115785151720047,0.39710307121276855,-0.09027516841888428,-0.04473784193396568,0.4139557480812073,-0.19532695412635803,-0.06101179122924805,0.43673330545425415,-0.2750910818576813,-0.07074057310819626,0.27176234126091003,0.23885291814804077,-0.04472434148192406,0.22640809416770935,0.01969321072101593,-0.0708092749118805,0.2245379090309143,-0.08609530329704285,-0.06611591577529907,0.23608171939849854,-0.16705694794654846,-0.05847903713583946
0.5266634821891785,0.9990401268005371,1.0346873295929981e-06,0.7416492700576782,0.909420371055603,-0.07166249305009842,0.9089115858078003,0.6488771438598633,-0.09250190109014511,1.000152587890625,0.4457131624221802,-0.1131250411272049,1.0731093883514404,0.28971773386001587,-0.13127249479293823,0.699444591999054,0.13363990187644958,0.019507944583892822,0.7199229598045349,-0.10858380794525146,-0.01873823255300522,0.7473751902580261,-0.21718010306358337,-0.07192571461200714,0.7731727361679077,-0.2818099558353424,-0.10875596106052399,0.5510210394859314,0.10876670479774475,0.015807226300239563,0.5613739490509033,-0.14491784572601318,-0.007811512798070908,0.591669499874115,-0.23733940720558167,-0.056305091828107834,0.6270745992660522,-0.27944687008857727,-0.08983023464679718,0.40506458282470703,0.14421194791793823,-0.0031748968176543713,0.40551766753196716,-0.11176234483718872,-0.0310220830142498,0.4236180782318115,-0.21471098065376282,-0.057677432894706726,0.4523024260997772,-0.28057822585105896,-0.07458091527223587,0.26323452591896057,0.2449084222316742,-0.032326195389032364,0.20295438170433044,0.009518623352050781,-0.05391699820756912,0.19666621088981628,-0.10265985131263733,-0.05468808487057686,0.21497830748558044,-0.17687252163887024,-0.05120566114783287
0.512300431728363,1.02371346950531,1.3965444622954237e-06,0.7471392154693604,0.9262504577636719,-0.09836886823177338,0.9166028499603271,0.71978759765625,-0.135282501578331,1.0185213088989258,0.5309920310974121,-0.16973963379859924,1.0846813917160034,0.37780100107192993,-0.1981186419725418,0.7054542899131775,0.16058805584907532,-0.005459241569042206,0.7275806069374084,-0.11613079905509949,-0.053759582340717316,0.7451873421669006,-0.2663559317588806,-0.11059924215078354,0.7584847211837769,-0.3571777939796448,-0.14803814888000488,0.5464801788330078,0.12740197777748108,0.0020316923037171364,0.529708743095398,-0.16583076119422913,-0.029910054057836533,0.5349278450012207,-0.30713456869125366,-0.07991673052310944,0.5474461317062378,-0.3601981997489929,-0.11379264295101166,0.39956134557724,0.16969074308872223,-0.00792918261140585,0.37430453300476074,-0.1153569221496582,-0.04360470548272133,0.36526137590408325,-0.2676280736923218,-0.07998904585838318,0.37111473083496094,-0.34643667936325073,-0.1008734181523323,0.2606543302536011,0.2833714187145233,-0.029502710327506065,0.19575613737106323,0.041917771100997925,-0.06459465622901917,0.16853690147399902,-0.10815733671188354,-0.08167088776826859,0.16561967134475708,-0.21194398403167725,-0.08596140891313553
0.5092864036560059,1.0390899181365967,1.5771872767800232e-06,0.7367076277732849,0.9467358589172363,-0.11514358222484589,0.9176008701324463,0.7625566720962524,-0.16376547515392303,1.0271152257919312,0.5774991512298584,-0.20741640031337738,1.1218124628067017,0.44398438930511475,-0.24685776233673096,0.7169360518455505,0.2013137936592102,-0.03551246598362923,0.7498872876167297,-0.08147203922271729,-0.0944686308503151,0.7708280682563782,-0.255593478679657,-0.1584296077489853,0.7899750471115112,-0.3882523775100708,-0.2039472907781601,0.555140495300293,0.15911076962947845,-0.025603782385587692,0.5490232706069946,-0.14728191494941711,-0.0684666857123375,0.5526416301727295,-0.32717806100845337,-0.1257115602493286,0.5641360282897949,-0.44640016555786133,-0.1686435341835022,0.4064270853996277,0.20113396644592285,-0.0333627387881279,0.37979966402053833,-0.08824017643928528,-0.07868163287639618,0.37090110778808594,-0.258070707321167,-0.1224915087223053,0.3752734661102295,-0.37701117992401123,-0.15196463465690613,0.2653925120830536,0.317330002784729,-0.0542045421898365,0.20432332158088684,0.0860765278339386,-0.09824374318122864,0.17146438360214233,-0.05651339888572693,-0.12024400383234024,0.1555611491203308,-0.16709372401237488,-0.13079436123371124
0.513350784778595,1.0673328638076782,1.6844333003973588e-06,0.7229130268096924,0.9890447854995728,-0.1233253926038742,0.9055860042572021,0.8352950811386108,-0.18604257702827454,1.0181620121002197,0.6826518774032593,-0.24318353831768036,1.1114410161972046,0.5620967745780945,-0.29688283801078796,0.7293108701705933,0.2550595998764038,-0.06748553365468979,0.7677968740463257,-0.032731980085372925,-0.14277492463588715,0.7920994758605957,-0.21099936962127686,-0.21621601283550262,0.8163602352142334,-0.3426799774169922,-0.2668951153755188,0.5641077160835266,0.20575715601444244,-0.060687534511089325,0.5553672313690186,-0.11348533630371094,-0.11879776418209076,0.555640697479248,-0.30447036027908325,-0.1856127828359604,0.5652980208396912,-0.4336591362953186,-0.23515495657920837,0.41467779874801636,0.24692091345787048,-0.07098055630922318,0.37871789932250977,-0.048469752073287964,-0.12695665657520294,0.36638376116752625,-0.22522872686386108,-0.17801015079021454,0.37078577280044556,-0.3530160188674927,-0.21285879611968994,0.27485424280166626,0.36398082971572876,-0.09460657835006714,0.207706481218338,0.1267818957567215,-0.1459871381521225,0.17298418283462524,-0.030078530311584473,-0.17329613864421844,0.1585882306098938,-0.15871164202690125,-0.18836955726146698
0.5111517906188965,1.0804362297058105,1.7802263982957811e-06,0.722321629524231,1.013401985168457,-0.13116180896759033,0.9034148454666138,0.8757892847061157,-0.19937264919281006,1.0254768133163452,0.7357140779495239,-0.2604025602340698,1.134004831314087,0.6381548643112183,-0.31873786449432373,0.7323834896087646,0.3026413321495056,-0.07873386144638062,0.7646305561065674,0.006840527057647705,-0.15549392998218536,0.7833734750747681,-0.172987699508667,-0.2287081629037857,0.8057588338851929,-0.31080663204193115,-0.2811248302459717,0.5666193962097168,0.2501542270183563,-0.06960860639810562,0.5559965372085571,-0.08080819249153137,-0.13310833275318146,0.5562868118286133,-0.2779850363731384,-0.20361649990081787,0.5672183036804199,-0.4238150715827942,-0.25603950023651123,0.41696763038635254,0.28923001885414124,-0.07799159735441208,0.37796637415885925,-0.020361661911010742,-0.1390679031610489,0.36294373869895935,-0.21168571710586548,-0.19648534059524536,0.36424514651298523,-0.36890584230422974,-0.23642316460609436,0.2796204388141632,0.40400829911231995,-0.09995368123054504,0.21389925479888916,0.16168050467967987,-0.15628866851329803,0.1771191954612732,-0.0014130175113677979,-0.18926620483398438,0.160800963640213,-0.1559312343597412,-0.21002911031246185
0.5176429152488708,1.1072020530700684,1.8215038153357455e-06,0.713693380355835,1.0453227758407593,-0.14242377877235413,0.8992048501968384,0.9026527404785156,-0.21854713559150696,1.03614342212677,0.7849158048629761,-0.2857365608215332,1.1580084562301636,0.7170113325119019,-0.350371778011322,0.7414838075637817,0.34644997119903564,-0.10256697982549667,0.7775155305862427,0.051543742418289185,-0.18539418280124664,0.7961767315864563,-0.13099786639213562,-0.2601914405822754,0.8159300088882446,-0.27221938967704773,-0.31402164697647095,0.5750740170478821,0.2942250370979309,-0.09016557782888412,0.562649130821228,-0.03443172574043274,-0.15917246043682098,0.5621377229690552,-0.22712907195091248,-0.2275746464729309,0.5711949467658997,-0.3722725212574005,-0.27841854095458984,0.4254938066005707,0.332252562046051,-0.09573761373758316,0.38390210270881653,0.027150392532348633,-0.1598309576511383,0.36560267210006714,-0.15808066725730896,-0.21491912007331848,0.3619200587272644,-0.31269094347953796,-0.2533022463321686,0.28919169306755066,0.4424231946468353,-0.1161201223731041,0.22004717588424683,0.20266693830490112,-0.1754308044910431,0.17731821537017822,0.04300403594970703,-0.20923937857151031,0.15307363867759705,-0.11195817589759827,-0.23067913949489594
0.5342398285865784,1.1258976459503174,1.8997158122147084e-06,0.7320637106895447,1.0657459497451782,-0.14052627980709076,0.9089961051940918,0.9380455613136292,-0.21631579101085663,1.0368245840072632,0.8243182301521301,-0.2828729450702667,1.1448273658752441,0.7355951070785522,-0.346325159072876,0.7507085800170898,0.38081595301628113,-0.10421337187290192,0.7916881442070007,0.0797683596611023,-0.18620716035366058,0.813605546951294,-0.10500317811965942,-0.2589492201805115,0.835956335067749,-0.2500336170196533,-0.3107315003871918,0.5850553512573242,0.32860928773880005,-0.090910404920578,0.5734068155288696,-0.004902362823486328,-0.15801182389259338,0.5743755102157593,-0.19820713996887207,-0.22429776191711426,0.5843672156333923,-0.3452836275100708,-0.2734532952308655,0.4366271495819092,0.3669056296348572,-0.09495720267295837,0.39126822352409363,0.06100836396217346,-0.15717382729053497,0.3700886070728302,-0.12471139430999756,-0.21009115874767303,0.36387643218040466,-0.28235507011413574,-0.24710199236869812,0.3049473166465759,0.47725778818130493,-0.11330083012580872,0.23680344223976135,0.242125004529953,-0.17240405082702637,0.19402635097503662,0.08366945385932922,-0.2050008922815323,0.1691409945487976,-0.0713127851486206,-0.22502316534519196
0.5499995946884155,1.1556450128555298,2.086552058244706e-06,0.7562784552574158,1.0813653469085693,-0.1436949372291565,0.9224115014076233,0.9511513710021973,-0.21332858502864838,1.0381087064743042,0.8115187287330627,-0.2728814482688904,1.134824275970459,0.7065737247467041,-0.3276239037513733,0.7634264826774597,0.4183608293533325,-0.07352593541145325,0.8030388355255127,0.11672466993331909,-0.13900361955165863,0.8227524161338806,-0.07322743535041809,-0.20279254019260406,0.8403120040893555,-0.22037270665168762,-0.2495552897453308,0.596416711807251,0.37239640951156616,-0.053295545279979706,0.5787826776504517,0.03862321376800537,-0.10608233511447906,0.576992392539978,-0.15795055031776428,-0.16767695546150208,0.5856471657752991,-0.3073161542415619,-0.21444953978061676,0.44621917605400085,0.4096844494342804,-0.052610479295253754,0.40015909075737,0.10349711775779724,-0.10421052575111389,0.3810787796974182,-0.0844978392124176,-0.15515926480293274,0.37711596488952637,-0.23845085501670837,-0.19131693243980408,0.31421297788619995,0.5122694373130798,-0.06723001599311829,0.2497638761997223,0.2710310220718384,-0.11772491037845612,0.21014586091041565,0.10816159844398499,-0.14866910874843597,0.19229650497436523,-0.04931458830833435,-0.16862274706363678
0.5622686743736267,1.156314492225647,1.9381554920983035e-06,0.7666782736778259,1.086805820465088,-0.13977424800395966,0.9291549324989319,0.9595383405685425,-0.21017645299434662,1.0344346761703491,0.8133895397186279,-0.2708214521408081,1.123324990272522,0.7049086093902588,-0.32819050550460815,0.7721102237701416,0.44338199496269226,-0.09243610501289368,0.815606951713562,0.1425527036190033,-0.16805925965309143,0.8370619416236877,-0.04608765244483948,-0.23538899421691895,0.8560000061988831,-0.1941639482975006,-0.28376880288124084,0.6070805788040161,0.39348605275154114,-0.07548961043357849,0.5908796191215515,0.06248447299003601,-0.13953165709972382,0.5873199701309204,-0.1309332549571991,-0.20442579686641693,0.5925227999687195,-0.27736857533454895,-0.2527272701263428,0.4583985209465027,0.43025103211402893,-0.07624927163124084,0.4116717278957367,0.1267167627811432,-0.13767078518867493,0.38902005553245544,-0.06460854411125183,-0.19157052040100098,0.3805728554725647,-0.21976259350776672,-0.2287505716085434,0.3253392279148102,0.5349493026733398,-0.0907973051071167,0.2604711651802063,0.293179452419281,-0.1499978005886078,0.2216377854347229,0.1273997724056244,-0.18497887253761292,0.20268219709396362,-0.03141215443611145,-0.20679330825805664
0.5682665705680847,1.1746957302093506,2.0424361082405085e-06,0.773755669593811,1.1016104221343994,-0.1501500904560089,0.9362810254096985,0.970818817615509,-0.22473075985908508,1.0467110872268677,0.8224737644195557,-0.2876243591308594,1.1344938278198242,0.7047772407531738,-0.34686949849128723,0.781131386756897,0.4672447144985199,-0.09502606838941574,0.8213399052619934,0.16985946893692017,-0.16890716552734375,0.8400027751922607,-0.02130734920501709,-0.23543326556682587,0.856360912322998,-0.1708822250366211,-0.28401046991348267,0.6186928749084473,0.41726356744766235,-0.07313176989555359,0.6013433933258057,0.09044745564460754,-0.13663911819458008,0.5982197523117065,-0.10437506437301636,-0.2020106315612793,0.6040903925895691,-0.2516276240348816,-0.2507169842720032,0.4708036482334137,0.45248347520828247,-0.07025948911905289,0.4227219223976135,0.15015321969985962,-0.13168366253376007,0.4008414149284363,-0.04199039936065674,-0.186256542801857,0.3936094641685486,-0.1973225474357605,-0.22408047318458557,0.3377669155597687,0.5536149144172668,-0.08212610334157944,0.27170807123184204,0.3136237859725952,-0.14201855659484863,0.23257750272750854,0.1458248496055603,-0.17843221127986908,0.21486100554466248,-0.014604806900024414,-0.20168732106685638
0.5806384086608887,1.1753778457641602,2.0607735677913297e-06,0.7711731791496277,1.0924324989318848,-0.14251725375652313,0.9180317521095276,0.9582406878471375,-0.21722283959388733,1.0242624282836914,0.8118991255760193,-0.2818368673324585,1.1148090362548828,0.7046852111816406,-0.34390532970428467,0.7848852276802063,0.48198363184928894,-0.09800946712493896,0.827638566493988,0.18597257137298584,-0.17381709814071655,0.8445316553115845,-0.007646143436431885,-0.24022012948989868,0.8577958941459656,-0.1595798134803772,-0.2882670760154724,0.6238738894462585,0.43199747800827026,-0.08049801737070084,0.611572802066803,0.10278338193893433,-0.14571397006511688,0.608210027217865,-0.09264576435089111,-0.20901040732860565,0.6123780012130737,-0.24511456489562988,-0.2552090287208557,0.47697877883911133,0.4674736261367798,-0.08058279007673264,0.431632936000824,0.16252577304840088,-0.14193758368492126,0.41112613677978516,-0.029759526252746582,-0.19261285662651062,0.40366992354393005,-0.18569642305374146,-0.22725921869277954,0.34318891167640686,0.5691863894462585,-0.09471110254526138,0.28103509545326233,0.32882946729660034,-0.15279945731163025,0.24505209922790527,0.16101107001304626,-0.18551994860172272,0.2301548421382904,0.0026581883430480957,-0.20559535920619965
0.5828982591629028,1.1797974109649658,1.9678925582411466e-06,0.7688462138175964,1.1096351146697998,-0.14586703479290009,0.9182641506195068,0.9808987379074097,-0.2255626767873764,1.0217775106430054,0.8484516739845276,-0.29306021332740784,1.1089768409729004,0.7500841617584229,-0.3586677610874176,0.7840560674667358,0.4999599754810333,-0.12738953530788422,0.8221696019172668,0.19880446791648865,-0.20969058573246002,0.8370116949081421,0.004048943519592285,-0.2780013680458069,0.8492929935455322,-0.15278297662734985,-0.32758742570877075,0.6266012191772461,0.45277637243270874,-0.11105583608150482,0.6125721335411072,0.1218591034412384,-0.18298330903053284,0.6093755960464478,-0.07336366176605225,-0.2485639452934265,0.6126835942268372,-0.22566074132919312,-0.29746225476264954,0.4831779897212982,0.4876789450645447,-0.11073897778987885,0.44072210788726807,0.1811029613018036,-0.1765371561050415,0.4216676354408264,-0.015655159950256348,-0.23088277876377106,0.41386210918426514,-0.17658638954162598,-0.2691577672958374,0.3520090878009796,0.5856946110725403,-0.12403998523950577,0.28825291991233826,0.3454246520996094,-0.1862315684556961,0.2541716992855072,0.17706823348999023,-0.2223147600889206,0.2391013503074646,0.016625046730041504,-0.2458755522966385
0.5847757458686829,1.1838210821151733,2.015214022321743e-06,0.7671051621437073,1.124565839767456,-0.147273987531662,0.9114010334014893,1.0094568729400635,-0.23025014996528625,0.9991664886474609,0.8957314491271973,-0.30141201615333557,1.069223403930664,0.8173545598983765,-0.3706698715686798,0.7892578840255737,0.5161939263343811,-0.13196611404418945,0.8301479816436768,0.22273746132850647,-0.21379797160625458,0.8489687442779541,0.03430581092834473,-0.28132376074790955,0.8649353981018066,-0.1137317419052124,-0.3295883238315582,0.6333879232406616,0.4684542417526245,-0.11395815014839172,0.6203168630599976,0.1439112424850464,-0.18277378380298615,0.617929220199585,-0.04412233829498291,-0.2443532943725586,0.6231613755226135,-0.1908223032951355,-0.29034534096717834,0.49152135848999023,0.5022087693214417,-0.11165695637464523,0.45103955268859863,0.20097234845161438,-0.17303155362606049,0.43301650881767273,0.012613832950592041,-0.22277382016181946,0.42640984058380127,-0.13975811004638672,-0.25820112228393555,0.3608242869377136,0.6003926396369934,-0.12332820892333984,0.3002645671367645,0.3682914972305298,-0.18081402778625488,0.26665714383125305,0.20700785517692566,-0.21260280907154083,0.24992990493774414,0.05473610758781433,-0.233206644654274
0.5853785276412964,1.19297194480896,1.9832423276966438e-06,0.7617133259773254,1.1313022375106812,-0.14500881731510162,0.8986592292785645,1.021388053894043,-0.22931398451328278,0.986072838306427,0.9169551134109497,-0.3019889295101166,1.0484812259674072,0.8372188806533813,-0.37316587567329407,0.7901207208633423,0.5319298505783081,-0.13587741553783417,0.8250776529312134,0.23814773559570312,-0.21747905015945435,0.8412001132965088,0.05173838138580322,-0.2844109833240509,0.8546146750450134,-0.095162034034729,-0.3322134017944336,0.6353864073753357,0.4867860972881317,-0.11884459853172302,0.6231517195701599,0.16421490907669067,-0.18709097802639008,0.6210101842880249,-0.021505117416381836,-0.2479826807975769,0.625765860080719,-0.1671774983406067,-0.2935853600502014,0.49470001459121704,0.5191631317138672,-0.11674660444259644,0.45932626724243164,0.21814215183258057,-0.17637813091278076,0.4424678683280945,0.03260684013366699,-0.2254311442375183,0.4351802468299866,-0.1185004711151123,-0.2611270248889923,0.36603406071662903,0.6131468415260315,-0.12825481593608856,0.3096476197242737,0.38481563329696655,-0.18419331312179565,0.2784385085105896,0.2296483814716339,-0.21475453674793243,0.2624017298221588,0.08539533615112305,-0.234767884016037
0.5890470743179321,1.2051761150360107,1.9437413811829174e-06,0.7595632076263428,1.1486711502075195,-0.1436728984117508,0.8884380459785461,1.048169732093811,-0.2345988154411316,0.9643080234527588,0.9652671813964844,-0.3136655390262604,1.0169202089309692,0.9093360900878906,-0.39331796765327454,0.7918882966041565,0.5584807991981506,-0.16278265416622162,0.818044900894165,0.26234596967697144,-0.2550426125526428,0.8316730260848999,0.07467776536941528,-0.3268396258354187,0.8436877131462097,-0.07381600141525269,-0.3772372901439667,0.6442658305168152,0.5133964419364929,-0.15032921731472015,0.6331416368484497,0.1852671205997467,-0.22981257736682892,0.6320945620536804,-0.008230626583099365,-0.29607847332954407,0.6363846063613892,-0.15965336561203003,-0.34521791338920593,0.5065656304359436,0.5456483364105225,-0.1509215235710144,0.47091275453567505,0.23597261309623718,-0.2194487750530243,0.451748251914978,0.03979074954986572,-0.2756340503692627,0.4414140284061432,-0.12048584222793579,-0.31579452753067017,0.3777562379837036,0.6370434761047363,-0.16397826373577118,0.317621648311615,0.4006580114364624,-0.22690339386463165,0.2821028530597687,0.2403390109539032,-0.2629106342792511,0.260328471660614,0.09229078888893127,-0.28692206740379333
0.5935163497924805,1.236314296722412,1.7797215150494594e-06,0.7637585401535034,1.1681305170059204,-0.126228466629982,0.8932691216468811,1.0428054332733154,-0.20276851952075958,0.9836899042129517,0.9368044137954712,-0.2708057463169098,1.0547047853469849,0.8614853024482727,-0.33877259492874146,0.7894490361213684,0.588228166103363,-0.13352978229522705,0.8236526846885681,0.3007223904132843,-0.2223236858844757,0.8491390347480774,0.12010174989700317,-0.29246777296066284,0.8724480867385864,-0.01808333396911621,-0.34088245034217834,0.6437461972236633,0.5410066246986389,-0.1270831674337387,0.6381118893623352,0.21900933980941772,-0.201431006193161,0.642533004283905,0.028842449188232422,-0.2638918161392212,0.6512266397476196,-0.1210053563117981,-0.30969780683517456,0.5084657073020935,0.5720412135124207,-0.13376986980438232,0.4810190200805664,0.26624271273612976,-0.1990821361541748,0.46870166063308716,0.07575422525405884,-0.24909183382987976,0.46270912885665894,-0.08034014701843262,-0.28428664803504944,0.38169625401496887,0.664801299571991,-0.15199041366577148,0.3291887640953064,0.43141573667526245,-0.213460311293602,0.2979886531829834,0.2729766368865967,-0.24528859555721283,0.27717679738998413,0.1268777847290039,-0.26508763432502747
0.5939072966575623,1.2604323625564575,1.896477897389559e-06,0.7615837454795837,1.1930307149887085,-0.13708211481571198,0.8911584615707397,1.0674870014190674,-0.21988283097743988,0.9889158010482788,0.9555931091308594,-0.2914124131202698,1.0625513792037964,0.8696075677871704,-0.3625343441963196,0.792709469795227,0.61822110414505,-0.15024103224277496,0.8321518301963806,0.3280884921550751,-0.24281266331672668,0.8553615212440491,0.14110875129699707,-0.31515294313430786,0.8745957612991333,-0.005944311618804932,-0.3653494715690613,0.6502774953842163,0.5705007910728455,-0.13863758742809296,0.647905707359314,0.2457481026649475,-0.21690663695335388,0.6532689332962036,0.04960745573043823,-0.28091904520988464,0.6615492105484009,-0.10791486501693726,-0.3278878331184387,0.5172286033630371,0.6003052592277527,-0.14024178683757782,0.4912723898887634,0.2937915623188019,-0.2076232135295868,0.4818762242794037,0.10169649124145508,-0.25841161608695984,0.47864994406700134,-0.058627545833587646,-0.29481860995292664,0.3923402428627014,0.6894755363464355,-0.1541696935892105,0.3400866687297821,0.46512019634246826,-0.21716460585594177,0.31004324555397034,0.311896950006485,-0.250405490398407,0.29135358333587646,0.17048832774162292,-0.27166590094566345
0.5722123980522156,1.2814301252365112,1.625230197532801e-06,0.7387339472770691,1.2125084400177002,-0.11569064855575562,0.8745322227478027,1.0896261930465698,-0.1860295683145523,0.9761649370193481,0.9772887229919434,-0.24870634078979492,1.0522613525390625,0.8882361054420471,-0.3108093738555908,0.7828872799873352,0.6593848466873169,-0.12035835534334183,0.8294666409492493,0.3863123059272766,-0.20073972642421722,0.8461634516716003,0.2085840106010437,-0.2654409110546112,0.8568283915519714,0.060019731521606445,-0.31213659048080444,0.6501752138137817,0.6048838496208191,-0.11801373958587646,0.653547465801239,0.27343589067459106,-0.18925398588180542,0.6590619087219238,0.07401865720748901,-0.2504293620586395,0.6648346185684204,-0.08318430185317993,-0.29469960927963257,0.5231360793113708,0.6282035112380981,-0.1274266242980957,0.49858158826828003,0.3120175302028656,-0.19250738620758057,0.4882282018661499,0.11352843046188354,-0.2444385290145874,0.48307397961616516,-0.049849510192871094,-0.2803323566913605,0.40162840485572815,0.710824728012085,-0.14699575304985046,0.34770017862319946,0.48252731561660767,-0.21019265055656433,0.31622305512428284,0.32423534989356995,-0.24464736878871918,0.2977578341960907,0.17802661657333374,-0.26561224460601807
0.5669300556182861,1.318665862083435,1.5701089068898e-06,0.7190057635307312,1.259265661239624,-0.1181875616312027,0.849279522895813,1.1379656791687012,-0.18521137535572052,0.9430838823318481,1.0307775735855103,-0.2446591854095459,1.010023593902588,0.9449801445007324,-0.30187341570854187,0.7767830491065979,0.6885380148887634,-0.10457444936037064,0.8304482698440552,0.4196023941040039,-0.1769466996192932,0.8470702171325684,0.23944708704948425,-0.23918315768241882,0.8532889485359192,0.08933132886886597,-0.2858463525772095,0.6434510946273804,0.6290794610977173,-0.09904719144105911,0.6422545909881592,0.30438873171806335,-0.16444599628448486,0.6400754451751709,0.10783755779266357,-0.22356157004833221,0.6379396915435791,-0.044411540031433105,-0.26618829369544983,0.5176571607589722,0.6506521701812744,-0.10625108331441879,0.4915820360183716,0.34405630826950073,-0.16760964691638947,0.4779197573661804,0.14873868227005005,-0.21558251976966858,0.4689136743545532,-0.013693809509277344,-0.2485566884279251,0.39966145157814026,0.7359706163406372,-0.12433027476072311,0.3536602854728699,0.5161738395690918,-0.18487459421157837,0.3232487738132477,0.3674146831035614,-0.21499979496002197,0.30465760827064514,0.22721907496452332,-0.2322293370962143
0.5743128061294556,1.3512181043624878,1.654029233577603e-06,0.728935956954956,1.2810571193695068,-0.11242079734802246,0.8604313135147095,1.1449496746063232,-0.16941401362419128,0.9571322202682495,1.0233073234558105,-0.21955253183841705,1.0270624160766602,0.9342553615570068,-0.26581576466560364,0.7689425945281982,0.7114270925521851,-0.07243521511554718,0.8182332515716553,0.4439326226711273,-0.1302897334098816,0.8357124924659729,0.27261894941329956,-0.18486541509628296,0.8433150053024292,0.12896913290023804,-0.2262757569551468,0.6372454166412354,0.6577573418617249,-0.06395965069532394,0.6448470950126648,0.3353060781955719,-0.11374152451753616,0.647328794002533,0.13980692625045776,-0.16651880741119385,0.6472159028053284,-0.0077394843101501465,-0.20518647134304047,0.513069212436676,0.6789835691452026,-0.06924992054700851,0.4946472942829132,0.37737947702407837,-0.11672697216272354,0.4835209548473358,0.1834736466407776,-0.16128918528556824,0.47621315717697144,0.024283289909362793,-0.1929873526096344,0.3962686061859131,0.7614859342575073,-0.08574461936950684,0.35836857557296753,0.5491559505462646,-0.1324257254600525,0.3294034004211426,0.4098246991634369,-0.15644718706607819,0.3119947910308838,0.2813657820224762,-0.17076720297336578
0.5686314702033997,1.376296043395996,1.6142278127517784e-06,0.7278439998626709,1.3070948123931885,-0.11496689915657043,0.8626773953437805,1.1649852991104126,-0.17383942008018494,0.9677242040634155,1.035125970840454,-0.22435781359672546,1.051486611366272,0.9447519779205322,-0.2697722613811493,0.766298770904541,0.7332944273948669,-0.08010198175907135,0.8161040544509888,0.4713576138019562,-0.13845324516296387,0.8323596715927124,0.306149423122406,-0.19117696583271027,0.8361522555351257,0.1657348871231079,-0.23020941019058228,0.6352547407150269,0.6817898750305176,-0.06894262135028839,0.6447885632514954,0.36539021134376526,-0.11784777790307999,0.648855984210968,0.1749088168144226,-0.16396023333072662,0.6480300426483154,0.02637648582458496,-0.19705379009246826,0.5124254822731018,0.7033178806304932,-0.07145249098539352,0.491120845079422,0.4212264120578766,-0.11515429615974426,0.4865954518318176,0.24155330657958984,-0.1492629200220108,0.4838341176509857,0.09489452838897705,-0.17294897139072418,0.3962998688220978,0.7845950722694397,-0.08609830588102341,0.3566998243331909,0.5784090161323547,-0.12556912004947662,0.32927390933036804,0.4422343075275421,-0.14139637351036072,0.3115421533584595,0.3177412450313568,-0.14980508387088776
0.5417551398277283,1.3833173513412476,1.4402213537323405e-06,0.7128543853759766,1.308962106704712,-0.11137306690216064,0.8589491844177246,1.1537525653839111,-0.16552644968032837,0.9705852270126343,0.9985578060150146,-0.2108643501996994,1.052685260772705,0.8805848360061646,-0.2512727975845337,0.7651774883270264,0.7510488033294678,-0.08167290687561035,0.8181620240211487,0.4865204989910126,-0.14199528098106384,0.8333231210708618,0.3176327645778656,-0.19371086359024048,0.8368425965309143,0.17124050855636597,-0.23239265382289886,0.6321896910667419,0.6950348615646362,-0.0710049644112587,0.635371208190918,0.3848499357700348,-0.12343945354223251,0.6348297595977783,0.20538365840911865,-0.16894949972629547,0.6311859488487244,0.06230950355529785,-0.20134808123111725,0.5074666738510132,0.7144049406051636,-0.07344509661197662,0.4840008616447449,0.43812429904937744,-0.1223444938659668,0.4761126637458801,0.2605140209197998,-0.1555260270833969,0.4714262783527374,0.11044269800186157,-0.17849034070968628,0.3905346095561981,0.7935571670532227,-0.087347611784935,0.35035160183906555,0.5887600183486938,-0.1324600875377655,0.3232404887676239,0.4541776478290558,-0.1499568372964859,0.30635130405426025,0.32856208086013794,-0.15911747515201569
0.5513931512832642,1.3899726867675781,1.3564712162406067e-06,0.715928316116333,1.30488920211792,-0.09735092520713806,0.8482342958450317,1.1383609771728516,-0.1400560736656189,0.9263920187950134,0.9645240306854248,-0.17613285779953003,0.9800229072570801,0.8211179971694946,-0.2072877734899521,0.7475456595420837,0.7533954381942749,-0.0624171607196331,0.8011374473571777,0.48945266008377075,-0.11744087189435959,0.8192232847213745,0.3250981271266937,-0.1663590371608734,0.8247056007385254,0.1798403263092041,-0.20231249928474426,0.6190183758735657,0.7009599804878235,-0.056013286113739014,0.6227165460586548,0.3851791322231293,-0.10373605787754059,0.6194953322410583,0.20025420188903809,-0.14872793853282928,0.6122758984565735,0.05312752723693848,-0.18022210896015167,0.5003164410591125,0.7212772965431213,-0.061799269169569016,0.48005926609039307,0.4425491988658905,-0.10878007858991623,0.4742354452610016,0.26661431789398193,-0.14247049391269684,0.4704631567001343,0.11840158700942993,-0.16493965685367584,0.38932499289512634,0.8028061389923096,-0.07766538113355637,0.3494819402694702,0.5943792462348938,-0.12376121431589127,0.3196105360984802,0.4587831497192383,-0.14180141687393188,0.2995281517505646,0.3332519233226776,-0.15001924335956573
0.5398277640342712,1.3825902938842773,1.33445405481325e-06,0.7061930894851685,1.2884807586669922,-0.0968923419713974,0.8302925825119019,1.117529273033142,-0.13895545899868011,0.8907886147499084,0.9367736577987671,-0.17327134311199188,0.9335573315620422,0.7871357798576355,-0.20274116098880768,0.7348100543022156,0.7479372620582581,-0.06189463287591934,0.7848415374755859,0.48458024859428406,-0.11428962647914886,0.7972772717475891,0.3203403353691101,-0.15957802534103394,0.7998167276382446,0.18473565578460693,-0.1916954666376114,0.6089407205581665,0.7037588953971863,-0.05215770751237869,0.6173796653747559,0.3972949683666229,-0.09617011994123459,0.6157571077346802,0.21500200033187866,-0.13723328709602356,0.6108518242835999,0.07302504777908325,-0.16590890288352966,0.49303656816482544,0.7278991341590881,-0.054628122597932816,0.4766380190849304,0.4469941258430481,-0.09745609760284424,0.470513254404068,0.27377867698669434,-0.12915535271167755,0.4666469991207123,0.12805545330047607,-0.15069961547851562,0.38592177629470825,0.808173656463623,-0.06694705784320831,0.3449229300022125,0.6041777729988098,-0.1106419786810875,0.3170081675052643,0.46803951263427734,-0.1290721446275711,0.29753538966178894,0.3440726399421692,-0.1376231461763382
0.5368021726608276,1.369079351425171,1.3199584145695553e-06,0.7044029235839844,1.2740622758865356,-0.0773967057466507,0.8372520208358765,1.11191725730896,-0.1123870238661766,0.93068528175354,0.9573140740394592,-0.1441533863544464,0.9967482089996338,0.8404252529144287,-0.17153722047805786,0.723061203956604,0.7455601096153259,-0.03965514898300171,0.7727328538894653,0.4879590570926666,-0.08502362668514252,0.7885984182357788,0.3298813998699188,-0.1264079213142395,0.7936809062957764,0.20068663358688354,-0.15638838708400726,0.5978058576583862,0.7022913098335266,-0.03833142668008804,0.6095867156982422,0.40280771255493164,-0.07576189190149307,0.6108227372169495,0.223297119140625,-0.11464493721723557,0.6066574454307556,0.08396023511886597,-0.1429159939289093,0.48187804222106934,0.7259932160377502,-0.04791489243507385,0.46611255407333374,0.4521358013153076,-0.08350852131843567,0.4616299867630005,0.28349965810775757,-0.11511968076229095,0.4570080637931824,0.1435142159461975,-0.13787604868412018,0.3771001696586609,0.8059040904045105,-0.06588578969240189,0.3362230062484741,0.6080716848373413,-0.10212911665439606,0.3074454963207245,0.47566062211990356,-0.11882041394710541,0.2870512306690216,0.3555857837200165,-0.12758208811283112
0.525192141532898,1.3737844228744507,1.3194305665820139e-06,0.6980913877487183,1.286461591720581,-0.08369968086481094,0.8314014673233032,1.1278239488601685,-0.12241967022418976,0.9225512146949768,0.9728632569313049,-0.1563182920217514,0.9833793044090271,0.8517279028892517,-0.18546847999095917,0.7154960632324219,0.7552628517150879,-0.05299973487854004,0.7661592960357666,0.49731898307800293,-0.10109543800354004,0.7825287580490112,0.33790701627731323,-0.14324598014354706,0.7880398631095886,0.20525771379470825,-0.17436617612838745,0.5910409688949585,0.7087991833686829,-0.05042796581983566,0.6011788845062256,0.40852805972099304,-0.0916510671377182,0.6014617681503296,0.23202306032180786,-0.13105441629886627,0.5972219705581665,0.09670263528823853,-0.1593787521123886,0.4768607020378113,0.7308229207992554,-0.05861882120370865,0.46292436122894287,0.4531918466091156,-0.0994240865111351,0.4584845304489136,0.28444796800613403,-0.1322866976261139,0.45412304997444153,0.1444835662841797,-0.1552213579416275,0.3725275695323944,0.8110143542289734,-0.07530409097671509,0.3312377333641052,0.6118069887161255,-0.1173950657248497,0.30152782797813416,0.4809727966785431,-0.13647805154323578,0.28078269958496094,0.3616749048233032,-0.14626167714595795
0.5135091543197632,1.3688712120056152,1.2989943343200139e-06,0.6816876530647278,1.2786651849746704,-0.07669862359762192,0.8130317330360413,1.1289551258087158,-0.1150747612118721,0.9088463187217712,0.9955602884292603,-0.15115125477313995,0.9770777225494385,0.8959725499153137,-0.18322724103927612,0.7010568976402283,0.7563729286193848,-0.045660633593797684,0.7505197525024414,0.5004886388778687,-0.09277641773223877,0.7695097923278809,0.3452284336090088,-0.13562603294849396,0.7786033153533936,0.21416932344436646,-0.16774342954158783,0.5786822438240051,0.7095227241516113,-0.04707985371351242,0.587629497051239,0.4147643744945526,-0.08642729371786118,0.5872515439987183,0.24336403608322144,-0.12677760422229767,0.5829570889472961,0.11190944910049438,-0.15690144896507263,0.46667003631591797,0.73012375831604,-0.05892644450068474,0.4515742361545563,0.4569155275821686,-0.09659069031476974,0.44737526774406433,0.29175865650177,-0.12951022386550903,0.44296684861183167,0.15467584133148193,-0.15363870561122894,0.3643825054168701,0.8089492321014404,-0.07894069701433182,0.32242313027381897,0.6124415993690491,-0.1170533299446106,0.29382550716400146,0.4844013452529907,-0.13484299182891846,0.27566978335380554,0.3659246265888214,-0.14493411779403687
0.49516957998275757,1.373744249343872,1.3263924074635725e-06,0.6575947999954224,1.2990174293518066,-0.08100748062133789,0.7825257778167725,1.1693767309188843,-0.12322067469358444,0.867902398109436,1.0588698387145996,-0.1627020239830017,0.9293907284736633,0.9742929339408875,-0.19818653166294098,0.6896136999130249,0.7679551243782043,-0.04868804290890694,0.739303469657898,0.516783595085144,-0.09567435830831528,0.7579436898231506,0.36115938425064087,-0.13966552913188934,0.7670598030090332,0.22997349500656128,-0.1732839196920395,0.5696154236793518,0.7177524566650391,-0.04863438382744789,0.574966311454773,0.4265265166759491,-0.08882308751344681,0.5729888677597046,0.25530123710632324,-0.13141533732414246,0.5688226222991943,0.12440264225006104,-0.16348835825920105,0.45872583985328674,0.7369836568832397,-0.05920415744185448,0.4421764016151428,0.4682910144329071,-0.09817366302013397,0.4359867572784424,0.30301356315612793,-0.13434332609176636,0.4306103587150574,0.16531258821487427,-0.16058631241321564,0.3562649190425873,0.8145303726196289,-0.07810694724321365,0.3162221312522888,0.6199089288711548,-0.11793778836727142,0.28801047801971436,0.49306952953338623,-0.13803882896900177,0.2703849971294403,0.37478968501091003,-0.14971540868282318
0.4695320725440979,1.3701486587524414,1.3525590247809305e-06,0.6241574883460999,1.309472680091858,-0.0911887064576149,0.7484855651855469,1.1971663236618042,-0.14055484533309937,0.8260491490364075,1.102263331413269,-0.18576322495937347,0.8823375701904297,1.030347466468811,-0.22738300263881683,0.675191342830658,0.7801615595817566,-0.0629897266626358,0.7266514301300049,0.5325765609741211,-0.11453457921743393,0.7452182173728943,0.3752126693725586,-0.16221505403518677,0.7544075846672058,0.24164986610412598,-0.19853565096855164,0.5564534664154053,0.7259284853935242,-0.05982907861471176,0.5614608526229858,0.44152823090553284,-0.10403796285390854,0.5583348870277405,0.2696707844734192,-0.14914271235466003,0.554295539855957,0.13894790410995483,-0.1829865276813507,0.44661951065063477,0.7431838512420654,-0.06769879162311554,0.432156503200531,0.4762483835220337,-0.11069323122501373,0.4263147711753845,0.31197041273117065,-0.1480841487646103,0.42217665910720825,0.17641830444335938,-0.17471256852149963,0.34531188011169434,0.8188974261283875,-0.08476098626852036,0.3065842092037201,0.6270841956138611,-0.12815435230731964,0.2805226743221283,0.5017273426055908,-0.1493447870016098,0.26608628034591675,0.38597652316093445,-0.16134241223335266
0.4621126353740692,1.3774083852767944,1.2803943718608934e-06,0.6115744113922119,1.3099466562271118,-0.08661279082298279,0.7305837869644165,1.1938549280166626,-0.13425172865390778,0.8025305271148682,1.098131537437439,-0.17865347862243652,0.8550079464912415,1.02294921875,-0.2193453311920166,0.66132652759552,0.7872644662857056,-0.060417789965867996,0.7106852531433105,0.5447199940681458,-0.11181177198886871,0.7309433817863464,0.391377329826355,-0.15911586582660675,0.7431012392044067,0.25945913791656494,-0.19510449469089508,0.5461620688438416,0.7375519275665283,-0.05999833717942238,0.5514271259307861,0.45891740918159485,-0.1042553186416626,0.5469971299171448,0.28846120834350586,-0.14836755394935608,0.5422813892364502,0.15477865934371948,-0.1811680793762207,0.4389512538909912,0.7565021514892578,-0.07031827419996262,0.4237205386161804,0.4977138340473175,-0.11205073446035385,0.41746366024017334,0.3335146903991699,-0.1471061110496521,0.4133926033973694,0.1945691704750061,-0.1723814606666565,0.3374214172363281,0.8334671258926392,-0.08968936651945114,0.2990444600582123,0.6462624669075012,-0.13071268796920776,0.27397578954696655,0.5217286944389343,-0.14959590137004852,0.2589879035949707,0.4069746732711792,-0.16033509373664856
0.43603479862213135,1.379798412322998,1.1434667612775229e-06,0.6047467589378357,1.2967194318771362,-0.07065439969301224,0.7492873668670654,1.1609734296798706,-0.10818828642368317,0.8587982654571533,1.0498135089874268,-0.14423896372318268,0.9375628232955933,0.9630477428436279,-0.17721407115459442,0.6507079601287842,0.7965447902679443,-0.04370959848165512,0.7001352906227112,0.554535984992981,-0.09061646461486816,0.7204790711402893,0.4042730927467346,-0.13293777406215668,0.7334908246994019,0.27723151445388794,-0.16449475288391113,0.5368326306343079,0.7515615224838257,-0.04748917743563652,0.5420332551002502,0.4767168462276459,-0.08719024807214737,0.5403872728347778,0.3122204542160034,-0.12799827754497528,0.5356279611587524,0.18041014671325684,-0.1582905650138855,0.43134796619415283,0.7688754200935364,-0.06082535535097122,0.41504520177841187,0.5178192853927612,-0.09785682708024979,0.4076620638370514,0.3594435155391693,-0.12916986644268036,0.4000055193901062,0.22414755821228027,-0.15200304985046387,0.33186206221580505,0.8399566411972046,-0.08185267448425293,0.2926540970802307,0.6573594808578491,-0.11673849076032639,0.26951849460601807,0.5344134569168091,-0.13149890303611755,0.253631055355072,0.42296355962753296,-0.13969863951206207
0.43878376483917236,1.3833248615264893,1.159428734354151e-06,0.6026905179023743,1.3010365962982178,-0.07581651210784912,0.7395405769348145,1.1730234622955322,-0.11627833545207977,0.846573531627655,1.0578504800796509,-0.1542423516511917,0.9217609167098999,0.9589309692382812,-0.18869036436080933,0.6335038542747498,0.799758791923523,-0.044424865394830704,0.6736566424369812,0.5650174617767334,-0.09078480303287506,0.6913473606109619,0.42347708344459534,-0.13481201231479645,0.7025197744369507,0.2990608215332031,-0.16743183135986328,0.5236056447029114,0.7574165463447571,-0.04540802910923958,0.5268370509147644,0.4888196587562561,-0.08292876929044724,0.5250721573829651,0.3280412554740906,-0.12281149625778198,0.5218943357467651,0.19790923595428467,-0.15277786552906036,0.42007583379745483,0.7761254906654358,-0.056970641016960144,0.406128466129303,0.528359591960907,-0.09356627613306046,0.39822614192962646,0.3769106864929199,-0.12544335424900055,0.3922758102416992,0.24577748775482178,-0.14880073070526123,0.32358935475349426,0.8466066122055054,-0.0767732709646225,0.2847513258457184,0.6679603457450867,-0.11215592920780182,0.25937384366989136,0.5524381399154663,-0.12848566472530365,0.2430504858493805,0.4457273483276367,-0.1379086822271347
0.4316052198410034,1.3809399604797363,1.2020607300655684e-06,0.5924112796783447,1.2904675006866455,-0.06518680602312088,0.721135139465332,1.1600571870803833,-0.10004395246505737,0.8225183486938477,1.0414304733276367,-0.1339261680841446,0.8960158228874207,0.946985125541687,-0.16414789855480194,0.6077038645744324,0.8012975454330444,-0.030685899779200554,0.652302622795105,0.5685452222824097,-0.07167533040046692,0.6744228601455688,0.4299764037132263,-0.11239712685346603,0.6893338561058044,0.3105766773223877,-0.14247028529644012,0.5012538433074951,0.7583938837051392,-0.03385288640856743,0.5070341229438782,0.49266937375068665,-0.0645008236169815,0.5074095726013184,0.3364388346672058,-0.10072462260723114,0.5064692497253418,0.21436530351638794,-0.12841109931468964,0.4011748433113098,0.7746199369430542,-0.04679138585925102,0.3884207010269165,0.5247266292572021,-0.07732266187667847,0.3798803389072418,0.3733338415622711,-0.10749609768390656,0.3739277422428131,0.24699854850769043,-0.13017266988754272,0.3083573281764984,0.8436064124107361,-0.0670410692691803,0.2671685814857483,0.6690179109573364,-0.09785754233598709,0.2378050982952118,0.5569667816162109,-0.11215720325708389,0.2179892659187317,0.457981139421463,-0.12000159174203873
0.40021705627441406,1.3485033512115479,1.2765007113557658e-06,0.5572329163551331,1.2574660778045654,-0.06535975635051727,0.6779005527496338,1.1294958591461182,-0.10493486374616623,0.7673505544662476,1.0076615810394287,-0.14342325925827026,0.8591092824935913,0.9378503561019897,-0.17904826998710632,0.5883560180664062,0.7947034239768982,-0.039216578006744385,0.6262505650520325,0.565363347530365,-0.08308621495962143,0.647013247013092,0.4291515350341797,-0.12340395152568817,0.6631692051887512,0.3117324709892273,-0.1525435894727707,0.4833349287509918,0.7522003054618835,-0.042716361582279205,0.49087998270988464,0.49094656109809875,-0.07367782294750214,0.4944412112236023,0.33919984102249146,-0.10633065551519394,0.49850425124168396,0.21749138832092285,-0.1309121996164322,0.3830685615539551,0.7647855877876282,-0.055770497769117355,0.36966022849082947,0.5256484150886536,-0.08517354726791382,0.3617573380470276,0.3799087405204773,-0.11119765788316727,0.3593482971191406,0.25678056478500366,-0.1307298094034195,0.2875917851924896,0.8275339603424072,-0.0765433982014656,0.24515089392662048,0.6633030772209167,-0.10283289849758148,0.2146972417831421,0.5586428642272949,-0.11301741749048233,0.19269490242004395,0.46446916460990906,-0.11831197142601013
0.3717361390590668,1.2949771881103516,1.1437259672675282e-06,0.5231119990348816,1.2046475410461426,-0.05733432248234749,0.6380230188369751,1.0825246572494507,-0.09604672342538834,0.7288612127304077,0.9703607559204102,-0.1357790231704712,0.8300440311431885,0.9152936339378357,-0.17456726729869843,0.561825692653656,0.7626897096633911,-0.03616851940751076,0.6030437350273132,0.5494679808616638,-0.07826125621795654,0.6206060647964478,0.4178254306316376,-0.11808730661869049,0.6318584084510803,0.30057603120803833,-0.14855153858661652,0.461335152387619,0.7241780757904053,-0.04493539035320282,0.4759283661842346,0.4782540798187256,-0.07637057453393936,0.47770366072654724,0.3381410837173462,-0.10894101858139038,0.477295845746994,0.22294998168945312,-0.13404421508312225,0.3622050881385803,0.7376649975776672,-0.06216828152537346,0.35585030913352966,0.5061310529708862,-0.09136693179607391,0.3478536605834961,0.3647432029247284,-0.11553693562746048,0.3442714512348175,0.24119675159454346,-0.13461041450500488,0.2651243805885315,0.7976474165916443,-0.08632233738899231,0.22217264771461487,0.6347336769104004,-0.11184387654066086,0.19512790441513062,0.5307674407958984,-0.1209222674369812,0.17797642946243286,0.4338456392288208,-0.12643647193908691
0.3510687053203583,1.266866683959961,1.0543435564613901e-06,0.5034476518630981,1.1830981969833374,-0.059081390500068665,0.6125181317329407,1.0626014471054077,-0.0964353010058403,0.6957847476005554,0.9440946578979492,-0.1339230239391327,0.7916898131370544,0.8726270198822021,-0.1702008843421936,0.5328531265258789,0.7460494637489319,-0.038419533520936966,0.5723882913589478,0.5365330576896667,-0.08166634291410446,0.5875049233436584,0.40520724654197693,-0.12257211655378342,0.5961284637451172,0.2844536304473877,-0.15357841551303864,0.4338405132293701,0.7090467810630798,-0.046317487955093384,0.4414779245853424,0.4654441773891449,-0.07936390489339828,0.4397701621055603,0.32217082381248474,-0.11327347904443741,0.4353923499584198,0.20085632801055908,-0.1388770192861557,0.3379349708557129,0.7243155837059021,-0.06258929520845413,0.3253154754638672,0.4994145333766937,-0.09400290995836258,0.31541264057159424,0.36290064454078674,-0.1176295280456543,0.3109554052352905,0.2413806915283203,-0.13544374704360962,0.24599406123161316,0.7860559225082397,-0.08590388298034668,0.19886454939842224,0.6262085437774658,-0.1144704595208168,0.17156553268432617,0.5244547128677368,-0.1239900216460228,0.1549442708492279,0.42811712622642517,-0.12884008884429932
0.33748289942741394,1.2021245956420898,1.0997059689543676e-06,0.48506030440330505,1.1151889562606812,-0.05321459472179413,0.5897963047027588,1.0023378133773804,-0.08934850245714188,0.672369122505188,0.9011155366897583,-0.12703104317188263,0.7645765542984009,0.8415848612785339,-0.16525490581989288,0.5082354545593262,0.7189164757728577,-0.04352070391178131,0.5480344891548157,0.5136048197746277,-0.08818988502025604,0.5621110796928406,0.38152411580085754,-0.12823714315891266,0.5687626600265503,0.26246142387390137,-0.15813246369361877,0.40898022055625916,0.6823911666870117,-0.05440278723835945,0.4128221571445465,0.4384874999523163,-0.09032921493053436,0.40732133388519287,0.2888651490211487,-0.12552493810653687,0.39955708384513855,0.1624501347541809,-0.15208804607391357,0.31323134899139404,0.6963480114936829,-0.0723329707980156,0.2986835241317749,0.47162628173828125,-0.10561970621347427,0.28746333718299866,0.3377140164375305,-0.13071660697460175,0.28076326847076416,0.21944987773895264,-0.14946240186691284,0.22262011468410492,0.754308819770813,-0.09650909900665283,0.1771647036075592,0.5980108380317688,-0.12680551409721375,0.14745232462882996,0.49778643250465393,-0.13783562183380127,0.12724435329437256,0.40209826827049255,-0.14390979707241058
0.33282628655433655,1.1677628755569458,1.1001258144460735e-06,0.47648754715919495,1.0932408571243286,-0.062311556190252304,0.5784783959388733,0.9891029596328735,-0.10047516226768494,0.6495783925056458,0.8869173526763916,-0.13779708743095398,0.7305058836936951,0.8158328533172607,-0.1751418262720108,0.48761311173439026,0.6880586743354797,-0.05074340105056763,0.5183523297309875,0.48790115118026733,-0.09780067950487137,0.5294133424758911,0.3612147867679596,-0.13996060192584991,0.5347452759742737,0.242298424243927,-0.1715596318244934,0.3880908489227295,0.6550644040107727,-0.05743594467639923,0.3849242329597473,0.416714608669281,-0.09748799353837967,0.3798513412475586,0.2700191140174866,-0.1372479945421219,0.3741779029369354,0.14021307229995728,-0.1667547971010208,0.29423344135284424,0.673313558101654,-0.07168255001306534,0.2763696312904358,0.4558066427707672,-0.11052732914686203,0.2657853960990906,0.32103827595710754,-0.1408337950706482,0.25953418016433716,0.20004278421401978,-0.1620314121246338,0.206222802400589,0.7338910102844238,-0.09237288683652878,0.16121748089790344,0.5779346227645874,-0.12859468162059784,0.13303959369659424,0.4769636392593384,-0.14408782124519348,0.11391854286193848,0.3796282410621643,-0.15259505808353424
0.33506375551223755,1.1460576057434082,1.1132813142467057e-06,0.48029160499572754,1.0707030296325684,-0.06364451348781586,0.5772125124931335,0.9699238538742065,-0.09877635538578033,0.6416921615600586,0.8641887307167053,-0.13275597989559174,0.7167277336120605,0.7924476861953735,-0.1663486510515213,0.4786599278450012,0.6654679775238037,-0.039141420274972916,0.5027896761894226,0.46768832206726074,-0.08158480376005173,0.5099440217018127,0.34352633357048035,-0.1225057989358902,0.5137662887573242,0.22580593824386597,-0.15430952608585358,0.3813028931617737,0.6334296464920044,-0.04445312172174454,0.3714897632598877,0.395301878452301,-0.08244124799966812,0.36148732900619507,0.24429652094841003,-0.12522071599960327,0.3534654974937439,0.11135971546173096,-0.15710242092609406,0.2900073230266571,0.6548089385032654,-0.0580793097615242,0.2676917314529419,0.436383455991745,-0.09822215139865875,0.2526084780693054,0.2960664927959442,-0.13551932573318481,0.24263562262058258,0.16999512910842896,-0.16097953915596008,0.20482565462589264,0.7196434140205383,-0.07797924429178238,0.15761205554008484,0.5617942810058594,-0.1174609363079071,0.12609535455703735,0.45919379591941833,-0.13837189972400665,0.10479724407196045,0.35902664065361023,-0.1506846398115158
0.3336006999015808,1.133818507194519,1.0288657676937873e-06,0.4775067865848541,1.0641090869903564,-0.059894416481256485,0.5779715776443481,0.9625808596611023,-0.09113244712352753,0.6411837339401245,0.8524550199508667,-0.12167394906282425,0.7125863432884216,0.7761816382408142,-0.15214847028255463,0.4811525344848633,0.6551244258880615,-0.03168567270040512,0.5075743198394775,0.46299389004707336,-0.07192807644605637,0.5141873359680176,0.3410484194755554,-0.11136208474636078,0.5182530879974365,0.22721248865127563,-0.14217300713062286,0.38375431299209595,0.6206029057502747,-0.03776787221431732,0.37333133816719055,0.38197317719459534,-0.07446473091840744,0.363139271736145,0.23101341724395752,-0.11750581860542297,0.35473859310150146,0.10085433721542358,-0.1493796855211258,0.2946491241455078,0.6408917307853699,-0.05179614946246147,0.2755297124385834,0.4244186282157898,-0.09134193509817123,0.2619127333164215,0.28111502528190613,-0.12948216497898102,0.2526702880859375,0.15420246124267578,-0.15531660616397858,0.21278893947601318,0.7055055499076843,-0.07155468314886093,0.17197513580322266,0.5501022338867188,-0.11177460104227066,0.14340195059776306,0.4488495886325836,-0.1327534168958664,0.12268969416618347,0.35308384895324707,-0.14449548721313477
0.32771265506744385,1.1009260416030884,1.0084258974529803e-06,0.47463059425354004,1.0443214178085327,-0.05869445577263832,0.5792512893676758,0.9522476196289062,-0.08879048377275467,0.6470848321914673,0.8473988771438599,-0.11848096549510956,0.7174515724182129,0.7716107368469238,-0.14860785007476807,0.49773669242858887,0.6472544074058533,-0.02974400855600834,0.5281655788421631,0.4621695876121521,-0.07041171938180923,0.5379630923271179,0.34045594930648804,-0.11067905277013779,0.545910656452179,0.22719770669937134,-0.14202938973903656,0.399646520614624,0.6063801646232605,-0.03560289368033409,0.39017558097839355,0.37207725644111633,-0.07140542566776276,0.38109710812568665,0.22517389059066772,-0.11436627805233002,0.3747778534889221,0.09486240148544312,-0.14660431444644928,0.3091672956943512,0.6222399473190308,-0.04922741651535034,0.2950446605682373,0.4120916426181793,-0.08788169175386429,0.28360188007354736,0.2752200663089752,-0.12411890178918839,0.27410221099853516,0.15030068159103394,-0.1491684466600418,0.2262594848871231,0.6827715039253235,-0.06857409328222275,0.19940921664237976,0.5378062129020691,-0.10607656836509705,0.17874865233898163,0.4475715756416321,-0.12344960123300552,0.16023142635822296,0.361716628074646,-0.13312135636806488
0.3294137418270111,1.0815463066101074,1.111881260840164e-06,0.4779905676841736,1.0310766696929932,-0.06349470466375351,0.5832796096801758,0.9481321573257446,-0.09529176354408264,0.6526310443878174,0.847948431968689,-0.1252124160528183,0.7227984070777893,0.7741714715957642,-0.15482454001903534,0.5106934309005737,0.6309382915496826,-0.033536072820425034,0.5454646348953247,0.447531521320343,-0.07333783060312271,0.559146523475647,0.3309400677680969,-0.11253482103347778,0.5703085064888,0.22318822145462036,-0.14261917769908905,0.41275811195373535,0.5903418064117432,-0.0357922725379467,0.41051286458969116,0.36457276344299316,-0.07025314122438431,0.4056032598018646,0.22069138288497925,-0.11251355707645416,0.4025348424911499,0.09200310707092285,-0.1437976062297821,0.3221352696418762,0.6103042960166931,-0.0458519384264946,0.31155723333358765,0.411603718996048,-0.08205214887857437,0.3045486807823181,0.2834540605545044,-0.11596927046775818,0.3008628189563751,0.1643558144569397,-0.1397707760334015,0.2390477955341339,0.6764425039291382,-0.062109529972076416,0.22161343693733215,0.550036609172821,-0.09570220112800598,0.21446046233177185,0.46984386444091797,-0.11047995835542679,0.21230867505073547,0.39267173409461975,-0.11857406795024872
0.321679949760437,1.0618531703948975,1.0337633966628346e-06,0.47165000438690186,1.0249017477035522,-0.07177846133708954,0.5817245244979858,0.9483934640884399,-0.10786498337984085,0.6516482830047607,0.8464905023574829,-0.13976654410362244,0.7243971824645996,0.766127347946167,-0.17154699563980103,0.5260026454925537,0.6266883611679077,-0.04705599322915077,0.5667177438735962,0.4451707601547241,-0.08935752511024475,0.581122875213623,0.32590967416763306,-0.1295825093984604,0.5937896966934204,0.21714460849761963,-0.1610393524169922,0.43259337544441223,0.582523763179779,-0.045688480138778687,0.4347681999206543,0.36041563749313354,-0.0834803432226181,0.4310314357280731,0.22147387266159058,-0.1274389624595642,0.4314344525337219,0.09806108474731445,-0.16012690961360931,0.3437138497829437,0.5989845991134644,-0.052061527967453,0.34001684188842773,0.3977963626384735,-0.0940924808382988,0.3366202712059021,0.27133747935295105,-0.13113972544670105,0.33825984597206116,0.15394335985183716,-0.15692093968391418,0.26132509112358093,0.6612305641174316,-0.06472723186016083,0.24701380729675293,0.5342438220977783,-0.10679344087839127,0.24534675478935242,0.46291545033454895,-0.12622539699077606,0.24943870306015015,0.39428213238716125,-0.13685722649097443
0.32933610677719116,1.0615793466567993,1.0603830560285132e-06,0.4660557508468628,1.0298594236373901,-0.08463671058416367,0.5762991309165955,0.9416849613189697,-0.12619417905807495,0.6491560339927673,0.83499675989151,-0.15968123078346252,0.724555253982544,0.7434636950492859,-0.1921260952949524,0.5336352586746216,0.6188852190971375,-0.06452261656522751,0.576038122177124,0.4391554594039917,-0.10992433875799179,0.5943911075592041,0.32184505462646484,-0.15199807286262512,0.6102637648582458,0.21439304947853088,-0.18429486453533173,0.450832337141037,0.5739639401435852,-0.05788305029273033,0.4622584283351898,0.35053953528404236,-0.0992104709148407,0.4656389057636261,0.20879939198493958,-0.14481821656227112,0.4722200036048889,0.08452022075653076,-0.17791520059108734,0.369472861289978,0.5873191356658936,-0.05953798070549965,0.3757089078426361,0.3842257559299469,-0.1055261418223381,0.38137900829315186,0.2546147108078003,-0.14604328572750092,0.39211592078208923,0.13623100519180298,-0.1738620400428772,0.2898060083389282,0.6419757008552551,-0.06817027926445007,0.29066920280456543,0.5164929628372192,-0.1142306700348854,0.3004065752029419,0.4519103169441223,-0.13664741814136505,0.3162044882774353,0.3917634189128876,-0.14924666285514832
0.3362200856208801,1.0646743774414062,1.1878109944518656e-06,0.4653300642967224,1.0210399627685547,-0.08028901368379593,0.5615700483322144,0.9265398979187012,-0.12319345772266388,0.6223803162574768,0.823229193687439,-0.15981613099575043,0.6933952569961548,0.7207263708114624,-0.19490806758403778,0.5408082008361816,0.6059975028038025,-0.05539911612868309,0.5863528847694397,0.4372221827507019,-0.09929533302783966,0.6091145873069763,0.3204782009124756,-0.14000031352043152,0.6304357051849365,0.21179670095443726,-0.1718871146440506,0.4641363322734833,0.5676587820053101,-0.05561951920390129,0.48233088850975037,0.34630799293518066,-0.09529726952314377,0.4927862882614136,0.20355826616287231,-0.13618066906929016,0.5098044276237488,0.08028668165206909,-0.16757544875144958,0.38642337918281555,0.5854698419570923,-0.06609905511140823,0.4007490575313568,0.37886518239974976,-0.11626502871513367,0.4182192087173462,0.24784588813781738,-0.15469862520694733,0.4423121213912964,0.13254505395889282,-0.18119646608829498,0.30994147062301636,0.6390416026115417,-0.08362548053264618,0.3414981961250305,0.5030890703201294,-0.1351153701543808,0.3830892741680145,0.4357244670391083,-0.15921415388584137,0.43035823106765747,0.37852439284324646,-0.1738714873790741
0.33411383628845215,1.0394307374954224,1.1146613587698084e-06,0.46196413040161133,0.9909411668777466,-0.07199715822935104,0.5611945986747742,0.8918361067771912,-0.11196868121623993,0.6204253435134888,0.7840766906738281,-0.1471312791109085,0.6725702285766602,0.6722410321235657,-0.1820962131023407,0.5427547097206116,0.6050862073898315,-0.0617099292576313,0.5920156240463257,0.4302189350128174,-0.11390194296836853,0.6189793348312378,0.31632229685783386,-0.15887773036956787,0.645986020565033,0.20827043056488037,-0.1922256350517273,0.4707415699958801,0.5670204758644104,-0.06660094857215881,0.5034120678901672,0.3454848825931549,-0.11271976679563522,0.5266450047492981,0.2017001211643219,-0.1577472984790802,0.5542842149734497,0.07333219051361084,-0.19134964048862457,0.3957056403160095,0.5836573243141174,-0.0800427570939064,0.42397287487983704,0.38449591398239136,-0.13073618710041046,0.45359548926353455,0.2637307047843933,-0.16913948953151703,0.48819518089294434,0.15525799989700317,-0.19579879939556122,0.31918078660964966,0.6394079923629761,-0.09995031356811523,0.34951555728912354,0.5237406492233276,-0.1506575047969818,0.38811564445495605,0.4600091278553009,-0.17422106862068176,0.42965275049209595,0.40047717094421387,-0.18852892518043518
0.30769670009613037,0.9964682459831238,1.0665925174180302e-06,0.43728482723236084,0.9641976356506348,-0.06725998222827911,0.5425868034362793,0.8579334020614624,-0.09855163097381592,0.5933071374893188,0.7461163401603699,-0.12547855079174042,0.6284830570220947,0.6267654895782471,-0.15149937570095062,0.5381027460098267,0.5634598135948181,-0.047262925654649734,0.5894520282745361,0.4006674289703369,-0.09116639196872711,0.6161141991615295,0.295724093914032,-0.12956401705741882,0.6411757469177246,0.19661694765090942,-0.15831370651721954,0.4686006009578705,0.5294132828712463,-0.0523214191198349,0.5115695595741272,0.3209609389305115,-0.0910627469420433,0.5390855669975281,0.18849235773086548,-0.12999239563941956,0.5687255859375,0.07114982604980469,-0.15903307497501373,0.39571189880371094,0.5503531694412231,-0.066547691822052,0.4315369129180908,0.3688216507434845,-0.11660859733819962,0.46799758076667786,0.2625037133693695,-0.15295884013175964,0.5054627060890198,0.16895049810409546,-0.17682158946990967,0.32041189074516296,0.611785888671875,-0.08688930422067642,0.3773593604564667,0.509520947933197,-0.13972267508506775,0.4313533902168274,0.47462183237075806,-0.16160063445568085,0.4796752333641052,0.446069598197937,-0.17346511781215668
0.28561174869537354,0.9673914909362793,9.141968462245131e-07,0.41414275765419006,0.9461593627929688,-0.06674469262361526,0.523127019405365,0.8316757082939148,-0.0890265628695488,0.563397228717804,0.7004654407501221,-0.1049736738204956,0.6056262254714966,0.5811042189598083,-0.11905837804079056,0.531279444694519,0.5559644103050232,-0.03510645031929016,0.5854698419570923,0.39807331562042236,-0.07129529863595963,0.6132086515426636,0.29678353667259216,-0.1030452698469162,0.6361047625541687,0.19792789220809937,-0.1273730993270874,0.46592265367507935,0.5214180946350098,-0.03561341017484665,0.5215655565261841,0.3206115961074829,-0.06833644211292267,0.5572484135627747,0.1953938603401184,-0.1029081717133522,0.5905491709709167,0.07930999994277954,-0.12865477800369263,0.3931339979171753,0.5376691818237305,-0.045821402221918106,0.4355117082595825,0.38669419288635254,-0.09644313901662827,0.4825271666049957,0.29455381631851196,-0.1339614987373352,0.5247901082038879,0.20744994282722473,-0.15695124864578247,0.31560951471328735,0.5887900590896606,-0.06172619387507439,0.3823651075363159,0.5082741975784302,-0.11677058041095734,0.43685564398765564,0.5037776231765747,-0.13864712417125702,0.4778427481651306,0.4997773766517639,-0.14940372109413147
0.2517257332801819,0.9360545873641968,7.907324857114872e-07,0.3865528404712677,0.9247099757194519,-0.05477263405919075,0.5057567954063416,0.8064473867416382,-0.06751499325037003,0.5512427091598511,0.665294349193573,-0.07613293081521988,0.5463594198226929,0.5495373010635376,-0.0833936259150505,0.5279587507247925,0.5731350183486938,-0.02046300657093525,0.5862057209014893,0.42909425497055054,-0.049942221492528915,0.6135281920433044,0.33114445209503174,-0.07717962563037872,0.6362605690956116,0.23712387681007385,-0.10007230192422867,0.4636577367782593,0.5260366201400757,-0.023833412677049637,0.5300947427749634,0.34464797377586365,-0.05565891042351723,0.5733121037483215,0.22456413507461548,-0.0898120328783989,0.61197429895401,0.11364388465881348,-0.11585552245378494,0.38849443197250366,0.5283116698265076,-0.03620178624987602,0.4274008870124817,0.38418906927108765,-0.09077969193458557,0.4794161319732666,0.3230511248111725,-0.1340368539094925,0.522379994392395,0.2708159387111664,-0.16018378734588623,0.3109700679779053,0.5632619261741638,-0.053090449422597885,0.38474124670028687,0.5046236515045166,-0.11257607489824295,0.4400406777858734,0.5259637832641602,-0.14232736825942993,0.4797362685203552,0.5470775365829468,-0.15966761112213135
0.22118079662322998,0.9171844720840454,8.44683427203563e-07,0.36008724570274353,0.9057433605194092,-0.04348066821694374,0.47846925258636475,0.7843950986862183,-0.05153597891330719,0.5439229011535645,0.6527734398841858,-0.058904197067022324,0.5754925012588501,0.5150313377380371,-0.06283306330442429,0.5031024217605591,0.5800560116767883,0.0026462117675691843,0.56770259141922,0.4458385407924652,-0.02239271067082882,0.6018655300140381,0.35562050342559814,-0.04558742791414261,0.6314652562141418,0.27220049500465393,-0.06574180722236633,0.44029325246810913,0.5266197919845581,-0.004186220467090607,0.5081612467765808,0.36193615198135376,-0.035634446889162064,0.5613936185836792,0.2572372853755951,-0.06798908859491348,0.60989910364151,0.1638229787349701,-0.09135893732309341,0.3668438196182251,0.518456220626831,-0.020725874230265617,0.42196986079216003,0.377510130405426,-0.08046581596136093,0.4829457998275757,0.3433547914028168,-0.12371749430894852,0.5320926308631897,0.31488871574401855,-0.14795665442943573,0.293729692697525,0.5482282042503357,-0.040231652557849884,0.38384467363357544,0.5382133722305298,-0.10838880389928818,0.449790894985199,0.5834804773330688,-0.14500446617603302,0.5029427409172058,0.6202608942985535,-0.1653539538383484
0.21026815474033356,0.9162166714668274,7.569333320134319e-07,0.35074934363365173,0.8876888155937195,-0.03180868923664093,0.47605714201927185,0.7554416060447693,-0.034261059015989304,0.5372070670127869,0.6330724954605103,-0.03853791207075119,0.5808791518211365,0.5143640041351318,-0.03839996084570885,0.4748932123184204,0.5447912216186523,0.01441707368940115,0.5322092175483704,0.4251515567302704,-0.01348380371928215,0.5711606740951538,0.35078346729278564,-0.04059308022260666,0.6073559522628784,0.2882319986820221,-0.06344126909971237,0.40807121992111206,0.49928221106529236,0.001984759233891964,0.4680428206920624,0.3577560484409332,-0.03241401165723801,0.5325950384140015,0.30212268233299255,-0.06422217935323715,0.5909251570701599,0.2680748403072357,-0.0875830426812172,0.33471351861953735,0.4986991584300995,-0.020026560872793198,0.4053732752799988,0.36881181597709656,-0.08685403317213058,0.47519055008888245,0.4074895977973938,-0.1260467767715454,0.5253400802612305,0.45691055059432983,-0.14482180774211884,0.26768413186073303,0.5434898734092712,-0.044065844267606735,0.36903882026672363,0.5485665202140808,-0.12036429345607758,0.4297959506511688,0.625626802444458,-0.1588161140680313,0.4714434742927551,0.6960486769676208,-0.17808665335178375
0.1936052292585373,0.8979864120483398,6.053447236809006e-07,0.32395243644714355,0.8798162341117859,-0.02731495536863804,0.45059967041015625,0.7551106810569763,-0.035385578870773315,0.5201442241668701,0.6509330868721008,-0.04776676371693611,0.5698492527008057,0.5466299653053284,-0.05353856086730957,0.4695758521556854,0.5255734324455261,0.007366139907389879,0.5163939595222473,0.39785319566726685,-0.03247480466961861,0.5599460601806641,0.3712334632873535,-0.06118082255125046,0.5893352031707764,0.38643258810043335,-0.07590791583061218,0.4032721519470215,0.48768338561058044,-0.0058969296514987946,0.44413119554519653,0.3350588083267212,-0.047478847205638885,0.5105811357498169,0.3314151465892792,-0.0705728828907013,0.5557010173797607,0.3662729263305664,-0.0796063244342804,0.3307289481163025,0.48922479152679443,-0.028300561010837555,0.4037001132965088,0.38541802763938904,-0.09569674730300903,0.4481784701347351,0.48856252431869507,-0.11421387642621994,0.4595201313495636,0.594658374786377,-0.11112294346094131,0.2652481496334076,0.5351811051368713,-0.05322805047035217,0.3624192476272583,0.5583557486534119,-0.12269452959299088,0.4025278389453888,0.6606389880180359,-0.14581091701984406,0.41332539916038513,0.7501316070556641,-0.14761093258857727
0.18836794793605804,0.8883805274963379,3.3130319820884324e-07,0.32516834139823914,0.8636441230773926,-0.022597797214984894,0.4598556160926819,0.7259502410888672,-0.027396420016884804,0.5278490781784058,0.607537567615509,-0.0392754040658474,0.5761916041374207,0.5036566257476807,-0.0444776676595211,0.46871066093444824,0.5191721320152283,0.009577817283570766,0.527398943901062,0.393402099609375,-0.04599333181977272,0.5647855997085571,0.40582984685897827,-0.08136244863271713,0.575326681137085,0.46641433238983154,-0.0934489518404007,0.39426109194755554,0.4787689745426178,-0.007457671221345663,0.44859519600868225,0.3123767375946045,-0.07000288367271423,0.49815234541893005,0.37164631485939026,-0.09686200320720673,0.5163345336914062,0.4711301326751709,-0.095543272793293,0.3194880783557892,0.475047767162323,-0.03371799737215042,0.3960588872432709,0.42696112394332886,-0.11667115241289139,0.42009666562080383,0.5768643617630005,-0.13001418113708496,0.41697099804878235,0.7004790902137756,-0.11134211719036102,0.2530725598335266,0.5125440955162048,-0.06205781176686287,0.3418024182319641,0.5666473507881165,-0.13412392139434814,0.3719029426574707,0.6925031542778015,-0.1496620625257492,0.3785763382911682,0.7868624925613403,-0.13928309082984924
0.17652030289173126,0.8842265605926514,2.6120207508029125e-07,0.31694352626800537,0.866847574710846,-0.02904057875275612,0.45160508155822754,0.741082489490509,-0.0433659553527832,0.5253172516822815,0.6234217286109924,-0.0639796257019043,0.5890625715255737,0.5296386480331421,-0.07952257245779037,0.4578663110733032,0.5260241031646729,-0.005477455910295248,0.5095970630645752,0.4005258083343506,-0.07013903558254242,0.5529577732086182,0.41279101371765137,-0.11053386330604553,0.576734185218811,0.4705572724342346,-0.12622199952602386,0.38316282629966736,0.47983473539352417,-0.022143295034766197,0.4489624798297882,0.3223329186439514,-0.09768489003181458,0.4851357936859131,0.41614046692848206,-0.12660667300224304,0.4923889935016632,0.5351549386978149,-0.12343824654817581,0.30843988060951233,0.47187215089797974,-0.047476835548877716,0.3881727457046509,0.43754035234451294,-0.1377307027578354,0.4029795229434967,0.5939883589744568,-0.14612799882888794,0.395731657743454,0.7144756317138672,-0.12232516705989838,0.23895113170146942,0.504490852355957,-0.07518523931503296,0.32090622186660767,0.5587172508239746,-0.14566126465797424,0.3469044268131256,0.6858075857162476,-0.15414904057979584,0.3514253795146942,0.7766058444976807,-0.13855330646038055
0.1713567078113556,0.8689415454864502,3.145389086967043e-07,0.3091367781162262,0.853600025177002,-0.03370025381445885,0.4433247447013855,0.7313563823699951,-0.05410705879330635,0.5220757722854614,0.6159543991088867,-0.08056456595659256,0.6030919551849365,0.5419802665710449,-0.10236631333827972,0.4360618591308594,0.5054299235343933,-0.013605513609945774,0.48667392134666443,0.37396347522735596,-0.08329545706510544,0.5321685075759888,0.3934359550476074,-0.12529602646827698,0.5619264841079712,0.4505300223827362,-0.14246228337287903,0.36226052045822144,0.4633313715457916,-0.03004045970737934,0.4484628438949585,0.3312727212905884,-0.11721479147672653,0.47785431146621704,0.4571622908115387,-0.1479387730360031,0.47627052664756775,0.5863957405090332,-0.14306990802288055,0.28807705640792847,0.45632442831993103,-0.05509364604949951,0.377821147441864,0.431621253490448,-0.15139064192771912,0.38481712341308594,0.600989043712616,-0.15268009901046753,0.37120217084884644,0.7207009792327881,-0.12177231162786484,0.2146247774362564,0.4862508773803711,-0.08271295577287674,0.3009544610977173,0.5207751393318176,-0.15239952504634857,0.3238275349140167,0.6509909629821777,-0.15205125510692596,0.3226635754108429,0.7421140670776367,-0.12932436168193817
0.18215104937553406,0.8463157415390015,2.1667861460628046e-07,0.31278014183044434,0.8229338526725769,-0.02756461873650551,0.44737961888313293,0.7094146609306335,-0.04647592082619667,0.524960994720459,0.6032901406288147,-0.07198579609394073,0.6029105186462402,0.5372961163520813,-0.09257002919912338,0.42484354972839355,0.47923097014427185,-0.009098419919610023,0.4794069528579712,0.3345244824886322,-0.07637463510036469,0.5208910703659058,0.3679366111755371,-0.11717697232961655,0.5336845517158508,0.44493982195854187,-0.13183486461639404,0.3510296940803528,0.44561007618904114,-0.025270549580454826,0.43188905715942383,0.32199913263320923,-0.10496927052736282,0.4625827372074127,0.4538394808769226,-0.1338968276977539,0.45598456263542175,0.578690767288208,-0.13034091889858246,0.2747984528541565,0.4405215382575989,-0.04950134828686714,0.35823535919189453,0.4071144163608551,-0.1349969357252121,0.3731898367404938,0.5693873763084412,-0.13505108654499054,0.3626592755317688,0.6795185208320618,-0.10755695402622223,0.19383354485034943,0.46690550446510315,-0.07561632990837097,0.27490749955177307,0.47975194454193115,-0.13490396738052368,0.30136117339134216,0.6019625663757324,-0.1298622339963913,0.301388144493103,0.6859361529350281,-0.1067219153046608
0.19178549945354462,0.8128147721290588,-1.2717090669411846e-07,0.32598578929901123,0.7684587240219116,-0.017836518585681915,0.4552854299545288,0.6362597346305847,-0.029829226434230804,0.5356053113937378,0.5367496609687805,-0.05073760449886322,0.6108232736587524,0.48207375407218933,-0.06656146794557571,0.4158802628517151,0.41764283180236816,0.0028425308410078287,0.47086814045906067,0.2735079824924469,-0.05937721207737923,0.4975253939628601,0.359521746635437,-0.0944017618894577,0.5002540946006775,0.43436217308044434,-0.10644101351499557,0.33875977993011475,0.40424755215644836,-0.01636517606675625,0.40623733401298523,0.2945352792739868,-0.08355556428432465,0.42520415782928467,0.44761693477630615,-0.10344988107681274,0.41239646077156067,0.5289682149887085,-0.10013963282108307,0.25293028354644775,0.4152464270591736,-0.04381744936108589,0.3238928020000458,0.34735107421875,-0.12082211673259735,0.3409062922000885,0.5165658593177795,-0.11095820367336273,0.3267413079738617,0.6000038981437683,-0.08192483335733414,0.1605110615491867,0.44869405031204224,-0.07211443781852722,0.2362927794456482,0.4144333600997925,-0.12556524574756622,0.2651965618133545,0.5381848812103271,-0.11133088171482086,0.25703877210617065,0.6061813831329346,-0.08491069078445435
0.17574560642242432,0.7910227179527283,-4.125660950649035e-07,0.3063652515411377,0.719541072845459,-0.0283471941947937,0.4249904155731201,0.5787237286567688,-0.05054710432887077,0.5105237364768982,0.47987237572669983,-0.07904929667711258,0.5916356444358826,0.4285969138145447,-0.09787638485431671,0.37046119570732117,0.36558568477630615,-0.01594923995435238,0.43288183212280273,0.23498132824897766,-0.08220725506544113,0.4480874538421631,0.36788830161094666,-0.10899216681718826,0.43507394194602966,0.44301116466522217,-0.11453874409198761,0.2942952513694763,0.3562501072883606,-0.0320359542965889,0.38038989901542664,0.26171377301216125,-0.10218106955289841,0.38359081745147705,0.44722306728363037,-0.11204975843429565,0.3535141944885254,0.5064682960510254,-0.10092132538557053,0.2144867181777954,0.3667072057723999,-0.057429295033216476,0.29876449704170227,0.32233017683029175,-0.13763242959976196,0.3050578832626343,0.5017085075378418,-0.11923767626285553,0.27690184116363525,0.5568975210189819,-0.08398208767175674,0.12960433959960938,0.3969384431838989,-0.08404456824064255,0.21372507512569427,0.3665037751197815,-0.13502885401248932,0.2399209439754486,0.4913598597049713,-0.11367861181497574,0.22095754742622375,0.543258547782898,-0.08265545219182968
0.17007537186145782,0.7681212425231934,-4.2433342173353594e-07,0.29503029584884644,0.6982647776603699,-0.03247735649347305,0.41199392080307007,0.5442033410072327,-0.05587517097592354,0.4926365613937378,0.4449739158153534,-0.08501887321472168,0.5713646411895752,0.3819452226161957,-0.10349246114492416,0.34802350401878357,0.30250173807144165,-0.011441627517342567,0.43371227383613586,0.2033459097146988,-0.08387275040149689,0.4475393295288086,0.33993852138519287,-0.11524440348148346,0.42739084362983704,0.4044795334339142,-0.12328530848026276,0.26991042494773865,0.2898121774196625,-0.02738213539123535,0.37782207131385803,0.23279686272144318,-0.10336112231016159,0.3793357014656067,0.4180622696876526,-0.116422638297081,0.34442785382270813,0.4594078063964844,-0.10510620474815369,0.18910165131092072,0.30827897787094116,-0.05386453866958618,0.2954622805118561,0.31318604946136475,-0.14043405652046204,0.2950340509414673,0.49696967005729675,-0.12335880845785141,0.25917235016822815,0.5334453582763672,-0.08661756664514542,0.10867300629615784,0.35311180353164673,-0.08195734024047852,0.20709162950515747,0.35399070382118225,-0.13446500897407532,0.22599811851978302,0.4801786541938782,-0.11118907481431961,0.1977355033159256,0.5176356434822083,-0.0772358700633049
0.17206457257270813,0.7581373453140259,-6.288679514909745e-07,0.2982175648212433,0.6824817657470703,-0.03567002713680267,0.39773741364479065,0.5484652519226074,-0.06781478226184845,0.4722166359424591,0.45206159353256226,-0.10578200966119766,0.5356284976005554,0.36701369285583496,-0.13263297080993652,0.3249298930168152,0.2721448540687561,-0.01950237527489662,0.4274790287017822,0.1924753338098526,-0.09145386517047882,0.43282344937324524,0.33979421854019165,-0.12163614481687546,0.4042224884033203,0.40621417760849,-0.12968266010284424,0.2480272650718689,0.2612651586532593,-0.03455830737948418,0.37310758233070374,0.23434162139892578,-0.10643689334392548,0.36793142557144165,0.4236888885498047,-0.11607244610786438,0.3279972970485687,0.45778918266296387,-0.10454712808132172,0.17450149357318878,0.28410428762435913,-0.060027122497558594,0.30071550607681274,0.30734050273895264,-0.1375122368335724,0.2926548719406128,0.48240402340888977,-0.11886091530323029,0.24968284368515015,0.510296106338501,-0.08525001257658005,0.10623551905155182,0.33649811148643494,-0.08818870782852173,0.21887502074241638,0.3499387204647064,-0.133499875664711,0.23025067150592804,0.4701062738895416,-0.11137136071920395,0.19436483085155487,0.5015113353729248,-0.08100791275501251
0.15722209215164185,0.7541214227676392,-7.524317879870068e-07,0.29601621627807617,0.6752704977989197,-0.040092337876558304,0.40108346939086914,0.5546764135360718,-0.07415437698364258,0.4715961813926697,0.45903345942497253,-0.11243347823619843,0.5008348822593689,0.35401830077171326,-0.1394369751214981,0.3149004578590393,0.2571932077407837,-0.020661495625972748,0.4375218152999878,0.21430857479572296,-0.09539056569337845,0.4331786036491394,0.363890141248703,-0.1310991793870926,0.3910585641860962,0.4246024787425995,-0.1449287086725235,0.24133051931858063,0.24310214817523956,-0.03531375899910927,0.3879181742668152,0.2367638349533081,-0.10957037657499313,0.3758230209350586,0.426137775182724,-0.12262888997793198,0.3267335295677185,0.4593457579612732,-0.1146453395485878,0.17199936509132385,0.2651372253894806,-0.06092655658721924,0.3135451674461365,0.2970818877220154,-0.13902074098587036,0.29909825325012207,0.47281816601753235,-0.12133654206991196,0.248525932431221,0.4975435137748718,-0.08995593339204788,0.10877008736133575,0.3179822564125061,-0.08979953825473785,0.23167312145233154,0.34098440408706665,-0.13368718326091766,0.23555605113506317,0.4628957211971283,-0.11116789281368256,0.1934412121772766,0.489563524723053,-0.08208876848220825
0.1506175696849823,0.7453141212463379,-6.206143439158041e-07,0.2967902421951294,0.6458354592323303,-0.03493919223546982,0.3964056968688965,0.5159043669700623,-0.06810972839593887,0.4564143419265747,0.4079967141151428,-0.10649216920137405,0.4611476957798004,0.2922324538230896,-0.13290373980998993,0.2809780538082123,0.23354557156562805,-0.015354486182332039,0.4239439368247986,0.21458368003368378,-0.09656282514333725,0.4228496849536896,0.3668014705181122,-0.1379229724407196,0.38452965021133423,0.4263961613178253,-0.1540679633617401,0.21474292874336243,0.22820106148719788,-0.03356795012950897,0.3900902271270752,0.23919722437858582,-0.11713749170303345,0.3723505139350891,0.42686134576797485,-0.1335568130016327,0.3202643096446991,0.4637758433818817,-0.12470065802335739,0.15702085196971893,0.25766006112098694,-0.06269147247076035,0.32417169213294983,0.302656352519989,-0.14622828364372253,0.30301183462142944,0.4747219979763031,-0.12935099005699158,0.25097736716270447,0.5018348693847656,-0.09508626163005829,0.10749302804470062,0.3149877190589905,-0.09487193077802658,0.24581488966941833,0.34961336851119995,-0.13919493556022644,0.2437983751296997,0.4645160436630249,-0.1167960986495018,0.19989672303199768,0.48905321955680847,-0.08623025566339493
0.13839362561702728,0.7352462410926819,-6.306538580247434e-07,0.2916877865791321,0.6228421330451965,-0.023028478026390076,0.374620258808136,0.4994237720966339,-0.058723460882902145,0.4351016879081726,0.401425302028656,-0.10104244947433472,0.45698297023773193,0.3067309856414795,-0.13026440143585205,0.22551757097244263,0.21010489761829376,-0.02717682719230652,0.40260201692581177,0.19542057812213898,-0.10487854480743408,0.40913212299346924,0.3508419394493103,-0.1374494582414627,0.368501752614975,0.4075559675693512,-0.149125874042511,0.1749083250761032,0.21951813995838165,-0.05278244987130165,0.38831430673599243,0.24922822415828705,-0.1284961700439453,0.36975035071372986,0.43255615234375,-0.13152682781219482,0.3153458535671234,0.4581691324710846,-0.1182328388094902,0.1423386186361313,0.26805222034454346,-0.08750754594802856,0.34744226932525635,0.328726202249527,-0.15917974710464478,0.3195786476135254,0.4890495538711548,-0.13408757746219635,0.2642045021057129,0.5071671605110168,-0.10120426118373871,0.12477539479732513,0.343819260597229,-0.12530498206615448,0.2824130952358246,0.3880099058151245,-0.15933990478515625,0.27316129207611084,0.49359166622161865,-0.13521873950958252,0.22936320304870605,0.5140267014503479,-0.1084025502204895
0.11591261625289917,0.7070342898368835,-5.793975788037642e-07,0.2943061292171478,0.5868581533432007,-0.01162028405815363,0.3729754388332367,0.46034568548202515,-0.04151046276092529,0.43773990869522095,0.36910587549209595,-0.07859063148498535,0.5016825795173645,0.3097284436225891,-0.10576637089252472,0.2227085679769516,0.17407211661338806,-0.027061814442276955,0.41100752353668213,0.18856851756572723,-0.09021367877721786,0.40312811732292175,0.3084236979484558,-0.12356061488389969,0.3548695743083954,0.344775915145874,-0.14587663114070892,0.18260179460048676,0.2084660679101944,-0.056763939559459686,0.4116591215133667,0.24871426820755005,-0.11713816225528717,0.3871133029460907,0.3810981512069702,-0.12339866161346436,0.335957407951355,0.3989607095718384,-0.12430989742279053,0.16330885887145996,0.2852102518081665,-0.09270994365215302,0.3817346692085266,0.35476377606391907,-0.14289440214633942,0.3504661023616791,0.46914368867874146,-0.12331750988960266,0.29512786865234375,0.4808539152145386,-0.1079012006521225,0.16086512804031372,0.3850550949573517,-0.132687509059906,0.3304895758628845,0.4429126977920532,-0.16087152063846588,0.31289559602737427,0.5191263556480408,-0.15067683160305023,0.2668081820011139,0.5220142006874084,-0.14238068461418152
0.1070837676525116,0.6789618134498596,-4.749717561480793e-07,0.26844748854637146,0.5637301206588745,-0.015599314123392105,0.35879889130592346,0.4313468933105469,-0.045073866844177246,0.43159037828445435,0.34344446659088135,-0.07794258743524551,0.49454742670059204,0.2906748056411743,-0.10077506303787231,0.21876560151576996,0.1573033332824707,-0.056889984756708145,0.42380326986312866,0.19122563302516937,-0.11223936825990677,0.3986057639122009,0.2909730076789856,-0.13906696438789368,0.3440527021884918,0.30178597569465637,-0.1587582677602768,0.19203299283981323,0.21218504011631012,-0.08088359981775284,0.43670082092285156,0.2716323137283325,-0.1338452249765396,0.3920159637928009,0.36488351225852966,-0.13534584641456604,0.33417806029319763,0.3677220642566681,-0.13920125365257263,0.18620046973228455,0.30668020248413086,-0.10797173529863358,0.4167242646217346,0.37295350432395935,-0.14926999807357788,0.36841797828674316,0.45188483595848083,-0.12993673980236053,0.31050705909729004,0.45322293043136597,-0.11981279402971268,0.19582515954971313,0.4182841181755066,-0.13842661678791046,0.3847724199295044,0.46806785464286804,-0.15981470048427582,0.34780243039131165,0.5165890455245972,-0.1503925323486328,0.2905992865562439,0.5101528763771057,-0.146249920129776
0.11187075078487396,0.6456232070922852,-2.5365795863763196e-07,0.22976958751678467,0.5279536843299866,-0.02538050152361393,0.34091782569885254,0.3965130150318146,-0.06457407027482986,0.45103949308395386,0.3181297779083252,-0.10401122272014618,0.5274680852890015,0.2891747057437897,-0.13373062014579773,0.21969559788703918,0.15333275496959686,-0.07983158528804779,0.4310939908027649,0.16692212224006653,-0.1325511336326599,0.41871538758277893,0.2725514769554138,-0.1558586210012436,0.3676155209541321,0.2945658564567566,-0.17243708670139313,0.2035987377166748,0.22287030518054962,-0.10060615092515945,0.4415615200996399,0.2623881995677948,-0.14350184798240662,0.41800838708877563,0.35722115635871887,-0.14260676503181458,0.3638337254524231,0.36357390880584717,-0.14707781374454498,0.2106866091489792,0.3265710771083832,-0.12344212085008621,0.4406627416610718,0.3746832013130188,-0.15826915204524994,0.409180223941803,0.455323189496994,-0.13663753867149353,0.3521818518638611,0.4593742787837982,-0.12597772479057312,0.23786024749279022,0.44315090775489807,-0.14976851642131805,0.4372972846031189,0.4696045517921448,-0.16502723097801208,0.4236844480037689,0.5341173410415649,-0.14700347185134888,0.3819866478443146,0.5485250949859619,-0.1369996815919876
0.1109013706445694,0.6104572415351868,-3.728979720563075e-07,0.1814543902873993,0.4717746376991272,-0.015377323143184185,0.29820525646209717,0.3392452299594879,-0.05278383940458298,0.4376610219478607,0.29285967350006104,-0.09141583740711212,0.5312328338623047,0.2975108027458191,-0.12241894751787186,0.2325800061225891,0.14042796194553375,-0.08525443077087402,0.4422144293785095,0.15727902948856354,-0.1384413093328476,0.4304780960083008,0.2614029049873352,-0.15897130966186523,0.38235166668891907,0.2844981849193573,-0.17185582220554352,0.23065413534641266,0.21942611038684845,-0.1096453070640564,0.45405471324920654,0.2678162455558777,-0.14589957892894745,0.42604926228523254,0.35842829942703247,-0.13876032829284668,0.3722500205039978,0.35653361678123474,-0.1395377218723297,0.24493148922920227,0.32651031017303467,-0.1349513977766037,0.4499714970588684,0.38677626848220825,-0.16026251018047333,0.4133012890815735,0.45715147256851196,-0.13636630773544312,0.3566571772098541,0.4482848644256592,-0.1256347894668579,0.2705816924571991,0.44154614210128784,-0.16287025809288025,0.43877318501472473,0.4845745265483856,-0.16457314789295197,0.40374457836151123,0.5397305488586426,-0.14124958217144012,0.3496139943599701,0.5393273830413818,-0.12970465421676636
0.12499189376831055,0.5910627245903015,-3.6804763681175245e-07,0.17167170345783234,0.44089943170547485,-0.008023260161280632,0.283380925655365,0.3126743733882904,-0.04468599706888199,0.4239509701728821,0.2883998155593872,-0.08288778364658356,0.5190121531486511,0.2921602427959442,-0.11323225498199463,0.23407313227653503,0.13344039022922516,-0.08098519593477249,0.4394005537033081,0.13262996077537537,-0.13113324344158173,0.42311882972717285,0.22802746295928955,-0.15000054240226746,0.3717896640300751,0.2526097893714905,-0.16073666512966156,0.24707601964473724,0.21387705206871033,-0.10633295029401779,0.4609430730342865,0.24180129170417786,-0.13901259005069733,0.43145760893821716,0.3258320391178131,-0.1315212845802307,0.3756321668624878,0.33345457911491394,-0.13097597658634186,0.2749101221561432,0.3196467459201813,-0.13147057592868805,0.45967262983322144,0.36124828457832336,-0.14866042137145996,0.42151254415512085,0.4303044080734253,-0.12119713425636292,0.3635188341140747,0.42717403173446655,-0.10932900756597519,0.31043002009391785,0.4339073896408081,-0.15856066346168518,0.4498800039291382,0.4691977798938751,-0.152860626578331,0.4073668122291565,0.5263503193855286,-0.12466197460889816,0.35388046503067017,0.5249425768852234,-0.11069636046886444
0.141647607088089,0.5738958716392517,-3.2482148526469246e-07,0.1647457778453827,0.396492063999176,-0.006002463866025209,0.25295743346214294,0.2511225640773773,-0.04217301309108734,0.3788187503814697,0.2207792103290558,-0.08018314093351364,0.47766637802124023,0.24918816983699799,-0.11112277954816818,0.2250918298959732,0.1223503053188324,-0.08291797339916229,0.4255889058113098,0.08842073380947113,-0.13473749160766602,0.41235116124153137,0.1845494657754898,-0.15509937703609467,0.36110618710517883,0.21901537477970123,-0.16553905606269836,0.25571203231811523,0.20786787569522858,-0.10868951678276062,0.4598112106323242,0.20742473006248474,-0.14005523920059204,0.4306795597076416,0.2916191518306732,-0.13171784579753876,0.3727409839630127,0.30749544501304626,-0.13008788228034973,0.29803863167762756,0.3157449960708618,-0.13380199670791626,0.46651238203048706,0.32536637783050537,-0.1444747895002365,0.42370495200157166,0.3907439410686493,-0.11189720779657364,0.36317601799964905,0.3960574269294739,-0.09733378142118454,0.3425567150115967,0.43075063824653625,-0.16105462610721588,0.4548476040363312,0.43416881561279297,-0.15018445253372192,0.4125882387161255,0.48551228642463684,-0.11698497086763382,0.36473941802978516,0.4927385449409485,-0.09922896325588226
0.15395891666412354,0.5684441328048706,-3.721655730259954e-07,0.15981349349021912,0.37158286571502686,-0.00169330183416605,0.22748404741287231,0.21567727625370026,-0.03317711502313614,0.3351634442806244,0.17154380679130554,-0.0664740651845932,0.42544957995414734,0.20275068283081055,-0.09373737871646881,0.22131794691085815,0.11254642903804779,-0.07826905697584152,0.41398438811302185,0.06314679980278015,-0.12415538728237152,0.4009641110897064,0.15028315782546997,-0.14183595776557922,0.3513425886631012,0.1832236498594284,-0.15100164711475372,0.26820045709609985,0.20974025130271912,-0.10385722666978836,0.4549095928668976,0.1882290244102478,-0.1301013082265854,0.42279568314552307,0.26195138692855835,-0.12112272530794144,0.3639262914657593,0.28214240074157715,-0.11866588890552521,0.32056036591529846,0.32305097579956055,-0.12767493724822998,0.461309015750885,0.31291380524635315,-0.13413183391094208,0.41789010167121887,0.3667141795158386,-0.10243647545576096,0.36070042848587036,0.37623292207717896,-0.08807981759309769,0.3689573407173157,0.4375357925891876,-0.15289635956287384,0.4535706341266632,0.42140787839889526,-0.13884003460407257,0.4101165533065796,0.4648895263671875,-0.10378293693065643,0.3662208914756775,0.47608107328414917,-0.08384299278259277
0.15443354845046997,0.5646144151687622,-5.184049882700492e-07,0.1556331068277359,0.365020215511322,0.00011469779565231875,0.2216881811618805,0.190189927816391,-0.02547755092382431,0.31764212250709534,0.09921285510063171,-0.05188347399234772,0.400890052318573,0.07958412170410156,-0.07173227518796921,0.22445568442344666,0.11106064915657043,-0.07656650990247726,0.4207093119621277,0.05111761391162872,-0.12090834230184555,0.4011552035808563,0.1334545761346817,-0.1347728818655014,0.34482771158218384,0.1659231185913086,-0.13951833546161652,0.2757730782032013,0.2173752635717392,-0.10042399913072586,0.461090087890625,0.1657853126525879,-0.1235659196972847,0.4264545440673828,0.23496034741401672,-0.11104297637939453,0.36485055088996887,0.26109546422958374,-0.10544008761644363,0.3310961425304413,0.33422985672950745,-0.12207953631877899,0.46452099084854126,0.29737502336502075,-0.12664127349853516,0.42142754793167114,0.3497941792011261,-0.09052961319684982,0.3651273250579834,0.36654749512672424,-0.07311262935400009,0.3791777491569519,0.4494096040725708,-0.14439621567726135,0.46081212162971497,0.4076468050479889,-0.1289646327495575,0.41790035367012024,0.4488508701324463,-0.09004481881856918,0.3746972978115082,0.4667987823486328,-0.06704431772232056
0.16507244110107422,0.5654569864273071,-4.6622395188933297e-07,0.15858125686645508,0.3561581075191498,0.00048178958240896463,0.22113102674484253,0.1764398217201233,-0.025077009573578835,0.31704989075660706,0.08742959797382355,-0.04942726343870163,0.40215545892715454,0.07442505657672882,-0.06732755899429321,0.22533169388771057,0.10811974108219147,-0.08548692613840103,0.42081987857818604,0.04246649146080017,-0.12239497900009155,0.3995150625705719,0.11302158236503601,-0.130368173122406,0.3427393436431885,0.14498744904994965,-0.13204056024551392,0.2835416793823242,0.22248804569244385,-0.10663263499736786,0.4651523232460022,0.14964810013771057,-0.12270943075418472,0.430310994386673,0.20891410112380981,-0.10557219386100769,0.3687129318714142,0.24281805753707886,-0.09789577126502991,0.342204213142395,0.3425517976284027,-0.12363473325967789,0.47047483921051025,0.28292316198349,-0.12035398185253143,0.4285029172897339,0.32924509048461914,-0.07973446696996689,0.37274816632270813,0.3537861704826355,-0.06105954945087433,0.3902757465839386,0.4557704031467438,-0.14101925492286682,0.46719563007354736,0.39415761828422546,-0.12004191428422928,0.42617934942245483,0.4329030513763428,-0.07724743336439133,0.38529741764068604,0.45806580781936646,-0.05274068936705589
0.1696329414844513,0.5754160284996033,-5.786217798231519e-07,0.15878412127494812,0.3654833436012268,0.00037818154669366777,0.22368627786636353,0.17119845747947693,-0.021976225078105927,0.32074594497680664,0.05143645405769348,-0.04188784211874008,0.40318983793258667,-0.0010203719139099121,-0.054255347698926926,0.2271193265914917,0.12739282846450806,-0.08582992106676102,0.41897720098495483,0.03972262144088745,-0.12056621164083481,0.39717864990234375,0.10377578437328339,-0.12429555505514145,0.34365150332450867,0.14060427248477936,-0.12187018990516663,0.29007047414779663,0.2416984587907791,-0.10439573228359222,0.4672248661518097,0.1439819484949112,-0.11870964616537094,0.4310539960861206,0.19996270537376404,-0.09806080907583237,0.37192773818969727,0.2374219298362732,-0.08711569756269455,0.3507423400878906,0.3577828109264374,-0.11848381161689758,0.4772286117076874,0.26925531029701233,-0.11544948071241379,0.43781551718711853,0.3153837323188782,-0.07198847085237503,0.38574331998825073,0.34713518619537354,-0.05052139610052109,0.4006979465484619,0.4641038179397583,-0.13244444131851196,0.4754626452922821,0.3769855201244354,-0.11292422562837601,0.43741416931152344,0.4143357276916504,-0.0692291110754013,0.4007222354412079,0.4446153938770294,-0.0432296060025692
0.1796032041311264,0.5879831910133362,-6.204032843015739e-07,0.1598685085773468,0.38049963116645813,0.0010645739967003465,0.21771511435508728,0.1793895959854126,-0.019998792558908463,0.31425830721855164,0.05767345428466797,-0.040156617760658264,0.39940762519836426,0.0017528533935546875,-0.052949003875255585,0.22962269186973572,0.14930258691310883,-0.07845593988895416,0.41534316539764404,0.03874720633029938,-0.11602374911308289,0.39483001828193665,0.10031287372112274,-0.12289959192276001,0.3436338007450104,0.14499469101428986,-0.1209004744887352,0.2965145409107208,0.2597084641456604,-0.09723824262619019,0.47138726711273193,0.14014120399951935,-0.1131543517112732,0.437439501285553,0.19439327716827393,-0.09338800609111786,0.3796464502811432,0.23567929863929749,-0.08179746568202972,0.35797056555747986,0.37012040615081787,-0.11247391253709793,0.4927568733692169,0.25223401188850403,-0.1135578379034996,0.45711588859558105,0.2995954155921936,-0.0700889304280281,0.4060828387737274,0.33825790882110596,-0.04637819156050682,0.40805479884147644,0.4692568778991699,-0.12732601165771484,0.49216723442077637,0.35205772519111633,-0.1119917705655098,0.45728909969329834,0.3882748782634735,-0.06788066774606705,0.41873133182525635,0.42653459310531616,-0.04002312943339348
0.18726462125778198,0.6059080362319946,-7.115974653970625e-07,0.15531738102436066,0.40786027908325195,0.007481038570404053,0.19455121457576752,0.19508545100688934,-0.007031995803117752,0.27988752722740173,0.05850738286972046,-0.020013300701975822,0.364888072013855,0.012781918048858643,-0.02546810545027256,0.23490986227989197,0.18049326539039612,-0.07996144890785217,0.41711997985839844,0.0426492840051651,-0.11067674309015274,0.39417564868927,0.09466437995433807,-0.10703761875629425,0.343311071395874,0.14607803523540497,-0.0972420945763588,0.30421578884124756,0.2857182025909424,-0.0968649610877037,0.47727489471435547,0.1358444094657898,-0.11010245233774185,0.43894821405410767,0.18224740028381348,-0.08325415849685669,0.38098058104515076,0.22791439294815063,-0.0650402083992958,0.3661027252674103,0.3871707618236542,-0.10860613733530045,0.504263162612915,0.24656493961811066,-0.10869570821523666,0.465086430311203,0.28620609641075134,-0.06420193612575531,0.41372600197792053,0.32608118653297424,-0.03834657371044159,0.4148826003074646,0.477323442697525,-0.11862517148256302,0.4982852041721344,0.34156766533851624,-0.10549268871545792,0.4634245038032532,0.3709452152252197,-0.06453369557857513,0.4259585440158844,0.4102572202682495,-0.03781231865286827
0.19348359107971191,0.6273093223571777,-7.175327141339949e-07,0.1586671769618988,0.4331969618797302,0.0040677571669220924,0.17823322117328644,0.21681559085845947,-0.014921490103006363,0.24752497673034668,0.0765862911939621,-0.033280085772275925,0.3362073600292206,0.04736170172691345,-0.043368563055992126,0.21394525468349457,0.20003585517406464,-0.08046893775463104,0.4036308825016022,0.05340681970119476,-0.11867234110832214,0.37703612446784973,0.10938027501106262,-0.1227373406291008,0.3223434388637543,0.16391952335834503,-0.11794541031122208,0.28702512383461,0.3024578392505646,-0.09864714741706848,0.4646078646183014,0.13632634282112122,-0.11834986507892609,0.429889976978302,0.18811717629432678,-0.09586555510759354,0.3698669672012329,0.24140200018882751,-0.0799931213259697,0.35476797819137573,0.3995106816291809,-0.11280455440282822,0.4940897226333618,0.24368900060653687,-0.11617403477430344,0.4582151770591736,0.2898852229118347,-0.0709240511059761,0.40308302640914917,0.3366686999797821,-0.04431573674082756,0.4115045368671417,0.48552006483078003,-0.1262923926115036,0.49322664737701416,0.34044817090034485,-0.11708427220582962,0.46051138639450073,0.3758784532546997,-0.07713482528924942,0.42032408714294434,0.4211024343967438,-0.05116285756230354
0.19276349246501923,0.621100902557373,-5.899015036447963e-07,0.15294085443019867,0.4381098747253418,-0.00025210934109054506,0.15760348737239838,0.23107172548770905,-0.025816891342401505,0.21762821078300476,0.08841632306575775,-0.049722231924533844,0.3052346706390381,0.04656228423118591,-0.0653318539261818,0.20211631059646606,0.21065431833267212,-0.09585870802402496,0.38837242126464844,0.04762043058872223,-0.13928967714309692,0.3671365976333618,0.11103375256061554,-0.14438647031784058,0.3179793357849121,0.1734360158443451,-0.13984939455986023,0.2730417549610138,0.3047432601451874,-0.11402595043182373,0.4511251449584961,0.12931782007217407,-0.1392444372177124,0.42087483406066895,0.18518006801605225,-0.11571312695741653,0.3653896749019623,0.2427762746810913,-0.09905865788459778,0.3397565186023712,0.39844220876693726,-0.12799987196922302,0.4783908724784851,0.23953717947006226,-0.13512149453163147,0.4437764585018158,0.2906424105167389,-0.0857754647731781,0.3926471173763275,0.3398691713809967,-0.05649733170866966,0.39747023582458496,0.48655158281326294,-0.1416262984275818,0.4788910150527954,0.3410457372665405,-0.13348336517810822,0.44512468576431274,0.38191187381744385,-0.09010280668735504,0.40649282932281494,0.4300723969936371,-0.06194892153143883
0.19226869940757751,0.61981201171875,-4.563016204883752e-07,0.14745551347732544,0.453988254070282,0.006677065975964069,0.14428362250328064,0.24588967859745026,-0.018729576840996742,0.1953672170639038,0.09950980544090271,-0.04550781846046448,0.2771766185760498,0.04570259153842926,-0.06432980298995972,0.18488037586212158,0.2121700495481491,-0.09890443086624146,0.36762765049934387,0.031094640493392944,-0.1469409167766571,0.3655659258365631,0.09484785795211792,-0.1509438157081604,0.32214221358299255,0.15977780520915985,-0.1433650255203247,0.24783188104629517,0.2975311875343323,-0.12325995415449142,0.441791832447052,0.09101259708404541,-0.15973524749279022,0.4254639744758606,0.15755319595336914,-0.13514873385429382,0.371015727519989,0.21800380945205688,-0.11293040215969086,0.3148930072784424,0.3863835334777832,-0.14288999140262604,0.4797053337097168,0.1984715461730957,-0.1598706692457199,0.454264372587204,0.25824129581451416,-0.10821139812469482,0.4018813967704773,0.3092235028743744,-0.07220760732889175,0.37517231702804565,0.4765116572380066,-0.1614731401205063,0.4882705807685852,0.310472309589386,-0.158721923828125,0.4624701142311096,0.35138168931007385,-0.11490970849990845,0.41867345571517944,0.400291383266449,-0.08379415422677994
0.18837371468544006,0.6299924850463867,8.141118428284244e-07,0.15989206731319427,0.4447905421257019,0.006638632621616125,0.1959059238433838,0.24710038304328918,-0.02020929753780365,0.27615872025489807,0.09566615521907806,-0.04819860681891441,0.3443754315376282,-0.009176373481750488,-0.07396089285612106,0.16743549704551697,0.19431602954864502,-0.09190201014280319,0.3367984890937805,0.03219322860240936,-0.13187843561172485,0.41953885555267334,0.01721629500389099,-0.1390773504972458,0.4622288942337036,0.03450419008731842,-0.13546687364578247,0.21545013785362244,0.28142282366752625,-0.11794844269752502,0.4044778347015381,0.08931812644004822,-0.14902792870998383,0.4849012494087219,0.07228156924247742,-0.13606494665145874,0.52127605676651,0.08074171841144562,-0.12320289760828018,0.2788337767124176,0.3788592219352722,-0.13889840245246887,0.4589042067527771,0.1937619000673294,-0.15445540845394135,0.5196683406829834,0.1661088764667511,-0.12687407433986664,0.5412725806236267,0.15788303315639496,-0.108189657330513,0.3456880748271942,0.48021960258483887,-0.158362478017807,0.4744686186313629,0.32718876004219055,-0.15293848514556885,0.49737995862960815,0.3136356472969055,-0.11898012459278107,0.49504411220550537,0.3253668248653412,-0.09436464309692383
0.18589606881141663,0.6458309888839722,1.3054353757979698e-06,0.19662471115589142,0.47993528842926025,0.002913010073825717,0.23137827217578888,0.2976834774017334,-0.02413072995841503,0.2863461375236511,0.16869759559631348,-0.05657793954014778,0.3522671163082123,0.097799152135849,-0.08960920572280884,0.1957850456237793,0.1855854094028473,-0.07068689912557602,0.35200926661491394,0.044638216495513916,-0.13021156191825867,0.45786595344543457,0.009231328964233398,-0.1620054990053177,0.5337427854537964,0.003314286470413208,-0.1785813271999359,0.2044113278388977,0.24908390641212463,-0.10422267019748688,0.3749260902404785,0.08158208429813385,-0.15676970779895782,0.48930761218070984,0.036010220646858215,-0.1721143275499344,0.5714317560195923,0.02553519606590271,-0.17842578887939453,0.2349729984998703,0.33910492062568665,-0.13724149763584137,0.397946298122406,0.16809186339378357,-0.1839195340871811,0.5085245370864868,0.1092950850725174,-0.191646009683609,0.5886550545692444,0.07140873372554779,-0.19322462379932404,0.284617155790329,0.4440418481826782,-0.1688920557498932,0.42453810572624207,0.3384798765182495,-0.19938364624977112,0.5047138333320618,0.2989113926887512,-0.19904589653015137,0.5625702738761902,0.27360624074935913,-0.19556806981563568
0.22724208235740662,0.6841273307800293,7.926728358143009e-07,0.32752349972724915,0.5536636710166931,0.004293499980121851,0.37522587180137634,0.38467925786972046,-0.0114435451105237,0.4066750705242157,0.27055624127388,-0.03601096570491791,0.45152217149734497,0.18468432128429413,-0.0660686194896698,0.30327221751213074,0.2455642819404602,-0.028789794072508812,0.3592093586921692,0.09000833332538605,-0.08691342920064926,0.42014703154563904,-0.003920495510101318,-0.1307148039340973,0.4755440354347229,-0.0657312273979187,-0.16012834012508392,0.27792394161224365,0.26301130652427673,-0.06802187860012054,0.33955952525138855,0.0808318704366684,-0.12029741704463959,0.4084146320819855,-0.0033492743968963623,-0.15842626988887787,0.4668295681476593,-0.06023359298706055,-0.18548348546028137,0.2531227171421051,0.3153071403503418,-0.10959741473197937,0.30089059472084045,0.1403806358575821,-0.16108720004558563,0.3648628294467926,0.06936848163604736,-0.18353351950645447,0.4195396900177002,0.016603469848632812,-0.19890286028385162,0.2346673309803009,0.3940470218658447,-0.15053479373455048,0.26352939009666443,0.2825666069984436,-0.19364458322525024,0.30459004640579224,0.21957099437713623,-0.20675325393676758,0.3420763909816742,0.1750698685646057,-0.21602579951286316
0.24376848340034485,0.6886209845542908,5.821697754981869e-07,0.3581070303916931,0.6104352474212646,0.008326889015734196,0.43215715885162354,0.4525375962257385,0.010939227417111397,0.4854432940483093,0.3612237274646759,0.0016092851292341948,0.513461709022522,0.3027622103691101,-0.011080206371843815,0.3655878007411957,0.24662399291992188,0.03611978515982628,0.4057886302471161,0.09797607362270355,0.00580618716776371,0.4490334987640381,0.027169734239578247,-0.026524459943175316,0.49138689041137695,-0.01877671480178833,-0.04918278381228447,0.31835612654685974,0.23677772283554077,0.0008611798984929919,0.35438817739486694,0.06260555982589722,-0.027258828282356262,0.40003088116645813,-0.03312617540359497,-0.05991137772798538,0.44261422753334045,-0.09663701057434082,-0.08228632807731628,0.26957404613494873,0.26218217611312866,-0.04066251590847969,0.2975395917892456,0.07674983143806458,-0.06947994232177734,0.3407926559448242,-0.023229867219924927,-0.09095065295696259,0.38285818696022034,-0.09833863377571106,-0.10506992787122726,0.22476452589035034,0.31477364897727966,-0.08364730328321457,0.2505435347557068,0.1565629094839096,-0.1105949655175209,0.2802903354167938,0.05697488784790039,-0.1211925745010376,0.31534841656684875,-0.0247822105884552,-0.12795668840408325
0.2724093794822693,0.7306972742080688,9.419628668183577e-07,0.3816513419151306,0.6761004328727722,-0.034655649214982986,0.4737008810043335,0.5296691656112671,-0.0518631748855114,0.5427181720733643,0.43538960814476013,-0.07220951467752457,0.5891532897949219,0.3919930160045624,-0.09392369538545609,0.41537314653396606,0.26951587200164795,-0.012725535780191422,0.461288720369339,0.11352860927581787,-0.05021735280752182,0.5019521117210388,0.023718297481536865,-0.08673432469367981,0.5435893535614014,-0.042966365814208984,-0.11268877983093262,0.34802085161209106,0.24982813000679016,-0.027117833495140076,0.3802686333656311,0.07341563701629639,-0.057969026267528534,0.42041364312171936,-0.018705666065216064,-0.08955881744623184,0.46598541736602783,-0.07374143600463867,-0.11259911954402924,0.2810329496860504,0.2688550651073456,-0.04949623718857765,0.2954719364643097,0.09434159100055695,-0.07973067462444305,0.33326464891433716,0.0028074681758880615,-0.10320340842008591,0.3808256983757019,-0.0516512393951416,-0.11978105455636978,0.21230240166187286,0.319780170917511,-0.07715694606304169,0.2095346301794052,0.17396454513072968,-0.10515046119689941,0.2399836629629135,0.09089897572994232,-0.11839333921670914,0.2867422103881836,0.037521302700042725,-0.1272565871477127
0.2819611430168152,0.7651594877243042,9.733703336678445e-07,0.4066430926322937,0.7258708477020264,-0.03852110356092453,0.5088775157928467,0.5892660021781921,-0.055294375866651535,0.5788906812667847,0.48981934785842896,-0.07411567866802216,0.6431043148040771,0.4523129463195801,-0.09404172003269196,0.45484939217567444,0.2997159957885742,-0.010614987462759018,0.5133424401283264,0.14240363240242004,-0.04863680526614189,0.5604827404022217,0.04112347960472107,-0.0869227722287178,0.6024333238601685,-0.03639751672744751,-0.1142142117023468,0.3821522295475006,0.26586759090423584,-0.02237883023917675,0.42389288544654846,0.08366429805755615,-0.05261605978012085,0.4597623944282532,-0.0242137610912323,-0.08494269102811813,0.4930882155895233,-0.10316979885101318,-0.10815731436014175,0.30796876549720764,0.27195310592651367,-0.04241735860705376,0.3295379877090454,0.08741852641105652,-0.07132907956838608,0.3583948016166687,-0.02090322971343994,-0.09378517419099808,0.39114850759506226,-0.10076633095741272,-0.10936301946640015,0.22843661904335022,0.3146154284477234,-0.06790658086538315,0.22737354040145874,0.16334687173366547,-0.0927489623427391,0.24822372198104858,0.06929415464401245,-0.10230852663516998,0.27980995178222656,-0.007009625434875488,-0.10835358500480652
0.2804609537124634,0.7921950817108154,9.961810292224982e-07,0.4126908779144287,0.75444495677948,-0.04465711489319801,0.5242596864700317,0.640311062335968,-0.0674406886100769,0.6061081886291504,0.5501748323440552,-0.0908321812748909,0.6833884716033936,0.5008687376976013,-0.11480171978473663,0.4908329248428345,0.3418467044830322,-0.024131543934345245,0.5579919815063477,0.17966893315315247,-0.06731054186820984,0.6073448657989502,0.07550093531608582,-0.1086483970284462,0.6509242057800293,-0.011923789978027344,-0.1383611112833023,0.41668012738227844,0.29160359501838684,-0.03476731851696968,0.4685748517513275,0.10246887803077698,-0.0685996487736702,0.5075265169143677,-0.013764888048171997,-0.10398875176906586,0.5407009124755859,-0.10935479402542114,-0.13022863864898682,0.33618640899658203,0.2862842381000519,-0.05345806106925011,0.36570772528648376,0.09291258454322815,-0.08640006184577942,0.39099714159965515,-0.024180889129638672,-0.11148487776517868,0.41720351576805115,-0.1192711591720581,-0.12912559509277344,0.2494533807039261,0.3192816972732544,-0.07769685983657837,0.25344178080558777,0.16187548637390137,-0.1060878336429596,0.2706986963748932,0.06197795271873474,-0.116912342607975,0.29456835985183716,-0.02468496561050415,-0.12355489283800125
0.2835642099380493,0.8039516806602478,9.889382681649295e-07,0.4203645586967468,0.7674025297164917,-0.05355968698859215,0.543094277381897,0.669321596622467,-0.08272558450698853,0.6323085427284241,0.5812530517578125,-0.11138586699962616,0.7161555290222168,0.5233711004257202,-0.14057029783725739,0.511746883392334,0.3630189299583435,-0.03485986590385437,0.580316960811615,0.20143789052963257,-0.08389551937580109,0.6285663843154907,0.09367349743843079,-0.12955830991268158,0.6712163686752319,-0.0012661516666412354,-0.16231486201286316,0.43553876876831055,0.30526378750801086,-0.045142658054828644,0.4871026873588562,0.1049598753452301,-0.08702442049980164,0.5223808884620667,-0.024966686964035034,-0.12958890199661255,0.5519354343414307,-0.13559705018997192,-0.1604301929473877,0.35363927483558655,0.29485800862312317,-0.06381049007177353,0.3877713978290558,0.09444227814674377,-0.10435017943382263,0.4143146276473999,-0.03426867723464966,-0.13616354763507843,0.4406812787055969,-0.14405065774917603,-0.15750379860401154,0.2649235725402832,0.3207640051841736,-0.08845636993646622,0.27749401330947876,0.1515854001045227,-0.12389063835144043,0.2961103320121765,0.039278775453567505,-0.1402246356010437,0.32052069902420044,-0.06250515580177307,-0.15001025795936584
0.2892186641693115,0.8132210969924927,9.081760481421952e-07,0.4321781098842621,0.7781548500061035,-0.05064759775996208,0.558107852935791,0.68068528175354,-0.07724126428365707,0.6503309607505798,0.5953091979026794,-0.10391366481781006,0.7345606088638306,0.5374299883842468,-0.13123928010463715,0.5279207825660706,0.37240657210350037,-0.031051766127347946,0.6018244028091431,0.21152344346046448,-0.07778989523649216,0.6526050567626953,0.10491138696670532,-0.12209983170032501,0.6970795392990112,0.01071101427078247,-0.15445256233215332,0.4521772563457489,0.3122829794883728,-0.042609404772520065,0.5048812627792358,0.11022526025772095,-0.08345342427492142,0.5400266647338867,-0.02017366886138916,-0.12590938806533813,0.5684233903884888,-0.13102462887763977,-0.15695960819721222,0.3702605068683624,0.3009536862373352,-0.062467437237501144,0.40719571709632874,0.09804001450538635,-0.10266929864883423,0.4335814118385315,-0.03447350859642029,-0.13596075773239136,0.4587181508541107,-0.14900705218315125,-0.15854427218437195,0.280789315700531,0.32770249247550964,-0.08803510665893555,0.2898578643798828,0.15423351526260376,-0.12580834329128265,0.3040907680988312,0.034190207719802856,-0.1451874077320099,0.32329797744750977,-0.07725539803504944,-0.15700967609882355
0.296929270029068,0.8117270469665527,9.504898343948298e-07,0.44279375672340393,0.7790599465370178,-0.05065234750509262,0.5730730891227722,0.6827423572540283,-0.0791337639093399,0.6668521165847778,0.5984704494476318,-0.10746174305677414,0.7551889419555664,0.5451402068138123,-0.13741262257099152,0.5441365838050842,0.37967947125434875,-0.04436030611395836,0.6248394846916199,0.21643200516700745,-0.09519008547067642,0.6774714589118958,0.10533207654953003,-0.13972632586956024,0.722529947757721,0.0074727535247802734,-0.17214787006378174,0.4686843752861023,0.3162520229816437,-0.05758494883775711,0.5308589935302734,0.11170357465744019,-0.1026911735534668,0.5719435214996338,-0.021318525075912476,-0.1451963484287262,0.6047155857086182,-0.13463559746742249,-0.17611759901046753,0.3852730989456177,0.3038667142391205,-0.07834665477275848,0.42389318346977234,0.09367167949676514,-0.12263510376214981,0.44989973306655884,-0.046564310789108276,-0.1574731022119522,0.4740612804889679,-0.16780170798301697,-0.18125535547733307,0.2924000024795532,0.3314371109008789,-0.10437722504138947,0.29964762926101685,0.1531316637992859,-0.14611047506332397,0.31249845027923584,0.027928054332733154,-0.16791027784347534,0.32947224378585815,-0.08874920010566711,-0.18152539432048798
0.30475693941116333,0.8115609288215637,9.879589697447955e-07,0.45195505023002625,0.7801522016525269,-0.05391329526901245,0.5842338800430298,0.6885476112365723,-0.0857279822230339,0.6792198419570923,0.6067837476730347,-0.11700703203678131,0.7700287103652954,0.5528028011322021,-0.14982888102531433,0.5588245987892151,0.380790650844574,-0.051179688423871994,0.6446029543876648,0.21592822670936584,-0.10472439974546432,0.6983213424682617,0.10188782215118408,-0.15032239258289337,0.7444949746131897,0.0010146498680114746,-0.18346761167049408,0.4824402928352356,0.3168734312057495,-0.06407690048217773,0.5488518476486206,0.11427053809165955,-0.11111466586589813,0.592845618724823,-0.019218921661376953,-0.15389452874660492,0.6290661692619324,-0.13459154963493347,-0.18535198271274567,0.3972247242927551,0.30457499623298645,-0.08478835225105286,0.4365656077861786,0.09408855438232422,-0.13041150569915771,0.46477410197257996,-0.04590499401092529,-0.16523495316505432,0.49259766936302185,-0.16858384013175964,-0.18942514061927795,0.3018389344215393,0.3312669098377228,-0.11115878075361252,0.3079316318035126,0.15304622054100037,-0.15468977391719818,0.3213200569152832,0.027663737535476685,-0.17761512100696564,0.34025681018829346,-0.09015092253684998,-0.19208110868930817
0.3128851354122162,0.8019675016403198,1.0019385854320717e-06,0.46043455600738525,0.7733631134033203,-0.05539911612868309,0.5947730541229248,0.6839962005615234,-0.08788541704416275,0.6898992657661438,0.602788507938385,-0.11949650943279266,0.7824549674987793,0.5488128662109375,-0.15256032347679138,0.5718306303024292,0.37596797943115234,-0.052904337644577026,0.6599522233009338,0.21071721613407135,-0.1065647229552269,0.7150013446807861,0.09632828831672668,-0.15211327373981476,0.7620671987533569,-0.0032859444618225098,-0.18483781814575195,0.4948519170284271,0.31210824847221375,-0.0643715187907219,0.5626657605171204,0.11066314578056335,-0.11070796847343445,0.6073479056358337,-0.022251278162002563,-0.15350209176540375,0.6437017917633057,-0.1359417736530304,-0.18533781170845032,0.4094403386116028,0.29835084080696106,-0.08370403200387955,0.44904354214668274,0.09264674782752991,-0.12787950038909912,0.4777325987815857,-0.046515315771102905,-0.16277937591075897,0.5054454207420349,-0.1682858169078827,-0.1876407116651535,0.31312981247901917,0.3218022584915161,-0.10889391601085663,0.32012641429901123,0.1458958089351654,-0.1512642204761505,0.33333027362823486,0.021286427974700928,-0.17431503534317017,0.35126596689224243,-0.09669986367225647,-0.18922805786132812
0.3180748224258423,0.7924706935882568,1.053742039403005e-06,0.46908754110336304,0.7659485340118408,-0.06264210492372513,0.6014813184738159,0.6804599761962891,-0.09956171363592148,0.6966783404350281,0.5974439978599548,-0.13449059426784515,0.7912194728851318,0.5391578674316406,-0.17096486687660217,0.5791354179382324,0.36945298314094543,-0.06228961795568466,0.6699436902999878,0.2016640454530716,-0.12106216698884964,0.726978063583374,0.08120527863502502,-0.1700216382741928,0.7752790451049805,-0.022696197032928467,-0.2052799016237259,0.5029478669166565,0.30577051639556885,-0.07208046317100525,0.5708680152893066,0.1023087203502655,-0.12498222291469574,0.6150555610656738,-0.03463667631149292,-0.17160245776176453,0.6514903903007507,-0.1499403715133667,-0.20590859651565552,0.4174042344093323,0.2932531535625458,-0.09039574861526489,0.4605889618396759,0.08730378746986389,-0.14133429527282715,0.49227336049079895,-0.055023252964019775,-0.17975503206253052,0.5235347747802734,-0.17866408824920654,-0.20657651126384735,0.3210735321044922,0.31720879673957825,-0.1149119883775711,0.3310585618019104,0.14078405499458313,-0.16427403688430786,0.34707170724868774,0.01409563422203064,-0.19163736701011658,0.3689110279083252,-0.10479885339736938,-0.20917543768882751
0.3265311121940613,0.7854663133621216,1.0602082056720974e-06,0.47809284925460815,0.7597095966339111,-0.06473412364721298,0.6101392507553101,0.6735607981681824,-0.10173355042934418,0.703305721282959,0.5882428884506226,-0.13634715974330902,0.7968004941940308,0.5302030444145203,-0.1722988486289978,0.5847072005271912,0.3596106171607971,-0.061748333275318146,0.6753775477409363,0.19158776104450226,-0.11976603418588638,0.7328304052352905,0.07372000813484192,-0.1686171591281891,0.7819185256958008,-0.027828454971313477,-0.2038850635290146,0.5083165764808655,0.2967991232872009,-0.0701410099864006,0.5744588971138,0.09160703420639038,-0.1223423033952713,0.6166892647743225,-0.04570460319519043,-0.16916489601135254,0.651390016078949,-0.1602221131324768,-0.20363016426563263,0.42280399799346924,0.2859911024570465,-0.08731426298618317,0.4643475413322449,0.07927045226097107,-0.1382017880678177,0.494968444108963,-0.06518664956092834,-0.17785970866680145,0.5249883532524109,-0.19086402654647827,-0.2054242342710495,0.32734203338623047,0.3122066259384155,-0.11077657341957092,0.3371717035770416,0.1350739300251007,-0.1605881154537201,0.35159528255462646,0.008237510919570923,-0.18885955214500427,0.37115833163261414,-0.11056596040725708,-0.20691198110580444
0.33168256282806396,0.7835355997085571,1.0383801054558717e-06,0.48627516627311707,0.758224606513977,-0.06885020434856415,0.6206343173980713,0.6713460683822632,-0.10561487078666687,0.7145063877105713,0.5838572382926941,-0.13895867764949799,0.8075269460678101,0.5228647589683533,-0.17315275967121124,0.5901303887367249,0.3602517545223236,-0.061588406562805176,0.679031252861023,0.196934774518013,-0.11834992468357086,0.7353191375732422,0.08081772923469543,-0.16714105010032654,0.7831799983978271,-0.02126401662826538,-0.20290657877922058,0.5141661763191223,0.29564639925956726,-0.0668632909655571,0.578393280506134,0.09436959028244019,-0.11759401857852936,0.622390866279602,-0.03782552480697632,-0.1636987179517746,0.6592053174972534,-0.149460107088089,-0.19816374778747559,0.42914873361587524,0.2833530306816101,-0.08156605064868927,0.46856048703193665,0.08111950755119324,-0.13143855333328247,0.5003745555877686,-0.05740436911582947,-0.1707848161458969,0.5315991640090942,-0.179930180311203,-0.19845519959926605,0.3360256850719452,0.3073549270629883,-0.10310389846563339,0.3437075614929199,0.13313233852386475,-0.15266315639019012,0.3565695285797119,0.008681535720825195,-0.18153582513332367,0.3746647834777832,-0.10943451523780823,-0.20035022497177124
0.3404851257801056,0.7845691442489624,1.0299017958459444e-06,0.49430084228515625,0.7596986293792725,-0.06571652740240097,0.6297848224639893,0.6703895330429077,-0.10219480842351913,0.7251049280166626,0.5827140808105469,-0.13604235649108887,0.8192046880722046,0.5226246118545532,-0.17078955471515656,0.5975931882858276,0.35400038957595825,-0.06208453327417374,0.6879525184631348,0.18207278847694397,-0.11875705420970917,0.7435718774795532,0.061352670192718506,-0.16683723032474518,0.7897591590881348,-0.044214099645614624,-0.20184771716594696,0.5199393630027771,0.2920299470424652,-0.06883623450994492,0.5812128186225891,0.08846694231033325,-0.1190681904554367,0.6213638782501221,-0.047271013259887695,-0.1646391600370407,0.6540089249610901,-0.16168302297592163,-0.1987086534500122,0.43472757935523987,0.281730055809021,-0.08428160846233368,0.4722672402858734,0.07976481318473816,-0.13244763016700745,0.5018536448478699,-0.0591544508934021,-0.1698896586894989,0.5308922529220581,-0.18156802654266357,-0.1964017152786255,0.3413867950439453,0.30833613872528076,-0.10632775723934174,0.3468530476093292,0.13386380672454834,-0.15404708683490753,0.3584025502204895,0.008978277444839478,-0.18104685842990875,0.374891459941864,-0.10773730278015137,-0.19818013906478882
0.35091742873191833,0.7896089553833008,9.824307198869064e-07,0.5043454170227051,0.7637149095535278,-0.0631951242685318,0.6423189640045166,0.6735795140266418,-0.09794853627681732,0.7384821772575378,0.5833591818809509,-0.13038985431194305,0.8316254615783691,0.5221699476242065,-0.16352540254592896,0.6055702567100525,0.35538187623023987,-0.05711342766880989,0.693320631980896,0.18229489028453827,-0.11063220351934433,0.7454363703727722,0.06143766641616821,-0.15644791722297668,0.7884844541549683,-0.044476449489593506,-0.18997390568256378,0.526706874370575,0.29389041662216187,-0.06401360780000687,0.5870420336723328,0.09060066938400269,-0.11081669479608536,0.6262640953063965,-0.042705029249191284,-0.15380893647670746,0.6577421426773071,-0.15574440360069275,-0.18605829775333405,0.44128715991973877,0.2835049629211426,-0.07936370372772217,0.4784367084503174,0.0823158323764801,-0.12396680563688278,0.506793200969696,-0.05313888192176819,-0.15832996368408203,0.5338258147239685,-0.1723128855228424,-0.18280959129333496,0.34862637519836426,0.31059467792510986,-0.10130733251571655,0.35188713669776917,0.13866513967514038,-0.14559000730514526,0.36233729124069214,0.01629495620727539,-0.16988062858581543,0.3767496347427368,-0.09787717461585999,-0.18503840267658234
0.3605993390083313,0.7940738797187805,1.0295472065990907e-06,0.5155938267707825,0.7676273584365845,-0.06853368878364563,0.6533727645874023,0.6784501075744629,-0.10647837817668915,0.7480879426002502,0.5856865644454956,-0.14107248187065125,0.8428553342819214,0.5226868391036987,-0.17649483680725098,0.6145179867744446,0.36050117015838623,-0.06443651765584946,0.7021746635437012,0.1864413022994995,-0.12061520665884018,0.7534623742103577,0.06405702233314514,-0.167862668633461,0.7960424423217773,-0.04288768768310547,-0.20234516263008118,0.534272313117981,0.29955989122390747,-0.06947653740644455,0.5946145057678223,0.09491512179374695,-0.11970001459121704,0.6336910128593445,-0.04027286171913147,-0.16434095799922943,0.6652157306671143,-0.15394163131713867,-0.19748537242412567,0.44766679406166077,0.29116711020469666,-0.08327789604663849,0.48428410291671753,0.08892884850502014,-0.13136054575443268,0.5128716230392456,-0.04769673943519592,-0.16752637922763824,0.5406258702278137,-0.16741186380386353,-0.19291448593139648,0.3545086979866028,0.32024961709976196,-0.1039082333445549,0.3583155870437622,0.1502939760684967,-0.15160317718982697,0.36845362186431885,0.027804970741271973,-0.17800509929656982,0.38267505168914795,-0.08688300848007202,-0.1944025456905365
0.37279802560806274,0.8026584386825562,9.918369414663175e-07,0.524423360824585,0.7744564414024353,-0.0673232302069664,0.6623350977897644,0.6810898780822754,-0.10392733663320541,0.7584141492843628,0.5824055671691895,-0.1374586820602417,0.8511078953742981,0.5123507976531982,-0.17158494889736176,0.6221998929977417,0.3682994544506073,-0.06117098405957222,0.7088068127632141,0.1953079253435135,-0.11572878807783127,0.7590508460998535,0.07358962297439575,-0.16163574159145355,0.8012250661849976,-0.03234142065048218,-0.1953011453151703,0.5416908264160156,0.30778247117996216,-0.0666220486164093,0.6019647121429443,0.10327696800231934,-0.11519838124513626,0.641499400138855,-0.032897889614105225,-0.15854597091674805,0.6734057664871216,-0.14845913648605347,-0.19085253775119781,0.4555063843727112,0.29986485838890076,-0.08091749995946884,0.49259376525878906,0.09709674119949341,-0.12761731445789337,0.5209994316101074,-0.03992745280265808,-0.16293327510356903,0.5480601787567139,-0.1596848964691162,-0.1877940446138382,0.36301547288894653,0.3303242027759552,-0.10207701474428177,0.3643447756767273,0.1614343672990799,-0.1491917073726654,0.37202709913253784,0.03839430212974548,-0.1755906492471695,0.3825996220111847,-0.07634413242340088,-0.19191893935203552
0.38065850734710693,0.8094735145568848,1.0047695013781777e-06,0.5314005017280579,0.7791635990142822,-0.07081929594278336,0.6661323308944702,0.6823979020118713,-0.10894132405519485,0.7577667236328125,0.5770171880722046,-0.1429263949394226,0.845244288444519,0.49496886134147644,-0.17723914980888367,0.6285865306854248,0.37727460265159607,-0.06657849997282028,0.7143264412879944,0.2037365883588791,-0.12330067157745361,0.7645461559295654,0.08139535784721375,-0.1699855923652649,0.8067775964736938,-0.024478226900100708,-0.20391304790973663,0.5477603077888489,0.31681421399116516,-0.070451520383358,0.6080414056777954,0.1128695011138916,-0.12122806161642075,0.6476132273674011,-0.022513508796691895,-0.16516762971878052,0.6802452802658081,-0.1376105546951294,-0.1976630985736847,0.4611615240573883,0.30900633335113525,-0.08345314860343933,0.49780938029289246,0.10758224129676819,-0.13198743760585785,0.5260832905769348,-0.030036598443984985,-0.16820243000984192,0.554072916507721,-0.1509946584701538,-0.19371861219406128,0.3688671290874481,0.33985835313796997,-0.10347435623407364,0.3689943552017212,0.17382286489009857,-0.15199658274650574,0.3756271004676819,0.05075457692146301,-0.17964662611484528,0.3857739567756653,-0.06496948003768921,-0.1970110833644867
0.39104869961738586,0.8167425990104675,9.849313755694311e-07,0.5404635667800903,0.7834892272949219,-0.07110510021448135,0.6753562688827515,0.6867941617965698,-0.10871220380067825,0.7618250846862793,0.5745550394058228,-0.14176741242408752,0.845670223236084,0.486879825592041,-0.17494376003742218,0.6341952681541443,0.38571691513061523,-0.06607308238744736,0.7153682708740234,0.2132100611925125,-0.12232011556625366,0.7632201910018921,0.09227538108825684,-0.1686401069164276,0.8041876554489136,-0.012883782386779785,-0.20219995081424713,0.5522559285163879,0.3259776830673218,-0.06976215541362762,0.6110645532608032,0.12189039587974548,-0.11989811062812805,0.6497130393981934,-0.013081729412078857,-0.16358084976673126,0.6821497678756714,-0.12963205575942993,-0.19583195447921753,0.46543508768081665,0.31907540559768677,-0.08250562101602554,0.5025349259376526,0.11802050471305847,-0.13081145286560059,0.530452311038971,-0.019145965576171875,-0.16683034598827362,0.5582530498504639,-0.14069777727127075,-0.19213053584098816,0.3725309371948242,0.3514035940170288,-0.1021990105509758,0.37173154950141907,0.18685027956962585,-0.15045711398124695,0.3782968521118164,0.06570872664451599,-0.17755535244941711,0.38854700326919556,-0.04924267530441284,-0.19443504512310028
0.4036710262298584,0.8190242052078247,1.000125280370412e-06,0.5557060837745667,0.781700849533081,-0.0674591213464737,0.6893665194511414,0.684136688709259,-0.10188064724206924,0.773594856262207,0.5715121030807495,-0.13241425156593323,0.8545889258384705,0.48290711641311646,-0.1628199815750122,0.6388929486274719,0.3852195739746094,-0.056619733572006226,0.7153670191764832,0.21420252323150635,-0.10807006061077118,0.759933590888977,0.09937629103660583,-0.15116210281848907,0.7983599901199341,0.00016802549362182617,-0.18212535977363586,0.556983232498169,0.3307656943798065,-0.0598534494638443,0.6144725680351257,0.12864360213279724,-0.10301807522773743,0.6528676748275757,-0.0013463199138641357,-0.1429787278175354,0.6850939393043518,-0.1130416989326477,-0.1726907640695572,0.4712040424346924,0.32909584045410156,-0.0718582421541214,0.5093429088592529,0.1315898299217224,-0.11418873071670532,0.5354132056236267,0.003123342990875244,-0.1472308188676834,0.5616903901100159,-0.11074584722518921,-0.17110124230384827,0.3799703121185303,0.36754393577575684,-0.0905110165476799,0.37987589836120605,0.2202245146036148,-0.13312281668186188,0.38658836483955383,0.11646899580955505,-0.1559954732656479,0.39536619186401367,0.017982006072998047,-0.17017319798469543
0.4109325706958771,0.8167120814323425,1.0414845519335358e-06,0.5638310313224792,0.780964732170105,-0.06988890469074249,0.6986886262893677,0.6788051724433899,-0.1045461893081665,0.7863578200340271,0.5673491954803467,-0.13465991616249084,0.8708299398422241,0.48637276887893677,-0.16457006335258484,0.644080638885498,0.3828284740447998,-0.05988015606999397,0.7225179672241211,0.20934830605983734,-0.10988402366638184,0.7677707672119141,0.09342199563980103,-0.15181051194667816,0.8055723905563354,-0.00637662410736084,-0.18187551200389862,0.560865044593811,0.33316120505332947,-0.06061697006225586,0.6166391372680664,0.1346624195575714,-0.10190398246049881,0.6529515385627747,0.0049010515213012695,-0.13939636945724487,0.6828368306159973,-0.10512426495552063,-0.16728095710277557,0.47512829303741455,0.33277013897895813,-0.07011085003614426,0.5155239105224609,0.13892027735710144,-0.11004617810249329,0.5423585176467896,0.014450699090957642,-0.1401616483926773,0.5691591501235962,-0.09501239657402039,-0.16209951043128967,0.38347071409225464,0.3711896538734436,-0.08666612207889557,0.3818208575248718,0.22761094570159912,-0.12749630212783813,0.3861851692199707,0.12749561667442322,-0.1484098732471466,0.3928676247596741,0.03361240029335022,-0.16094325482845306
0.4153817296028137,0.8111086487770081,1.0850274065887788e-06,0.5683704614639282,0.7755319476127625,-0.06875920295715332,0.7032418251037598,0.670798659324646,-0.10124458372592926,0.794029712677002,0.5620176196098328,-0.1294565349817276,0.8784990310668945,0.48250672221183777,-0.1571042537689209,0.6454594731330872,0.37564635276794434,-0.05323878303170204,0.7233045697212219,0.20098775625228882,-0.09890343993902206,0.7676432132720947,0.08378508687019348,-0.13789156079292297,0.8048631548881531,-0.016103267669677734,-0.16619107127189636,0.5603019595146179,0.32614052295684814,-0.052558716386556625,0.6125317811965942,0.1299692690372467,-0.08999130874872208,0.6449193358421326,0.0011584460735321045,-0.12499070167541504,0.6708135604858398,-0.10449829697608948,-0.15083494782447815,0.473280131816864,0.3259492516517639,-0.060720060020685196,0.5069624185562134,0.13584041595458984,-0.09697390347719193,0.5300812721252441,0.01278945803642273,-0.12413492053747177,0.554743230342865,-0.09375497698783875,-0.1439688801765442,0.38172248005867004,0.36583173274993896,-0.07613227516412735,0.37908220291137695,0.22680805623531342,-0.11344372481107712,0.3824557065963745,0.12898623943328857,-0.13179469108581543,0.39073777198791504,0.036934733390808105,-0.1424124389886856
0.4234151244163513,0.8036335706710815,1.0648243460309459e-06,0.5711050033569336,0.7660677433013916,-0.06570618599653244,0.7016000151634216,0.6578388810157776,-0.09803613275289536,0.7928599715232849,0.550862193107605,-0.12649331986904144,0.8762673139572144,0.47425803542137146,-0.15490776300430298,0.6441362500190735,0.36483854055404663,-0.057509373873472214,0.7190600633621216,0.18738773465156555,-0.10412804037332535,0.760427713394165,0.0688101053237915,-0.14290763437747955,0.7950435876846313,-0.031953275203704834,-0.17095918953418732,0.559450089931488,0.3147038519382477,-0.0585327185690403,0.6082960367202759,0.11254611611366272,-0.09644249826669693,0.6378418207168579,-0.017188817262649536,-0.13052798807621002,0.6614372730255127,-0.12270596623420715,-0.15565966069698334,0.4726097583770752,0.3156692683696747,-0.067763552069664,0.4965217709541321,0.11994600296020508,-0.10349267721176147,0.5124988555908203,-0.008273512125015259,-0.1309274137020111,0.5313028693199158,-0.11851850152015686,-0.1513669341802597,0.381754994392395,0.35887688398361206,-0.08391402661800385,0.36949336528778076,0.21792230010032654,-0.12024159729480743,0.36593568325042725,0.11760634183883667,-0.13893172144889832,0.368580162525177,0.0232621431350708,-0.15014341473579407
0.418891966342926,0.8020210862159729,9.365791129312129e-07,0.5629706382751465,0.7544875144958496,-0.05736049264669418,0.6912254691123962,0.642669677734375,-0.08840671181678772,0.7808247804641724,0.5411702394485474,-0.11765401810407639,0.864563524723053,0.4698490500450134,-0.14762619137763977,0.6335910558700562,0.3511233329772949,-0.05162496119737625,0.7045761346817017,0.1726362705230713,-0.09948911517858505,0.7449864149093628,0.0526411235332489,-0.1401827335357666,0.7784949541091919,-0.048215627670288086,-0.16995972394943237,0.5522688031196594,0.30477720499038696,-0.05912218615412712,0.5945509076118469,0.09803199768066406,-0.099996417760849,0.6228827238082886,-0.03363105654716492,-0.13731695711612701,0.6451734900474548,-0.14008378982543945,-0.1651880443096161,0.46850743889808655,0.3083515167236328,-0.07453294843435287,0.48504066467285156,0.10729971528053284,-0.11403094232082367,0.4993096590042114,-0.027758479118347168,-0.1448705941438675,0.5160008668899536,-0.14347326755523682,-0.16727739572525024,0.3809124827384949,0.35293522477149963,-0.09600824862718582,0.3622206449508667,0.19265446066856384,-0.13636662065982819,0.3554895520210266,0.0772402286529541,-0.15820232033729553,0.3550364673137665,-0.03037017583847046,-0.1717178225517273
0.403089702129364,0.8044646978378296,8.508333166901139e-07,0.5489137768745422,0.7511023283004761,-0.05602805316448212,0.6755240559577942,0.6389074921607971,-0.08632984012365341,0.7636224031448364,0.5360123515129089,-0.11541614681482315,0.8450684547424316,0.4632352590560913,-0.14541520178318024,0.6190958619117737,0.35055917501449585,-0.04706769436597824,0.6872686147689819,0.17630356550216675,-0.09504412859678268,0.7268836498260498,0.05824214220046997,-0.13656464219093323,0.7610368132591248,-0.0415930449962616,-0.1677871197462082,0.5413995981216431,0.30278006196022034,-0.05587136745452881,0.5795885920524597,0.09914112091064453,-0.09811685979366302,0.6073727011680603,-0.030701279640197754,-0.13701985776424408,0.6307957172393799,-0.1378791630268097,-0.16642196476459503,0.46046769618988037,0.3066710829734802,-0.07309333980083466,0.4719054102897644,0.10868459939956665,-0.11512221395969391,0.4866882860660553,-0.025753289461135864,-0.14838331937789917,0.5048460960388184,-0.14334532618522644,-0.17264167964458466,0.37643128633499146,0.3518349826335907,-0.09624356031417847,0.35081011056900024,0.1936018019914627,-0.1392059177160263,0.3418489396572113,0.07959899306297302,-0.16330625116825104,0.33998483419418335,-0.028610706329345703,-0.17887310683727264
0.38751763105392456,0.8087546825408936,8.062422693910776e-07,0.5309771299362183,0.7560864090919495,-0.05239270627498627,0.6568869948387146,0.6432201862335205,-0.07989735156297684,0.7432639002799988,0.5414116382598877,-0.10688670724630356,0.8226855993270874,0.46975547075271606,-0.13458366692066193,0.6043063402175903,0.3563089370727539,-0.04095667973160744,0.6758750677108765,0.18252074718475342,-0.08716817200183868,0.7169350981712341,0.06512060761451721,-0.12751542031764984,0.7524955868721008,-0.03437933325767517,-0.15798522531986237,0.5301733016967773,0.3094724416732788,-0.05080806091427803,0.5706132054328918,0.10762408375740051,-0.09140319377183914,0.5999441146850586,-0.02214229106903076,-0.1296103447675705,0.6248407363891602,-0.13081595301628113,-0.15851926803588867,0.4523024559020996,0.3125278949737549,-0.06886918842792511,0.4666197896003723,0.11471027135848999,-0.10951023548841476,0.4830406904220581,-0.01840832829475403,-0.14198121428489685,0.5024948120117188,-0.1355516016483307,-0.16576799750328064,0.3705047369003296,0.3566211760044098,-0.09263709932565689,0.3432290256023407,0.20374718308448792,-0.13492351770401,0.3347468376159668,0.09097263216972351,-0.15853869915008545,0.3334999084472656,-0.01638871431350708,-0.17366643249988556
0.3676844835281372,0.8151642084121704,7.993986628207495e-07,0.5119217038154602,0.7664030194282532,-0.05320129916071892,0.6396419405937195,0.6557676196098328,-0.07948204129934311,0.7269346117973328,0.5546796321868896,-0.10489873588085175,0.8053004145622253,0.48337361216545105,-0.13071735203266144,0.5898416638374329,0.36941295862197876,-0.03843940794467926,0.6659142971038818,0.19943173229694366,-0.08333103358745575,0.7092869281768799,0.08389079570770264,-0.12354592978954315,0.7460039854049683,-0.014895379543304443,-0.15419186651706696,0.5169949531555176,0.3220384418964386,-0.047860510647296906,0.5613018870353699,0.12018749117851257,-0.08759944140911102,0.5908401012420654,-0.011211276054382324,-0.1264217346906662,0.615035355091095,-0.12182435393333435,-0.15602163970470428,0.4400523900985718,0.3235786557197571,-0.06563113629817963,0.46421998739242554,0.12554898858070374,-0.10637061297893524,0.4831257462501526,-0.006663620471954346,-0.14011618494987488,0.5035107731819153,-0.12259474396705627,-0.16480763256549835,0.3571876287460327,0.3649137616157532,-0.08912674337625504,0.3346094489097595,0.2155807912349701,-0.132212296128273,0.32761532068252563,0.10288074612617493,-0.1569221019744873,0.3275516629219055,-0.004357844591140747,-0.17284651100635529
0.3552471101284027,0.8244883418083191,8.085478953034908e-07,0.4985990524291992,0.7776856422424316,-0.0518595352768898,0.6272178292274475,0.6683123111724854,-0.07607955485582352,0.7139467000961304,0.5674875378608704,-0.0996452197432518,0.7912506461143494,0.4973663091659546,-0.12343750149011612,0.5766847133636475,0.3831222355365753,-0.03329230099916458,0.6517877578735352,0.21587876975536346,-0.07564929872751236,0.6957188248634338,0.10095342993736267,-0.11448448896408081,0.7332055568695068,0.003005295991897583,-0.1440196931362152,0.5031436085700989,0.3330162465572357,-0.04274039342999458,0.5496225357055664,0.1299649178981781,-0.07969529181718826,0.5809656977653503,-0.001180022954940796,-0.11713366210460663,0.6070003509521484,-0.11103379726409912,-0.14570412039756775,0.425797700881958,0.331419438123703,-0.06055283173918724,0.4545001685619354,0.13420146703720093,-0.09868798404932022,0.47560006380081177,0.001287907361984253,-0.1314205527305603,0.49744948744773865,-0.11501890420913696,-0.15550638735294342,0.3417792022228241,0.3694341778755188,-0.08414137363433838,0.3245089650154114,0.2179850935935974,-0.12433832883834839,0.32130587100982666,0.1050574779510498,-0.14720873534679413,0.3246946930885315,-0.002703726291656494,-0.16209661960601807
0.34152451157569885,0.8361216187477112,8.289688935292361e-07,0.4857608675956726,0.7915940284729004,-0.05156439542770386,0.6140149831771851,0.6836476922035217,-0.07551787048578262,0.7027167677879333,0.5841423273086548,-0.09887359291315079,0.7811901569366455,0.5133267641067505,-0.12191567569971085,0.5670651793479919,0.39804500341415405,-0.02713778242468834,0.6404203176498413,0.23936578631401062,-0.06758014857769012,0.6820250153541565,0.1297735571861267,-0.10565629601478577,0.7170760035514832,0.03608405590057373,-0.1345195323228836,0.4933434724807739,0.3447524309158325,-0.03640521690249443,0.5438409447669983,0.141795814037323,-0.07051092386245728,0.5787014365196228,0.013726949691772461,-0.10582408308982849,0.6081451773643494,-0.09304758906364441,-0.13276121020317078,0.41475069522857666,0.340901643037796,-0.05450021103024483,0.4473213255405426,0.14511606097221375,-0.09059946984052658,0.4730488657951355,0.018105238676071167,-0.12112198024988174,0.49985697865486145,-0.09164902567863464,-0.143458291888237,0.32911989092826843,0.3771705627441406,-0.07848867774009705,0.3166532516479492,0.22792895138263702,-0.11598388850688934,0.317557692527771,0.11977881193161011,-0.1362249255180359,0.3250148296356201,0.0170590877532959,-0.14937350153923035
0.3338800072669983,0.8455735445022583,8.429443028035166e-07,0.47958624362945557,0.8037149906158447,-0.05207304283976555,0.6108603477478027,0.693313479423523,-0.0743471309542656,0.6967657804489136,0.5891832113265991,-0.09577023237943649,0.7753479480743408,0.5187117457389832,-0.11687436699867249,0.5622909665107727,0.40711015462875366,-0.025309942662715912,0.6355605125427246,0.24841466546058655,-0.06407025456428528,0.6772486567497253,0.13853949308395386,-0.10063715279102325,0.7127813100814819,0.04507198929786682,-0.12853501737117767,0.48636025190353394,0.353204607963562,-0.0336339995265007,0.5371527075767517,0.14818134903907776,-0.06680352240800858,0.5748575925827026,0.02026692032814026,-0.10147996246814728,0.6071866154670715,-0.08575209975242615,-0.12782786786556244,0.40646159648895264,0.34905436635017395,-0.05094340071082115,0.43734097480773926,0.1511164903640747,-0.08702141046524048,0.4635384678840637,0.02274179458618164,-0.11837923526763916,0.49073562026023865,-0.08848068118095398,-0.14098721742630005,0.3205510079860687,0.3847827613353729,-0.07411609590053558,0.30984848737716675,0.23213274776935577,-0.11242932826280594,0.3110543489456177,0.12205043435096741,-0.13404668867588043,0.3187316656112671,0.016194820404052734,-0.14801369607448578
0.3311333656311035,0.8534055948257446,8.657757462060545e-07,0.4801787734031677,0.8110495805740356,-0.05395844951272011,0.6104153990745544,0.6990794539451599,-0.07620883733034134,0.6969177722930908,0.5896573066711426,-0.09707662463188171,0.7789140939712524,0.5150891542434692,-0.11760642379522324,0.5602417588233948,0.41046270728111267,-0.023619988933205605,0.6311437487602234,0.2506669759750366,-0.06067553535103798,0.6705702543258667,0.1401272714138031,-0.09640814363956451,0.7044317722320557,0.04514226317405701,-0.12417928129434586,0.48248860239982605,0.35513919591903687,-0.03049609437584877,0.5317590832710266,0.1493712067604065,-0.06258793920278549,0.5683955550193787,0.019942134618759155,-0.09752131998538971,0.5993990898132324,-0.08793222904205322,-0.12412744015455246,0.4006950259208679,0.35134559869766235,-0.0467025451362133,0.42883601784706116,0.15000498294830322,-0.0829506367444992,0.45277276635169983,0.014955848455429077,-0.11612439155578613,0.4785288870334625,-0.10348498821258545,-0.13999800384044647,0.3138442039489746,0.3876885771751404,-0.06878088414669037,0.3023378849029541,0.22964608669281006,-0.10837408900260925,0.3039802610874176,0.1166873574256897,-0.13175508379936218,0.3137497007846832,0.007561385631561279,-0.14692069590091705
0.33857738971710205,0.8585807085037231,8.645248499306035e-07,0.4875005781650543,0.8135288953781128,-0.05675078183412552,0.6173880696296692,0.6968525052070618,-0.08020048588514328,0.704675018787384,0.5830713510513306,-0.10170690715312958,0.7864960432052612,0.500443160533905,-0.1226019486784935,0.5636107921600342,0.4057258367538452,-0.025749361142516136,0.6306354403495789,0.24457113444805145,-0.063468337059021,0.668012797832489,0.13321641087532043,-0.10025385767221451,0.7002905607223511,0.03576299548149109,-0.12891672551631927,0.48284581303596497,0.35149791836738586,-0.031158799305558205,0.5267587900161743,0.14580023288726807,-0.06330843269824982,0.5607911348342896,0.016129910945892334,-0.09889257699251175,0.5896775722503662,-0.09417855739593506,-0.1262759417295456,0.3999638557434082,0.3499903678894043,-0.04600593447685242,0.42312026023864746,0.1502404510974884,-0.08187723159790039,0.4445417821407318,0.014793306589126587,-0.11468452215194702,0.46790453791618347,-0.10548359155654907,-0.13856786489486694,0.3146281838417053,0.3890726864337921,-0.06709485501050949,0.3012238144874573,0.23174256086349487,-0.10623100399971008,0.30113494396209717,0.11885887384414673,-0.1292986422777176,0.30822330713272095,0.009437739849090576,-0.14429228007793427
0.35490214824676514,0.8619784712791443,9.029736816046352e-07,0.5057159662246704,0.8175673484802246,-0.06325478851795197,0.6346940994262695,0.6988518238067627,-0.09013660252094269,0.7180002927780151,0.5764433145523071,-0.1137157455086708,0.7990450859069824,0.4884132742881775,-0.13669633865356445,0.5729089379310608,0.3997580111026764,-0.036952193826436996,0.6388692259788513,0.2292596697807312,-0.0790659636259079,0.674435019493103,0.11167681217193604,-0.11825808137655258,0.7044444680213928,0.008519083261489868,-0.14800705015659332,0.4893324077129364,0.3486410975456238,-0.039062727242708206,0.530297577381134,0.14191070199012756,-0.07560315728187561,0.5593393445014954,0.007577687501907349,-0.11364006251096725,0.5834240913391113,-0.107485830783844,-0.14231817424297333,0.40523761510849,0.34948351979255676,-0.05046066641807556,0.4263879656791687,0.14955735206604004,-0.08872468024492264,0.44393375515937805,0.015182554721832275,-0.12164636701345444,0.46291297674179077,-0.10380470752716064,-0.14510618150234222,0.3194618821144104,0.3906913101673126,-0.0685473307967186,0.30873680114746094,0.23439744114875793,-0.10879203677177429,0.30893489718437195,0.12183329463005066,-0.13211381435394287,0.3149285316467285,0.013776957988739014,-0.14671047031879425
0.3816564679145813,0.8671321868896484,9.833906915446278e-07,0.533318817615509,0.8190638422966003,-0.07300280779600143,0.6611424684524536,0.7024103999137878,-0.10724732279777527,0.7384305000305176,0.5770477056503296,-0.1365695744752884,0.8205832839012146,0.4871206283569336,-0.16523835062980652,0.5895240902900696,0.3928768038749695,-0.05418674647808075,0.6517572999000549,0.2027212530374527,-0.10219693928956985,0.6831324696540833,0.07109346985816956,-0.14400599896907806,0.7099215984344482,-0.04313391447067261,-0.1750348061323166,0.5021874904632568,0.3469621241092682,-0.05285303667187691,0.537689745426178,0.13704922795295715,-0.09499911218881607,0.5591613054275513,-0.004514962434768677,-0.13545982539653778,0.5769314765930176,-0.12579965591430664,-0.16549743711948395,0.4164568781852722,0.3522282540798187,-0.0607847161591053,0.433576762676239,0.15071973204612732,-0.10231153666973114,0.4455072283744812,0.015003323554992676,-0.13473312556743622,0.4595445990562439,-0.10521912574768066,-0.15751859545707703,0.3294582962989807,0.3983626961708069,-0.07616256177425385,0.3170875906944275,0.2409900575876236,-0.11841358989477158,0.31477558612823486,0.12809789180755615,-0.14142367243766785,0.3179760277271271,0.020546793937683105,-0.1551179438829422
0.4173243045806885,0.8891242742538452,1.0562006309555727e-06,0.5719723701477051,0.8377246856689453,-0.07665594667196274,0.6935850381851196,0.7209417223930359,-0.11521028727293015,0.7701037526130676,0.5954346656799316,-0.1484033614397049,0.8556767702102661,0.500668466091156,-0.18109722435474396,0.6111790537834167,0.39911261200904846,-0.059855785220861435,0.6679542064666748,0.20374369621276855,-0.11011410504579544,0.6968188285827637,0.07155615091323853,-0.15355587005615234,0.7213247418403625,-0.04270637035369873,-0.18544413149356842,0.5198604464530945,0.35591113567352295,-0.0578080452978611,0.5518918037414551,0.14024588465690613,-0.10060925781726837,0.57254558801651,-0.00015610456466674805,-0.14100144803524017,0.5891892313957214,-0.11905375123023987,-0.17085468769073486,0.43024179339408875,0.365762859582901,-0.0651346817612648,0.44328969717025757,0.15917646884918213,-0.10688839852809906,0.45288795232772827,0.023015707731246948,-0.13895931839942932,0.46503564715385437,-0.0966474711894989,-0.16166406869888306,0.3412683606147766,0.4181152880191803,-0.08005817234516144,0.3259165287017822,0.26127904653549194,-0.1222226470708847,0.3214607834815979,0.1505117416381836,-0.1441964954137802,0.3215947151184082,0.046863704919815063,-0.15713293850421906
0.4479061961174011,0.9120779037475586,1.107486241380684e-06,0.6070531606674194,0.8646998405456543,-0.07473966479301453,0.731539249420166,0.742811381816864,-0.11241698265075684,0.8119577169418335,0.6201432943344116,-0.14514969289302826,0.8972097635269165,0.5341043472290039,-0.17761054635047913,0.6394453048706055,0.406381756067276,-0.06113292649388313,0.6924280524253845,0.2058495730161667,-0.11258996278047562,0.7213563919067383,0.07160845398902893,-0.1565438061952591,0.7454103231430054,-0.04206016659736633,-0.18792344629764557,0.5431683659553528,0.36582404375076294,-0.06057596579194069,0.5708039402961731,0.13953429460525513,-0.102145254611969,0.5881586670875549,-0.0015351474285125732,-0.14078304171562195,0.6026085019111633,-0.11879190802574158,-0.1689312607049942,0.4497453570365906,0.37813329696655273,-0.06889083236455917,0.45916983485221863,0.16624313592910767,-0.10835302621126175,0.4652441740036011,0.031155943870544434,-0.1375158131122589,0.47442004084587097,-0.08422985672950745,-0.15776316821575165,0.35763728618621826,0.4357001781463623,-0.08498136699199677,0.33767008781433105,0.27540719509124756,-0.12355438619852066,0.32842010259628296,0.16642016172409058,-0.14152610301971436,0.3246420919895172,0.06690734624862671,-0.1513369232416153
0.478663831949234,0.9344495534896851,1.086347197087889e-06,0.6405238509178162,0.8878840804100037,-0.07442464679479599,0.7646744847297668,0.7706458568572998,-0.11833635717630386,0.8501784801483154,0.6535976529121399,-0.15813115239143372,0.9387332797050476,0.5683078169822693,-0.19915218651294708,0.6707099080085754,0.43089842796325684,-0.0794491395354271,0.720231294631958,0.21983842551708221,-0.13849616050720215,0.7468741536140442,0.08085286617279053,-0.18586190044879913,0.7684651613235474,-0.03930383920669556,-0.2195105105638504,0.5717437267303467,0.39235931634902954,-0.08343670517206192,0.5962446331977844,0.158564954996109,-0.13151179254055023,0.6132847666740417,0.012751221656799316,-0.17320898175239563,0.6277509331703186,-0.11154049634933472,-0.20443187654018402,0.47431594133377075,0.40782374143600464,-0.09529057145118713,0.48252445459365845,0.1877833902835846,-0.13892444968223572,0.4902145266532898,0.047611087560653687,-0.16987952589988708,0.5021695494651794,-0.0736839771270752,-0.19234706461429596,0.3782404959201813,0.46794334053993225,-0.11455656588077545,0.3523561954498291,0.2985535264015198,-0.15685077011585236,0.3415753245353699,0.18293911218643188,-0.176421657204628,0.3372619152069092,0.07830733060836792,-0.18784199655056
0.5152236223220825,0.9741111397743225,1.15035982162226e-06,0.6688106656074524,0.9195282459259033,-0.07866677641868591,0.791891872882843,0.7934278249740601,-0.1253119856119156,0.8869627714157104,0.6775361895561218,-0.16754639148712158,0.9938424825668335,0.6179296970367432,-0.21068812906742096,0.6964487433433533,0.4669167101383209,-0.07902088016271591,0.7455446720123291,0.2566055655479431,-0.13842757046222687,0.7721240520477295,0.11977306008338928,-0.1866573989391327,0.7930441498756409,0.00023427605628967285,-0.22155731916427612,0.5962212681770325,0.42454949021339417,-0.08167855441570282,0.6201722621917725,0.18898272514343262,-0.1302006095647812,0.6365572214126587,0.04327520728111267,-0.17200611531734467,0.6503377556800842,-0.08152413368225098,-0.2029416412115097,0.49773871898651123,0.4371567964553833,-0.09285661578178406,0.5025842785835266,0.21538549661636353,-0.13632462918758392,0.5097567439079285,0.0724007785320282,-0.16755571961402893,0.5201027393341064,-0.052275896072387695,-0.1901835948228836,0.4015614688396454,0.49624601006507874,-0.11205163598060608,0.3757256865501404,0.32731157541275024,-0.15256144106388092,0.3642822504043579,0.21259289979934692,-0.17071160674095154,0.3578706979751587,0.1078769862651825,-0.18160079419612885
0.5419073700904846,1.0020751953125,1.235658032783249e-06,0.6911724209785461,0.9383910894393921,-0.07739921659231186,0.8144710659980774,0.8066380023956299,-0.12284208089113235,0.923569917678833,0.6922659873962402,-0.1648027002811432,1.044055461883545,0.6476786136627197,-0.20786544680595398,0.7144796848297119,0.4986598789691925,-0.06749696284532547,0.7678791880607605,0.3014568090438843,-0.12252205610275269,0.7962965369224548,0.17159095406532288,-0.16924822330474854,0.8180806636810303,0.05930870771408081,-0.2036355882883072,0.6161099672317505,0.45195984840393066,-0.07042094320058823,0.6425927877426147,0.21543678641319275,-0.11463182419538498,0.6600711941719055,0.06963679194450378,-0.15494289994239807,0.6733094453811646,-0.05018973350524902,-0.18517771363258362,0.5187326073646545,0.4608796238899231,-0.08268746733665466,0.5238668322563171,0.23745349049568176,-0.12305203080177307,0.5304471850395203,0.0950528085231781,-0.1553250253200531,0.5402997136116028,-0.026520729064941406,-0.17892633378505707,0.4223933219909668,0.5187280774116516,-0.1031142845749855,0.39105337858200073,0.3542717397212982,-0.14075902104377747,0.37719517946243286,0.23903951048851013,-0.15921249985694885,0.3700208067893982,0.13159549236297607,-0.1711757332086563
0.5377069115638733,1.0145576000213623,1.2151109558544704e-06,0.6880804896354675,0.9538674354553223,-0.07515522092580795,0.8157590627670288,0.8289533853530884,-0.11766240000724792,0.9231727719306946,0.7142776250839233,-0.15700992941856384,1.0351791381835938,0.661677360534668,-0.19668303430080414,0.7239070534706116,0.5182150602340698,-0.05855946242809296,0.7804125547409058,0.32115980982780457,-0.10949691385030746,0.8082914352416992,0.19079434871673584,-0.15341462194919586,0.8294410705566406,0.07989400625228882,-0.18607908487319946,0.6290079355239868,0.4717767834663391,-0.061105877161026,0.657703697681427,0.23777738213539124,-0.10371129959821701,0.6754367351531982,0.09293544292449951,-0.1430235207080841,0.6890056133270264,-0.023548603057861328,-0.1723068207502365,0.5339690446853638,0.4794999361038208,-0.07338771224021912,0.5400260090827942,0.25470054149627686,-0.1147744357585907,0.5428460836410522,0.10971340537071228,-0.14822831749916077,0.5492987036705017,-0.013578534126281738,-0.1719137728214264,0.4368259310722351,0.5348808765411377,-0.09342515468597412,0.40617984533309937,0.36977601051330566,-0.13371196389198303,0.3893917202949524,0.25278833508491516,-0.15454265475273132,0.37996694445610046,0.14245378971099854,-0.16745500266551971
0.5334385633468628,1.0184335708618164,1.171438839264738e-06,0.6813867092132568,0.9642127752304077,-0.07645930349826813,0.8081708550453186,0.8482657074928284,-0.11869574338197708,0.9064598679542542,0.7327049970626831,-0.15740986168384552,1.007242202758789,0.6666429042816162,-0.19615088403224945,0.7248311042785645,0.5353258848190308,-0.05856204405426979,0.784295380115509,0.3436209559440613,-0.1101367399096489,0.8143567442893982,0.2171139419078827,-0.15475493669509888,0.8386000394821167,0.10611832141876221,-0.18810875713825226,0.6325145959854126,0.4883553683757782,-0.0606328509747982,0.6637614965438843,0.2581121325492859,-0.10449496656656265,0.6837404370307922,0.11559078097343445,-0.14504092931747437,0.7003462910652161,-0.0006151199340820312,-0.17511142790317535,0.5406026244163513,0.49600934982299805,-0.07264156639575958,0.5474855899810791,0.2766423523426056,-0.11602676659822464,0.5519785284996033,0.13166293501853943,-0.15025123953819275,0.5612605214118958,0.005183160305023193,-0.1745641976594925,0.4458599090576172,0.5500261187553406,-0.09246226400136948,0.4187350869178772,0.3888310194015503,-0.13538552820682526,0.4050063192844391,0.2747408449649811,-0.15751442313194275,0.3990646302700043,0.16526436805725098,-0.17125090956687927
0.5266618132591248,1.0204713344573975,1.2606598147613113e-06,0.6732668280601501,0.965613842010498,-0.08023526519536972,0.8000024557113647,0.8512836694717407,-0.12386012822389603,0.8994497060775757,0.7360637784004211,-0.1627407968044281,1.0018397569656372,0.6704104542732239,-0.201524019241333,0.7161845564842224,0.5439189076423645,-0.06426562368869781,0.7760230898857117,0.35385438799858093,-0.1173611730337143,0.8082634806632996,0.22882315516471863,-0.16326065361499786,0.8349159359931946,0.11934173107147217,-0.19671231508255005,0.6234224438667297,0.4959827661514282,-0.06451986730098724,0.6552600860595703,0.25853127241134644,-0.10905548185110092,0.6772279143333435,0.11007001996040344,-0.14976680278778076,0.6961613893508911,-0.011665523052215576,-0.1791444569826126,0.5317316055297852,0.5028887987136841,-0.07464463263750076,0.542543888092041,0.2817762792110443,-0.11849076300859451,0.5525727272033691,0.13513386249542236,-0.15217867493629456,0.5676332116127014,0.007355153560638428,-0.17540836334228516,0.43782031536102295,0.5564687848091125,-0.09280701726675034,0.416220486164093,0.3971472978591919,-0.13531018793582916,0.40693533420562744,0.2846660614013672,-0.15579688549041748,0.4058302938938141,0.17668241262435913,-0.16775654256343842
0.5183234214782715,1.0205864906311035,1.203063447974273e-06,0.6656907796859741,0.9611424207687378,-0.07409975677728653,0.7846109867095947,0.8563263416290283,-0.11463004350662231,0.8775439262390137,0.7452001571655273,-0.15131260454654694,0.9699440598487854,0.6705042719841003,-0.18700039386749268,0.699114978313446,0.545100212097168,-0.05327960476279259,0.7572714686393738,0.3536313772201538,-0.09955952316522598,0.7889758348464966,0.23550555109977722,-0.14106635749340057,0.8147407174110413,0.12864714860916138,-0.17156575620174408,0.6084359288215637,0.5003668069839478,-0.05325331911444664,0.641543984413147,0.27348488569259644,-0.09114793688058853,0.6622838377952576,0.13385772705078125,-0.12810976803302765,0.6789392232894897,0.01780378818511963,-0.15580397844314575,0.5182003378868103,0.5064879655838013,-0.06274958699941635,0.5313868522644043,0.2977808117866516,-0.10049815475940704,0.5436745285987854,0.16477754712104797,-0.12935274839401245,0.5585516095161438,0.05130559206008911,-0.14974942803382874,0.42591169476509094,0.5554531812667847,-0.08006378263235092,0.4050664007663727,0.40027332305908203,-0.11634836345911026,0.39662230014801025,0.2927614450454712,-0.13264770805835724,0.39524760842323303,0.19248542189598083,-0.142055481672287
0.5037566423416138,1.018383502960205,1.2336685131231206e-06,0.65397047996521,0.958122730255127,-0.06828497350215912,0.7717761993408203,0.8538082838058472,-0.1052836999297142,0.8610955476760864,0.7419768571853638,-0.1394450068473816,0.9509243369102478,0.6696494817733765,-0.17313766479492188,0.6798783540725708,0.5482160449028015,-0.04642631113529205,0.7333333492279053,0.3555888533592224,-0.0915168970823288,0.763239324092865,0.23712816834449768,-0.13198068737983704,0.7886391878128052,0.12958967685699463,-0.16171115636825562,0.5899444818496704,0.5071303248405457,-0.04896831512451172,0.621955156326294,0.27772536873817444,-0.08740552514791489,0.6438812017440796,0.1326892375946045,-0.125008687376976,0.6625590920448303,0.009111762046813965,-0.1526305079460144,0.5002562403678894,0.5151957273483276,-0.060739755630493164,0.5134835243225098,0.30528154969215393,-0.09977128356695175,0.5287675857543945,0.1699097454547882,-0.12934768199920654,0.5469337105751038,0.05296355485916138,-0.14941588044166565,0.40840744972229004,0.5641487836837769,-0.07971574366092682,0.39241915941238403,0.40773236751556396,-0.11671683937311172,0.3876672089099884,0.2987661063671112,-0.13322679698467255,0.3903072774410248,0.19538846611976624,-0.1425197422504425
0.49457573890686035,1.020372986793518,1.3743276667810278e-06,0.6422650218009949,0.9618469476699829,-0.07834877073764801,0.7591090202331543,0.8605456352233887,-0.12234488874673843,0.8485689163208008,0.7504989504814148,-0.1621106117963791,0.9426494836807251,0.6773207783699036,-0.2015790492296219,0.6634122729301453,0.556039571762085,-0.06058107689023018,0.7162045836448669,0.3657636046409607,-0.11301958560943604,0.7472492456436157,0.24604204297065735,-0.15869125723838806,0.7748322486877441,0.13440212607383728,-0.19218333065509796,0.5738085508346558,0.5143282413482666,-0.0617850162088871,0.6061521768569946,0.2836032211780548,-0.10843944549560547,0.6316257119178772,0.1265358030796051,-0.1515604853630066,0.6549426317214966,-0.012693226337432861,-0.183153435587883,0.48364493250846863,0.5248419046401978,-0.07301511615514755,0.4960160255432129,0.3179483115673065,-0.11999383568763733,0.5147390961647034,0.18407279253005981,-0.15351995825767517,0.5369334816932678,0.06486135721206665,-0.1755537986755371,0.3922670781612396,0.577537477016449,-0.0921105295419693,0.37667593359947205,0.42168766260147095,-0.13527429103851318,0.37412771582603455,0.31302163004875183,-0.15493421256542206,0.3790449798107147,0.20790529251098633,-0.16654498875141144
0.4801994860172272,1.017708659172058,1.3547443131756154e-06,0.6296648979187012,0.9599669575691223,-0.07818349450826645,0.7459269165992737,0.8635655641555786,-0.1217569038271904,0.8341870307922363,0.7567746639251709,-0.16146686673164368,0.9293503165245056,0.6857023239135742,-0.20107516646385193,0.6466445922851562,0.5583010911941528,-0.05173631012439728,0.700179398059845,0.3754984140396118,-0.10303480178117752,0.7329855561256409,0.2593291997909546,-0.15017960965633392,0.7639975547790527,0.1513853669166565,-0.18454279005527496,0.5580886602401733,0.5219643712043762,-0.051388248801231384,0.5888805985450745,0.30938810110092163,-0.09421729296445847,0.6156956553459167,0.17097872495651245,-0.1366640031337738,0.6439796686172485,0.049345195293426514,-0.1688738912343979,0.4691201150417328,0.5331979393959045,-0.06164364889264107,0.48538702726364136,0.3448824882507324,-0.10403885692358017,0.509895920753479,0.22493228316307068,-0.1341429352760315,0.5394502282142639,0.11797994375228882,-0.15489348769187927,0.3766544461250305,0.5830734968185425,-0.08027874678373337,0.36556321382522583,0.4367457628250122,-0.11774254590272903,0.3740382790565491,0.33842554688453674,-0.1332390010356903,0.39094215631484985,0.24520942568778992,-0.14281529188156128
0.4649961292743683,1.013532280921936,1.296902951253287e-06,0.6118767261505127,0.9578351974487305,-0.08279793709516525,0.7289973497390747,0.8646646738052368,-0.12653474509716034,0.8144441246986389,0.7617915272712708,-0.16633723676204681,0.9057886600494385,0.6826235055923462,-0.2059028148651123,0.6340715289115906,0.5604651570320129,-0.052542272955179214,0.6855332851409912,0.3894902765750885,-0.10614683479070663,0.7219657301902771,0.2859915792942047,-0.15465286374092102,0.763779878616333,0.19806817173957825,-0.1892668753862381,0.5464861392974854,0.5240346193313599,-0.04847113788127899,0.5705846548080444,0.3368089199066162,-0.09361233562231064,0.5984652042388916,0.21556052565574646,-0.13894344866275787,0.6413326859474182,0.11850455403327942,-0.17402634024620056,0.45959433913230896,0.5373028516769409,-0.05594416335225105,0.469992458820343,0.3691944479942322,-0.10375232249498367,0.4970283806324005,0.27277398109436035,-0.1406148076057434,0.5439480543136597,0.20129281282424927,-0.16598324477672577,0.3704166114330292,0.5891065001487732,-0.07210911810398102,0.3395274579524994,0.46141359210014343,-0.11798520386219025,0.35739707946777344,0.3929937481880188,-0.14233984053134918,0.40099596977233887,0.34807437658309937,-0.15720513463020325
0.45601391792297363,1.014797568321228,1.1442906497904914e-06,0.5972852110862732,0.9699703454971313,-0.08952757716178894,0.714962899684906,0.8662426471710205,-0.1338510811328888,0.7986775636672974,0.7573840022087097,-0.1731155961751938,0.8905192613601685,0.6778891682624817,-0.21163998544216156,0.6273372173309326,0.5641152858734131,-0.060572460293769836,0.6687704920768738,0.3981850743293762,-0.11698576807975769,0.7070648670196533,0.3159095346927643,-0.16719795763492584,0.750084638595581,0.27034369111061096,-0.20101584494113922,0.5386087894439697,0.5280516743659973,-0.05125632509589195,0.552239179611206,0.3547469973564148,-0.09512366354465485,0.579692542552948,0.264005184173584,-0.13998810946941376,0.6204227209091187,0.22335383296012878,-0.17592650651931763,0.44994279742240906,0.5442726016044617,-0.054541707038879395,0.4561237692832947,0.3810306191444397,-0.10522153973579407,0.476024866104126,0.3137606382369995,-0.14789873361587524,0.5114089846611023,0.3004322946071625,-0.17687298357486725,0.3591575026512146,0.5964783430099487,-0.06658164411783218,0.3301265239715576,0.4547855257987976,-0.11808323860168457,0.34965360164642334,0.4143419861793518,-0.14889737963676453,0.3868809938430786,0.4291151165962219,-0.16741713881492615
0.45557940006256104,0.9965946078300476,1.0646195960362093e-06,0.5865110754966736,0.9682941436767578,-0.08558699488639832,0.7045854330062866,0.8584100604057312,-0.1349816918373108,0.7858721017837524,0.7493181228637695,-0.1808759570121765,0.8788429498672485,0.6688042879104614,-0.22559300065040588,0.6241925358772278,0.5542894005775452,-0.060566991567611694,0.6529349684715271,0.38219180703163147,-0.1272376924753189,0.6995902061462402,0.3192429542541504,-0.1812072992324829,0.7395039200782776,0.33854028582572937,-0.2091371715068817,0.5359281301498413,0.5249654054641724,-0.05465557426214218,0.5434903502464294,0.30094054341316223,-0.11476200819015503,0.5854147672653198,0.2684433162212372,-0.15983904898166656,0.6160082817077637,0.3414810299873352,-0.1815914660692215,0.4476603865623474,0.543864905834198,-0.060147058218717575,0.4539131820201874,0.33210325241088867,-0.1235569640994072,0.49017608165740967,0.34564894437789917,-0.15311448276042938,0.5133169293403625,0.4363139867782593,-0.16024139523506165,0.3549712896347046,0.5983277559280396,-0.07276501506567001,0.3424450159072876,0.43201228976249695,-0.13383403420448303,0.37449389696121216,0.45493268966674805,-0.15313245356082916,0.39689862728118896,0.5433818101882935,-0.15355396270751953
0.45467039942741394,0.9937856197357178,5.786202450508426e-07,0.590522050857544,0.9576895833015442,-0.0809592753648758,0.7013391256332397,0.8474140167236328,-0.13575001060962677,0.7767497301101685,0.7370201349258423,-0.19050303101539612,0.8603588938713074,0.6507644653320312,-0.2428831309080124,0.628581166267395,0.5515708327293396,-0.06364499777555466,0.6473419070243835,0.35971808433532715,-0.1468731313943863,0.6920452117919922,0.3344303071498871,-0.2075774222612381,0.7193222045898438,0.41249316930770874,-0.2343837022781372,0.537338137626648,0.5275880098342896,-0.06424886733293533,0.5485058426856995,0.28420573472976685,-0.14027073979377747,0.5895071029663086,0.31906819343566895,-0.18409733474254608,0.6060579419136047,0.43435192108154297,-0.1986551135778427,0.4487192630767822,0.5483796000480652,-0.076960489153862,0.4535236060619354,0.33083078265190125,-0.1499525010585785,0.4926570951938629,0.3872421085834503,-0.16963636875152588,0.5069196820259094,0.5025160312652588,-0.16605901718139648,0.3528125286102295,0.6014494299888611,-0.09681181609630585,0.33714741468429565,0.43110060691833496,-0.15871813893318176,0.3746074438095093,0.469396710395813,-0.1702878177165985,0.3949044942855835,0.5674524307250977,-0.16401207447052002
0.4371495246887207,0.9902298450469971,1.411592194244804e-07,0.5700457692146301,0.9497027397155762,-0.06804387271404266,0.6824415326118469,0.8297472596168518,-0.11160945147275925,0.7629776000976562,0.7083179950714111,-0.15582871437072754,0.8467072248458862,0.6221213340759277,-0.1961057484149933,0.6247891187667847,0.5565831065177917,-0.047907907515764236,0.6666439771652222,0.36959025263786316,-0.12752662599086761,0.692418098449707,0.3703470230102539,-0.1811225414276123,0.6944326162338257,0.4535648226737976,-0.20271334052085876,0.53044193983078,0.5265179872512817,-0.05068415775895119,0.5454862713813782,0.29284507036209106,-0.1271376609802246,0.5793636441230774,0.36383339762687683,-0.16216035187244415,0.5880813598632812,0.48108792304992676,-0.16833311319351196,0.43912258744239807,0.5356654524803162,-0.06491585820913315,0.44959163665771484,0.3264849781990051,-0.14035488665103912,0.4901532828807831,0.42110174894332886,-0.1478104293346405,0.5022051334381104,0.5368879437446594,-0.13354378938674927,0.34249183535575867,0.5739107728004456,-0.08515049517154694,0.35034674406051636,0.4308450222015381,-0.14620698988437653,0.38802456855773926,0.5084992051124573,-0.14790689945220947,0.40274578332901,0.6079297065734863,-0.13339942693710327
0.4410524368286133,0.9829233288764954,-2.375364971385352e-07,0.568703293800354,0.9250588417053223,-0.05339120328426361,0.67784583568573,0.791631281375885,-0.0941062793135643,0.7545155882835388,0.6705036759376526,-0.13798394799232483,0.8243962526321411,0.5712652206420898,-0.17618010938167572,0.6177740097045898,0.5308496356010437,-0.04263694956898689,0.666911780834198,0.357633113861084,-0.12543295323848724,0.6846139430999756,0.42664459347724915,-0.17764326930046082,0.6625726819038391,0.5259207487106323,-0.1988794356584549,0.5267021059989929,0.5124809741973877,-0.05460626631975174,0.5517241954803467,0.2999492883682251,-0.13275082409381866,0.5906628966331482,0.4369569718837738,-0.16014613211154938,0.5892576575279236,0.5537432432174683,-0.16199243068695068,0.4360775649547577,0.5312345623970032,-0.07737467437982559,0.4540953040122986,0.3319873809814453,-0.1523672640323639,0.5013870596885681,0.47888731956481934,-0.14269867539405823,0.5038210153579712,0.590630829334259,-0.11784897744655609,0.3398314118385315,0.5778311491012573,-0.10511114448308945,0.36002838611602783,0.44530242681503296,-0.15938597917556763,0.4042234718799591,0.5443519353866577,-0.14625801146030426,0.4109906554222107,0.6305634379386902,-0.12340883165597916
0.4402146637439728,0.978510856628418,-6.402928534043895e-07,0.5659568309783936,0.9092153310775757,-0.04121389612555504,0.668630838394165,0.7618462443351746,-0.07118916511535645,0.7364991307258606,0.6264393329620361,-0.10433347523212433,0.8062633275985718,0.5282111763954163,-0.12927959859371185,0.6166301965713501,0.5195285677909851,-0.019197165966033936,0.6618944406509399,0.3634282946586609,-0.0917629599571228,0.6624168157577515,0.47637104988098145,-0.13522502779960632,0.6337795257568359,0.569290041923523,-0.15396477282047272,0.5299135446548462,0.5033325552940369,-0.03287091106176376,0.5617028474807739,0.32069388031959534,-0.10383632779121399,0.5791494250297546,0.48781082034111023,-0.12389150261878967,0.5622548460960388,0.5851426124572754,-0.12139459699392319,0.44089725613594055,0.5220313668251038,-0.05700412765145302,0.4679722487926483,0.3499174416065216,-0.12756067514419556,0.49928998947143555,0.5136908888816833,-0.108544260263443,0.490803599357605,0.5981107950210571,-0.07779675722122192,0.345127135515213,0.56856769323349,-0.08472693711519241,0.3736788034439087,0.4570004343986511,-0.13221995532512665,0.41393405199050903,0.5672329068183899,-0.1107555627822876,0.41695258021354675,0.6318421959877014,-0.08288136124610901
0.43584132194519043,0.9635039567947388,-8.077599318312423e-07,0.5677695870399475,0.8855262994766235,-0.04361372068524361,0.6647766828536987,0.7324123978614807,-0.07153806835412979,0.7242876291275024,0.5921555757522583,-0.1024278923869133,0.7762466669082642,0.4815070331096649,-0.12132199853658676,0.6189484000205994,0.5124344229698181,-0.011126875877380371,0.658330500125885,0.3680844008922577,-0.0840282216668129,0.648584246635437,0.5103178024291992,-0.12161294370889664,0.6198112368583679,0.5819126963615417,-0.13646724820137024,0.5355162620544434,0.49840569496154785,-0.02270757034420967,0.5740754008293152,0.35240715742111206,-0.09472131729125977,0.5780177712440491,0.5328648686408997,-0.11159978806972504,0.5520340800285339,0.5838406682014465,-0.10743249952793121,0.44649967551231384,0.5126531720161438,-0.0459146574139595,0.4823504388332367,0.37678971886634827,-0.12098901718854904,0.5030141472816467,0.5540897250175476,-0.09524400532245636,0.4852930009365082,0.6051348447799683,-0.059733401983976364,0.34950220584869385,0.5491629242897034,-0.07271216809749603,0.3843361735343933,0.45345887541770935,-0.11861737817525864,0.4188838005065918,0.573128879070282,-0.09054550528526306,0.4140142798423767,0.6258474588394165,-0.057944782078266144
0.4318940043449402,0.9465979337692261,-8.344773050339427e-07,0.5581464767456055,0.8755142688751221,-0.04570769518613815,0.6552290916442871,0.7294437885284424,-0.06944090873003006,0.7191170454025269,0.588871955871582,-0.09594577550888062,0.7442114949226379,0.46722596883773804,-0.10979632288217545,0.622077226638794,0.5133744478225708,-0.004527047276496887,0.6623490452766418,0.3856033682823181,-0.07568532973527908,0.6432888507843018,0.531267523765564,-0.10992815345525742,0.6135033965110779,0.5892130136489868,-0.12267925590276718,0.53946453332901,0.4942165017127991,-0.013326543383300304,0.5786618590354919,0.3769179880619049,-0.0859575942158699,0.5729568600654602,0.5588940382003784,-0.10037081688642502,0.5484060049057007,0.5914568305015564,-0.09405362606048584,0.4499843120574951,0.502528965473175,-0.03458550572395325,0.4859813451766968,0.39193448424339294,-0.11484099179506302,0.4948139786720276,0.57662034034729,-0.08674930781126022,0.4754869043827057,0.618302047252655,-0.0475713275372982,0.35211703181266785,0.5311318039894104,-0.059348076581954956,0.3879139721393585,0.4460768699645996,-0.10761599987745285,0.4136735200881958,0.5721739530563354,-0.0770999863743782,0.4062970280647278,0.6206054091453552,-0.041184861212968826
0.4320647716522217,0.9386935234069824,-8.672307671986346e-07,0.5595857501029968,0.8638843894004822,-0.0431189127266407,0.6620084643363953,0.7208600640296936,-0.062469955533742905,0.7161059379577637,0.5760502815246582,-0.08533881604671478,0.6927351355552673,0.4519929885864258,-0.09642471373081207,0.630240261554718,0.5220807194709778,0.0010833953274413943,0.6802769899368286,0.4150199294090271,-0.06989555060863495,0.6522997617721558,0.5602260231971741,-0.10403542965650558,0.6192792057991028,0.6038990020751953,-0.11706709861755371,0.546070396900177,0.49845290184020996,-0.00881494116038084,0.5892854928970337,0.40096336603164673,-0.08360552787780762,0.5736657977104187,0.5841153860092163,-0.09814220666885376,0.547675371170044,0.6035402417182922,-0.09057845920324326,0.45674988627433777,0.500656008720398,-0.031183140352368355,0.4941999018192291,0.4053599238395691,-0.11497100442647934,0.4949544668197632,0.5890145301818848,-0.08811143040657043,0.4728177785873413,0.6223754286766052,-0.048261210322380066,0.3573191165924072,0.5226879119873047,-0.05658743903040886,0.3953416347503662,0.44796764850616455,-0.10639427602291107,0.4170798063278198,0.574685275554657,-0.07574879378080368,0.4101938307285309,0.6193793416023254,-0.03877496346831322
0.43908894062042236,0.945391058921814,-7.560953463325859e-07,0.5644468665122986,0.8665343523025513,-0.04564986377954483,0.6672524213790894,0.7311092019081116,-0.06752227246761322,0.7044029831886292,0.5863810777664185,-0.09264962375164032,0.6625328660011292,0.4763191342353821,-0.10640466958284378,0.6224912405014038,0.5364680290222168,0.005683285184204578,0.6672175526618958,0.44169288873672485,-0.062922403216362,0.6431757807731628,0.5842791199684143,-0.0973464846611023,0.6167058348655701,0.6256337761878967,-0.11098035424947739,0.5415511727333069,0.5116644501686096,-0.001770752714946866,0.5851945281028748,0.42880600690841675,-0.07414916902780533,0.5683885216712952,0.6073847413063049,-0.0896831527352333,0.5436820387840271,0.6213833093643188,-0.08301500231027603,0.45648401975631714,0.5097846984863281,-0.022091828286647797,0.4978204369544983,0.42109736800193787,-0.10391000658273697,0.49627935886383057,0.5978113412857056,-0.08018285781145096,0.4732041358947754,0.6289138197898865,-0.04257022216916084,0.35904461145401,0.5264974236488342,-0.04570750892162323,0.4027443528175354,0.4566059112548828,-0.0943320244550705,0.4237581193447113,0.5795890092849731,-0.06606709212064743,0.41647809743881226,0.6231951713562012,-0.030780423432588577
0.4493570327758789,0.9461058378219604,-7.790351332914724e-07,0.564640462398529,0.8812252283096313,-0.047642260789871216,0.675936222076416,0.7440488338470459,-0.06997912377119064,0.7064812183380127,0.5953249931335449,-0.093385249376297,0.6422065496444702,0.5015032291412354,-0.10512212663888931,0.6329084634780884,0.5472905039787292,-0.0011568779591470957,0.6789312362670898,0.458029568195343,-0.06718377023935318,0.6502431035041809,0.5993848443031311,-0.09741461277008057,0.62326979637146,0.6356945037841797,-0.1089014858007431,0.5521549582481384,0.5174227952957153,-0.006972396746277809,0.5978602766990662,0.44754213094711304,-0.07663120329380035,0.5761454105377197,0.6274394989013672,-0.08840338885784149,0.5507675409317017,0.6332736015319824,-0.07971947640180588,0.4675949513912201,0.5147098898887634,-0.02489941008388996,0.5083205103874207,0.43812650442123413,-0.10519428551197052,0.5033604502677917,0.6165263056755066,-0.08014865964651108,0.4801150858402252,0.6394219398498535,-0.04268764331936836,0.3709530830383301,0.5298999547958374,-0.04581107944250107,0.41467511653900146,0.47092705965042114,-0.09292128682136536,0.43198448419570923,0.5981524586677551,-0.06385959684848785,0.42334458231925964,0.6353649497032166,-0.028649765998125076
0.45094767212867737,0.9554010033607483,-7.334088536481431e-07,0.5643506050109863,0.894465446472168,-0.04645804315805435,0.6781299114227295,0.7630169987678528,-0.07189943641424179,0.7015555500984192,0.614311933517456,-0.09791089594364166,0.6264566779136658,0.5280398726463318,-0.11194175481796265,0.6397717595100403,0.56675785779953,-0.0054493192583322525,0.6885825395584106,0.4828265905380249,-0.07023335248231888,0.6567733287811279,0.6199564337730408,-0.09819308668375015,0.6301389336585999,0.6528668403625488,-0.10846823453903198,0.5575542449951172,0.5328629612922668,-0.012058144435286522,0.6063278913497925,0.46825453639030457,-0.07932097464799881,0.5799449682235718,0.6429501175880432,-0.08756324648857117,0.5559950470924377,0.6395700573921204,-0.07713479548692703,0.4740958511829376,0.5256286263465881,-0.030247824266552925,0.5158694386482239,0.462307333946228,-0.1076822429895401,0.5063363313674927,0.6368496417999268,-0.08060784637928009,0.48258206248283386,0.652859628200531,-0.04313255846500397,0.38005757331848145,0.5346226692199707,-0.05140111967921257,0.42826420068740845,0.4897860884666443,-0.09462454915046692,0.43891841173171997,0.6170929074287415,-0.06397324055433273,0.4249144196510315,0.6456618309020996,-0.02888975292444229
0.4535817801952362,0.9657744765281677,-7.50117010284157e-07,0.5630456805229187,0.904455304145813,-0.046510957181453705,0.6830615997314453,0.7731382846832275,-0.07029574364423752,0.7023438215255737,0.6280868053436279,-0.09353737533092499,0.6192375421524048,0.5535978078842163,-0.1042478084564209,0.6427292823791504,0.5833837985992432,-0.006003804504871368,0.6984285116195679,0.5057772994041443,-0.06833288073539734,0.6601135730743408,0.6421331167221069,-0.09533929824829102,0.6298400163650513,0.6637856960296631,-0.10671620070934296,0.5633164644241333,0.5472882390022278,-0.012494966387748718,0.6131860017776489,0.48472487926483154,-0.07882110029459,0.5837706327438354,0.6568138599395752,-0.08749739080667496,0.5610553622245789,0.6486752033233643,-0.07807225733995438,0.4826875329017639,0.5397738218307495,-0.0301261804997921,0.5213002562522888,0.48005616664886475,-0.1044134870171547,0.5100429654121399,0.6529616117477417,-0.07671140879392624,0.48906442523002625,0.6620655655860901,-0.040252685546875,0.39183568954467773,0.5474063754081726,-0.05103437602519989,0.43350598216056824,0.5064968466758728,-0.09003541618585587,0.441822350025177,0.6316379904747009,-0.058558374643325806,0.4307003617286682,0.6544275283813477,-0.024544496089220047
0.45162975788116455,0.9722276926040649,-7.608942951264908e-07,0.5644395351409912,0.9155330657958984,-0.044729024171829224,0.6856986880302429,0.7802556157112122,-0.06467121094465256,0.7029283046722412,0.6362214088439941,-0.08411655575037003,0.615743100643158,0.5733048915863037,-0.09174297004938126,0.6464875936508179,0.6007524132728577,-0.0008825268014334142,0.6935528516769409,0.5173053741455078,-0.0614883117377758,0.6574985384941101,0.6519572734832764,-0.08958306908607483,0.6305914521217346,0.6785546541213989,-0.10154394805431366,0.5664103031158447,0.5631035566329956,-0.007108902093023062,0.607955813407898,0.49351614713668823,-0.07413559406995773,0.5803053975105286,0.6631067395210266,-0.08613655716180801,0.5575463771820068,0.6661098599433899,-0.07798277586698532,0.4855280816555023,0.5525709390640259,-0.024288753047585487,0.5196635723114014,0.48771440982818604,-0.09881763905286789,0.5086071491241455,0.6590029001235962,-0.07449925690889359,0.4895055890083313,0.675697386264801,-0.03912971541285515,0.39456212520599365,0.5564737915992737,-0.04452282935380936,0.43297865986824036,0.507262110710144,-0.08314164727926254,0.44104036688804626,0.6316189169883728,-0.05300334841012955,0.4337352216243744,0.6607574820518494,-0.019574537873268127
0.4466512203216553,0.9709900617599487,-7.04009949004103e-07,0.5620254874229431,0.9171444773674011,-0.04837377369403839,0.684057891368866,0.7830946445465088,-0.07024309039115906,0.6985687613487244,0.6403297185897827,-0.09067952632904053,0.611295223236084,0.5772034525871277,-0.09943076223134995,0.644111692905426,0.5958933234214783,-0.0034510137047618628,0.6854197978973389,0.5135414600372314,-0.06344567984342575,0.6500340104103088,0.6446507573127747,-0.09244166314601898,0.6242442727088928,0.6741752028465271,-0.10446475446224213,0.5633050203323364,0.5604106187820435,-0.006816052831709385,0.5988417863845825,0.4931686520576477,-0.07163453847169876,0.5729894638061523,0.659136176109314,-0.08409992605447769,0.5518413782119751,0.6656587719917297,-0.07615446299314499,0.483169823884964,0.5507346391677856,-0.02122827060520649,0.5119472146034241,0.48550906777381897,-0.0908714234828949,0.5038555264472961,0.6528223752975464,-0.06657657027244568,0.48748618364334106,0.6740288734436035,-0.03202258422970772,0.3935469686985016,0.5562188029289246,-0.03942251205444336,0.42908793687820435,0.5079500079154968,-0.07536560297012329,0.43819165229797363,0.628875732421875,-0.045739226043224335,0.43176108598709106,0.6608151197433472,-0.012669266201555729
0.44341006875038147,0.9682263731956482,-6.685586981802771e-07,0.5577700138092041,0.9127708673477173,-0.05040033906698227,0.6808590888977051,0.7776491045951843,-0.07287554442882538,0.6945844888687134,0.6374717354774475,-0.09351438283920288,0.6051754355430603,0.5822108387947083,-0.10240935534238815,0.6364417672157288,0.5907230973243713,-0.004530391190201044,0.6778880953788757,0.5110138654708862,-0.06455463916063309,0.6443817615509033,0.6416196227073669,-0.09224582463502884,0.6182798147201538,0.667331874370575,-0.10301607847213745,0.5568264722824097,0.556887686252594,-0.006636401172727346,0.5922974944114685,0.49168214201927185,-0.07078342884778976,0.5667310953140259,0.6581442356109619,-0.08171025663614273,0.5465488433837891,0.6579397320747375,-0.07247395068407059,0.47794848680496216,0.5471321940422058,-0.020161543041467667,0.5061312317848206,0.48527199029922485,-0.08949752151966095,0.4974633455276489,0.6509556174278259,-0.06491254270076752,0.4820641577243805,0.664910078048706,-0.030200758948922157,0.388721227645874,0.5501649975776672,-0.037658847868442535,0.42152339220046997,0.5051805377006531,-0.0722074806690216,0.4303783178329468,0.625188946723938,-0.042116954922676086,0.4248272180557251,0.653956413269043,-0.00903329998254776
0.4407321810722351,0.9647899866104126,-6.89108105689229e-07,0.5537533760070801,0.9098843336105347,-0.04529169201850891,0.675991952419281,0.7721936702728271,-0.06507197767496109,0.6927284598350525,0.6332532167434692,-0.08361347019672394,0.6052275896072388,0.5770227909088135,-0.09080693125724792,0.629616379737854,0.5874849557876587,-0.0034477633889764547,0.6716560125350952,0.5045859813690186,-0.060858555138111115,0.6384621858596802,0.6364687085151672,-0.087880939245224,0.6132920980453491,0.6654083132743835,-0.09879515320062637,0.5496847033500671,0.5553422570228577,-0.007212478201836348,0.5864975452423096,0.48794788122177124,-0.06928601861000061,0.5623815655708313,0.6533892154693604,-0.08042821288108826,0.5420495271682739,0.6580318808555603,-0.07207734882831573,0.4704378545284271,0.5478351712226868,-0.021350812166929245,0.49926260113716125,0.4823286533355713,-0.0866243839263916,0.4928109347820282,0.6459872722625732,-0.06154046952724457,0.47721952199935913,0.6627946496009827,-0.027808867394924164,0.38225722312927246,0.552942156791687,-0.03912457823753357,0.41664445400238037,0.504974901676178,-0.07034405320882797,0.4255635142326355,0.6234012842178345,-0.03919927775859833,0.41800856590270996,0.652413010597229,-0.00626745680347085
0.4333292841911316,0.9594177603721619,-6.62522040784097e-07,0.5454309582710266,0.9081436395645142,-0.04643402621150017,0.667442262172699,0.7745011448860168,-0.06682778149843216,0.693114161491394,0.6313796043395996,-0.08611878752708435,0.6204086542129517,0.5556440353393555,-0.09432262182235718,0.6204814314842224,0.5803804993629456,-0.0016260500997304916,0.6646769046783447,0.49813979864120483,-0.06100589781999588,0.6340233683586121,0.6228162050247192,-0.08887498080730438,0.6077704429626465,0.6566381454467773,-0.0991479828953743,0.5409582853317261,0.5441850423812866,-0.004544619936496019,0.5818921327590942,0.4839210510253906,-0.0671331137418747,0.5561968684196472,0.650316059589386,-0.07800313830375671,0.5333325266838074,0.6579082608222961,-0.06903831660747528,0.45956358313560486,0.534164309501648,-0.01858382485806942,0.4952518939971924,0.478467732667923,-0.08634351938962936,0.4858722686767578,0.6410813927650452,-0.06259091943502426,0.4660971462726593,0.6579407453536987,-0.02897806279361248,0.36795321106910706,0.5399203896522522,-0.036136090755462646,0.40631723403930664,0.5017368793487549,-0.07125113159418106,0.4165630042552948,0.619895875453949,-0.04232315719127655,0.40759187936782837,0.6460014581680298,-0.009852264076471329
0.43864256143569946,0.953987717628479,-6.40932171336317e-07,0.5494110584259033,0.9106757640838623,-0.042887259274721146,0.662801206111908,0.7686762809753418,-0.05739802494645119,0.7037845253944397,0.6287710070610046,-0.0725630596280098,0.6531532406806946,0.5447887182235718,-0.07767680287361145,0.6174789667129517,0.5650465488433838,-0.0006372197531163692,0.6534630656242371,0.46912676095962524,-0.058777038007974625,0.6325124502182007,0.6002362966537476,-0.08612149208784103,0.6106140613555908,0.6448534727096558,-0.09493408352136612,0.5399690270423889,0.5353598594665527,-0.004844018258154392,0.5770440101623535,0.45985668897628784,-0.06615057587623596,0.5612125992774963,0.62909996509552,-0.07610510289669037,0.5385735034942627,0.6552054286003113,-0.06612531840801239,0.4552035629749298,0.5311920642852783,-0.0199125986546278,0.49016156792640686,0.44721031188964844,-0.09134948253631592,0.4917846620082855,0.6233835220336914,-0.06926240772008896,0.47303175926208496,0.6714791655540466,-0.034067824482917786,0.36116284132003784,0.5436117649078369,-0.037842050194740295,0.3887738585472107,0.4775087833404541,-0.08461631834506989,0.413362979888916,0.6001604199409485,-0.060879651457071304,0.4136348068714142,0.6541557312011719,-0.02822357788681984
0.45704737305641174,0.9590592384338379,-3.857349497593532e-07,0.5604149699211121,0.9202511310577393,-0.04860258847475052,0.6723055839538574,0.7804086208343506,-0.06806434690952301,0.7263537645339966,0.6390345096588135,-0.08792155981063843,0.6905736923217773,0.5287297368049622,-0.10083484649658203,0.6055076122283936,0.5473672747612,-0.01610138826072216,0.6472786068916321,0.4283519387245178,-0.07562100142240524,0.6450644135475159,0.5394025444984436,-0.11066266894340515,0.6245467662811279,0.6157316565513611,-0.12327243387699127,0.5260705351829529,0.52492356300354,-0.01761206053197384,0.5718185901641846,0.4039780795574188,-0.0796251893043518,0.5809895992279053,0.5655697584152222,-0.09863792359828949,0.5619800090789795,0.6509407758712769,-0.09484176337718964,0.4376561939716339,0.5305106043815613,-0.029052790254354477,0.4709937572479248,0.3904006779193878,-0.09285348653793335,0.5028693079948425,0.5564443469047546,-0.0823269784450531,0.49841976165771484,0.6553953886032104,-0.05628011375665665,0.34087830781936646,0.5628305673599243,-0.044424474239349365,0.3562045693397522,0.45439979434013367,-0.0928448960185051,0.4052850604057312,0.5561434030532837,-0.0831579640507698,0.42583227157592773,0.6407729387283325,-0.06110387668013573
0.46680527925491333,0.9718179702758789,3.6237778999748116e-07,0.5782779455184937,0.9501777291297913,-0.05409162491559982,0.6974018216133118,0.8417595028877258,-0.08033748716115952,0.7541564702987671,0.722801685333252,-0.10671846568584442,0.7739152908325195,0.6047047972679138,-0.1326131969690323,0.6031147837638855,0.5965732336044312,-0.03144499659538269,0.6379944682121277,0.44324761629104614,-0.07784329354763031,0.6725417375564575,0.4294582009315491,-0.11520250886678696,0.6853296756744385,0.45669400691986084,-0.13442634046077728,0.5242658853530884,0.5682446360588074,-0.030695732682943344,0.5616967082023621,0.3895268440246582,-0.07946651428937912,0.6101354360580444,0.43241435289382935,-0.11591462045907974,0.6191983819007874,0.5109935402870178,-0.13275772333145142,0.43942761421203613,0.5705825090408325,-0.03730226308107376,0.45355719327926636,0.37282976508140564,-0.084833063185215,0.5041880011558533,0.4340347647666931,-0.10169695317745209,0.5178011059761047,0.5287322402000427,-0.10367237776517868,0.3469507694244385,0.6016942262649536,-0.04817458987236023,0.3419339656829834,0.4462069272994995,-0.09203854203224182,0.38639676570892334,0.4759417772293091,-0.10131125897169113,0.40771499276161194,0.5544437170028687,-0.09901422262191772
0.45102277398109436,0.9851052761077881,1.111529286390578e-06,0.5880947113037109,0.9694379568099976,-0.08984250575304031,0.7033034563064575,0.8890652656555176,-0.13338881731033325,0.7755539417266846,0.7903401255607605,-0.16959653794765472,0.8410472869873047,0.6937912106513977,-0.20352265238761902,0.6189906001091003,0.565118134021759,-0.04872920364141464,0.6382966041564941,0.41290685534477234,-0.08820106089115143,0.655674934387207,0.33083319664001465,-0.12758269906044006,0.6742502450942993,0.2813069224357605,-0.15494367480278015,0.5311484336853027,0.5304575562477112,-0.03136385604739189,0.5447479486465454,0.3764212727546692,-0.06548607349395752,0.5622883439064026,0.30573245882987976,-0.10690237581729889,0.5822185277938843,0.2905462086200714,-0.13693124055862427,0.44275063276290894,0.5366906523704529,-0.025041308254003525,0.4488978385925293,0.385719895362854,-0.06150209903717041,0.4591316878795624,0.3281177282333374,-0.09869807213544846,0.4761984944343567,0.3286205232143402,-0.12260600924491882,0.3544430434703827,0.5781864523887634,-0.02680870331823826,0.3238990902900696,0.45200061798095703,-0.06385503709316254,0.3344230651855469,0.3998767137527466,-0.08996717631816864,0.36050698161125183,0.3943254351615906,-0.10481468588113785
0.4491744637489319,1.0170819759368896,1.355437916572555e-06,0.5947803258895874,0.9883108139038086,-0.08585409820079803,0.7117863297462463,0.9157018661499023,-0.13142701983451843,0.7863748073577881,0.8262726068496704,-0.1706952005624771,0.8674592971801758,0.7516090273857117,-0.2088717222213745,0.6170738935470581,0.5723233819007874,-0.0572248250246048,0.6590436697006226,0.40263569355010986,-0.10163920372724533,0.683827817440033,0.29411932826042175,-0.14395423233509064,0.7097940444946289,0.2025742530822754,-0.17447805404663086,0.5253232717514038,0.5399399995803833,-0.048494476824998856,0.5447117686271667,0.35172370076179504,-0.0835009291768074,0.563529908657074,0.22965753078460693,-0.12316882610321045,0.5898743867874146,0.13701725006103516,-0.15378902852535248,0.43519318103790283,0.553987443447113,-0.04999694973230362,0.4438622295856476,0.3828313946723938,-0.08580270409584045,0.4629265069961548,0.28448280692100525,-0.11741912364959717,0.49489301443099976,0.21132111549377441,-0.13980355858802795,0.3447030186653137,0.6068222522735596,-0.0600099079310894,0.31022146344184875,0.47474730014801025,-0.09569279849529266,0.31941455602645874,0.3977266252040863,-0.11511580646038055,0.34936434030532837,0.3401307463645935,-0.12644056975841522
0.44849693775177,1.0328270196914673,1.3461003618431278e-06,0.5979318022727966,0.9976309537887573,-0.0731833428144455,0.7141375541687012,0.9219921827316284,-0.11242245137691498,0.7983170747756958,0.8298743963241577,-0.14708687365055084,0.8844058513641357,0.7630280256271362,-0.18075549602508545,0.6203159093856812,0.5843574404716492,-0.047120969742536545,0.6635846495628357,0.39861658215522766,-0.08705504983663559,0.6853334307670593,0.2762995660305023,-0.12509681284427643,0.7044155597686768,0.16705641150474548,-0.15376457571983337,0.5277448296546936,0.5474520325660706,-0.044768448919057846,0.5463546514511108,0.33182293176651,-0.07759372889995575,0.5621584057807922,0.1903122067451477,-0.11478734016418457,0.5799895524978638,0.06944537162780762,-0.14323461055755615,0.4360111653804779,0.5600473880767822,-0.05112878978252411,0.44804489612579346,0.360340416431427,-0.08556050807237625,0.4617936313152313,0.2353140413761139,-0.1148366704583168,0.48176309466362,0.12788105010986328,-0.13496093451976776,0.34448930621147156,0.6129186153411865,-0.06467733532190323,0.3191709518432617,0.4638705849647522,-0.09859888255596161,0.3180776834487915,0.3690302073955536,-0.11396073549985886,0.32889747619628906,0.2838726341724396,-0.12200969457626343
0.4504614472389221,1.0381643772125244,1.4152346921036951e-06,0.5991735458374023,0.9958085417747498,-0.08154478669166565,0.7142151594161987,0.9162241220474243,-0.12882724404335022,0.7974803447723389,0.8229036927223206,-0.17021042108535767,0.8859823942184448,0.7553907036781311,-0.21071255207061768,0.616269588470459,0.5806367993354797,-0.07046408206224442,0.6605179905891418,0.38764888048171997,-0.12096574157476425,0.6831099987030029,0.2633122503757477,-0.16535264253616333,0.7018115520477295,0.15085560083389282,-0.1975148767232895,0.5228496193885803,0.5417912006378174,-0.06869406998157501,0.5363591909408569,0.29979413747787476,-0.11199589818716049,0.546168863773346,0.13623595237731934,-0.15512514114379883,0.5555733442306519,-0.0018230676651000977,-0.18680866062641144,0.4319317936897278,0.5565784573554993,-0.07529392093420029,0.4386026859283447,0.3443729877471924,-0.1182238981127739,0.4491186738014221,0.21042406558990479,-0.15233436226844788,0.4631991982460022,0.09673255681991577,-0.17471453547477722,0.34205734729766846,0.6153674721717834,-0.08932285755872726,0.31426751613616943,0.4610181450843811,-0.1291891187429428,0.3029085099697113,0.3580690622329712,-0.14744466543197632,0.30007827281951904,0.2637515664100647,-0.15710210800170898
0.4520258605480194,1.0453277826309204,1.3377124332691892e-06,0.5956371426582336,0.9965945482254028,-0.07849089801311493,0.710486650466919,0.9108462333679199,-0.12399358302354813,0.8006795644760132,0.8132805228233337,-0.1644005924463272,0.8921431303024292,0.7443791031837463,-0.2043171375989914,0.6157898902893066,0.5776394009590149,-0.0666017159819603,0.6609981060028076,0.3827413022518158,-0.1154405027627945,0.6810324192047119,0.25967711210250854,-0.15840482711791992,0.6976877450942993,0.14698052406311035,-0.18989452719688416,0.5199599862098694,0.538384735584259,-0.06644900143146515,0.5338349938392639,0.29303839802742004,-0.1072639748454094,0.5439063906669617,0.13305899500846863,-0.14818495512008667,0.5531835556030273,-0.0025367140769958496,-0.17889179289340973,0.42763030529022217,0.5539716482162476,-0.07475590705871582,0.42986512184143066,0.338717520236969,-0.11597155034542084,0.43540340662002563,0.20270079374313354,-0.14927366375923157,0.4446605145931244,0.08754044771194458,-0.17184001207351685,0.33720868825912476,0.6134193539619446,-0.09042316675186157,0.30658018589019775,0.4577576518058777,-0.128797709941864,0.29204341769218445,0.3528350591659546,-0.14612238109111786,0.28637856245040894,0.25531065464019775,-0.15580449998378754
0.44758859276771545,1.0470762252807617,1.25608323742199e-06,0.5904208421707153,0.999024510383606,-0.07614906132221222,0.7069506049156189,0.9103627800941467,-0.11959876865148544,0.7961542010307312,0.8083584904670715,-0.15829633176326752,0.8869786262512207,0.7367883920669556,-0.19650517404079437,0.6112280488014221,0.5744630098342896,-0.06101866811513901,0.6565006375312805,0.3787841796875,-0.10632903128862381,0.6760821342468262,0.25733548402786255,-0.14644716680049896,0.6917638182640076,0.14723140001296997,-0.1766594648361206,0.5150848031044006,0.5357568264007568,-0.06093312054872513,0.5278477072715759,0.2938229441642761,-0.09967081248760223,0.5362811088562012,0.14214816689491272,-0.13943374156951904,0.5437444448471069,0.015711843967437744,-0.16959381103515625,0.42252445220947266,0.5522763133049011,-0.06923744827508926,0.4222228527069092,0.3350924253463745,-0.1093214824795723,0.4247940182685852,0.19833305478096008,-0.14315634965896606,0.43104609847068787,0.08164697885513306,-0.16683128476142883,0.3324648141860962,0.6130715608596802,-0.08459498733282089,0.30085837841033936,0.45696955919265747,-0.12330464273691177,0.2846883237361908,0.3508155047893524,-0.14225909113883972,0.2781134247779846,0.2505994141101837,-0.15355899930000305
0.44578880071640015,1.0481963157653809,1.250828518095659e-06,0.5869492292404175,0.9969503879547119,-0.07709109038114548,0.7025226354598999,0.9074826240539551,-0.11981291323900223,0.7920243740081787,0.8065881729125977,-0.15771162509918213,0.8837920427322388,0.7336041331291199,-0.19456562399864197,0.606117844581604,0.5707439184188843,-0.055335093289613724,0.6530013084411621,0.3777257800102234,-0.0975746437907219,0.6723098158836365,0.25749343633651733,-0.13626326620578766,0.6866594552993774,0.1483919620513916,-0.16594965755939484,0.5098751783370972,0.533038318157196,-0.05403602495789528,0.5210158228874207,0.29632365703582764,-0.08995616436004639,0.5274482369422913,0.14940965175628662,-0.1282597780227661,0.532002329826355,0.028946518898010254,-0.15772470831871033,0.4178827702999115,0.5496899485588074,-0.06182112917304039,0.41566333174705505,0.336981862783432,-0.10019918531179428,0.4169962406158447,0.20126494765281677,-0.13365966081619263,0.42143410444259644,0.08549392223358154,-0.15726885199546814,0.32822883129119873,0.6097535490989685,-0.07700559496879578,0.2964484691619873,0.4533237814903259,-0.11512646824121475,0.27887850999832153,0.34634125232696533,-0.13439807295799255,0.27079495787620544,0.24424567818641663,-0.1460273265838623
0.4422324001789093,1.0472313165664673,1.3135564813637757e-06,0.5855228304862976,0.996749997138977,-0.07923290133476257,0.7017744779586792,0.9074982404708862,-0.12397733330726624,0.7914409637451172,0.8070213794708252,-0.16347403824329376,0.8835254907608032,0.7329387664794922,-0.20205220580101013,0.6005504131317139,0.5715780854225159,-0.06182260811328888,0.6465960144996643,0.37924808263778687,-0.10719721019268036,0.6664316654205322,0.2586798667907715,-0.1473570168018341,0.6812713742256165,0.14844542741775513,-0.1776440590620041,0.5058157444000244,0.5328259468078613,-0.06084948033094406,0.5173732042312622,0.28978046774864197,-0.10007377713918686,0.5254379510879517,0.13279259204864502,-0.13957592844963074,0.5306320786476135,0.002305269241333008,-0.16940809786319733,0.41500192880630493,0.5500149726867676,-0.06897501647472382,0.41132062673568726,0.3341003954410553,-0.11059477180242538,0.412092924118042,0.1951604187488556,-0.14575402438640594,0.4158158600330353,0.07537603378295898,-0.16976943612098694,0.32667994499206543,0.6114386320114136,-0.08444568514823914,0.29378601908683777,0.4535287022590637,-0.12528865039348602,0.27502548694610596,0.34608954191207886,-0.1457253098487854,0.26528045535087585,0.2433636486530304,-0.15780973434448242
0.4399575889110565,1.0497841835021973,1.216956547978043e-06,0.584061861038208,0.9996286630630493,-0.07715999335050583,0.700855016708374,0.9095864295959473,-0.12061697244644165,0.7915818691253662,0.8081226944923401,-0.1593051254749298,0.8838433027267456,0.7326539754867554,-0.19698330760002136,0.5995716452598572,0.5725867748260498,-0.05712011829018593,0.6451976895332336,0.38004347681999207,-0.0997864305973053,0.6635739207267761,0.26072341203689575,-0.13782905042171478,0.676634669303894,0.15366527438163757,-0.16704599559307098,0.5036854147911072,0.5339371562004089,-0.05588104948401451,0.513436496257782,0.2967253029346466,-0.0928223580121994,0.5195299983024597,0.1513368785381317,-0.130666583776474,0.522611141204834,0.03388708829879761,-0.15953034162521362,0.4119222164154053,0.5500708818435669,-0.06374496966600418,0.4074443280696869,0.3351776897907257,-0.10318976640701294,0.4080011248588562,0.19658425450325012,-0.1375797837972641,0.4113587737083435,0.07767140865325928,-0.16182595491409302,0.32318997383117676,0.6092504858970642,-0.0787980780005455,0.29026371240615845,0.45214641094207764,-0.11837618052959442,0.27132686972618103,0.344423770904541,-0.1390581876039505,0.26156675815582275,0.2416568398475647,-0.15168412029743195
0.43971961736679077,1.0468465089797974,1.2678021903411718e-06,0.5807055234909058,0.9956793785095215,-0.07888247072696686,0.6970692873001099,0.9060506224632263,-0.12420286983251572,0.789391815662384,0.8081824779510498,-0.16446331143379211,0.8826521635055542,0.7362555265426636,-0.20406171679496765,0.5964922904968262,0.570938229560852,-0.06190047040581703,0.6361410021781921,0.37834370136260986,-0.1065787747502327,0.651620090007782,0.2597852945327759,-0.1461891531944275,0.6624339818954468,0.15125775337219238,-0.17633791267871857,0.5015748739242554,0.5326440334320068,-0.06104545295238495,0.5132924318313599,0.29200196266174316,-0.09969121962785721,0.5205959677696228,0.1405184268951416,-0.13874267041683197,0.5245901942253113,0.014298737049102783,-0.16834011673927307,0.41013503074645996,0.5492618083953857,-0.06930144131183624,0.40567493438720703,0.333619624376297,-0.10987965762615204,0.4041207432746887,0.19391947984695435,-0.14530912041664124,0.4058572053909302,0.0718691349029541,-0.1701197624206543,0.32154202461242676,0.60999995470047,-0.08488738536834717,0.2873559892177582,0.45234477519989014,-0.12426973134279251,0.2680150866508484,0.34707310795783997,-0.14450623095035553,0.2587970793247223,0.24572643637657166,-0.15704956650733948
0.437884658575058,1.0456244945526123,1.3040164503763663e-06,0.5799574255943298,0.9942868947982788,-0.08132626116275787,0.6957401633262634,0.9071991443634033,-0.12979497015476227,0.7893046140670776,0.8120830059051514,-0.17289051413536072,0.8840835094451904,0.7397745847702026,-0.2153647094964981,0.5966554880142212,0.5732711553573608,-0.06981342285871506,0.6342657208442688,0.38037848472595215,-0.11892785131931305,0.6478486061096191,0.2611730098724365,-0.16088025271892548,0.6568618416786194,0.15083932876586914,-0.19243502616882324,0.5013657808303833,0.5334686040878296,-0.07015807926654816,0.5118891000747681,0.2853832542896271,-0.11378027498722076,0.5207357406616211,0.12418413162231445,-0.15526776015758514,0.5264971852302551,-0.01406937837600708,-0.18637916445732117,0.40904587507247925,0.5507844090461731,-0.0797460675239563,0.4038330018520355,0.3323146402835846,-0.1254476010799408,0.40397223830223083,0.1898455023765564,-0.1637149155139923,0.4076109230518341,0.06416326761245728,-0.18987198173999786,0.3200410306453705,0.6119024157524109,-0.09658840298652649,0.2839994430541992,0.45433878898620605,-0.14015091955661774,0.2640484869480133,0.3487515151500702,-0.16240280866622925,0.2539234757423401,0.24634245038032532,-0.17617715895175934
0.4350592792034149,1.0487253665924072,1.2391614063744782e-06,0.5772326588630676,0.9966672658920288,-0.07960323244333267,0.6937297582626343,0.9065122604370117,-0.12731380760669708,0.7878237366676331,0.8124717473983765,-0.17021796107292175,0.8832389712333679,0.7443850040435791,-0.2126186043024063,0.5960827469825745,0.573126494884491,-0.0684107095003128,0.635117769241333,0.37928229570388794,-0.11707145720720291,0.6502512097358704,0.2600291967391968,-0.15854105353355408,0.6604908108711243,0.15043628215789795,-0.19005703926086426,0.49978068470954895,0.5337768197059631,-0.06930333375930786,0.5112373232841492,0.29168784618377686,-0.11222361773252487,0.5219529867172241,0.1405888795852661,-0.15231895446777344,0.529793381690979,0.012298047542572021,-0.1824144572019577,0.40646302700042725,0.551271378993988,-0.07938428968191147,0.4010027050971985,0.33220431208610535,-0.12422541528940201,0.4013240933418274,0.18884149193763733,-0.16112688183784485,0.4053453803062439,0.061551809310913086,-0.18673910200595856,0.3176202178001404,0.613666832447052,-0.09665774554014206,0.28075432777404785,0.4566759467124939,-0.13972024619579315,0.2593476176261902,0.35109198093414307,-0.16136978566646576,0.24709373712539673,0.2486284077167511,-0.17481283843517303
0.43181729316711426,1.0532498359680176,1.3052288068138296e-06,0.5745028853416443,1.0014688968658447,-0.0827321708202362,0.690022885799408,0.9120947122573853,-0.13154937326908112,0.7841299176216125,0.8171533346176147,-0.17518368363380432,0.881237268447876,0.75062495470047,-0.21798130869865417,0.5928008556365967,0.5749655365943909,-0.06897586584091187,0.6311277151107788,0.37793248891830444,-0.11716565489768982,0.6462549567222595,0.2562428414821625,-0.15852834284305573,0.6571335792541504,0.14492279291152954,-0.19000326097011566,0.49640363454818726,0.5355189442634583,-0.06864424049854279,0.5056462287902832,0.28992941975593567,-0.11072088032960892,0.5148073434829712,0.13599905371665955,-0.15062691271305084,0.5220252275466919,0.004935026168823242,-0.18045739829540253,0.4029974341392517,0.5526476502418518,-0.07784928381443024,0.3963686525821686,0.3320249319076538,-0.12231740355491638,0.3958740532398224,0.18870162963867188,-0.15938915312290192,0.3995824456214905,0.061372220516204834,-0.18498434126377106,0.3136039078235626,0.6148748397827148,-0.09461411833763123,0.2738622725009918,0.45935243368148804,-0.1373770534992218,0.25064852833747864,0.35658353567123413,-0.15890346467494965,0.23722070455551147,0.25696244835853577,-0.17213137447834015
0.4284480810165405,1.0571269989013672,1.258475094800815e-06,0.5732784271240234,1.0035679340362549,-0.07995884120464325,0.689095139503479,0.9120625257492065,-0.1265231817960739,0.782965898513794,0.8153039216995239,-0.1684570461511612,0.88101726770401,0.7505174875259399,-0.20967061817646027,0.5892717838287354,0.5749650597572327,-0.06349288672208786,0.627800703048706,0.37732186913490295,-0.10937600582838058,0.6429083943367004,0.25543013215065,-0.14942078292369843,0.6540161371231079,0.14436525106430054,-0.18038015067577362,0.49234500527381897,0.5370674133300781,-0.06366509199142456,0.5005463361740112,0.29489609599113464,-0.10401559621095657,0.5090112686157227,0.1444898247718811,-0.14301835000514984,0.5158737301826477,0.016266047954559326,-0.17237311601638794,0.3989455997943878,0.5553428530693054,-0.07332036644220352,0.3917810022830963,0.3345865309238434,-0.11674556136131287,0.39045026898384094,0.18962451815605164,-0.15364781022071838,0.3936570882797241,0.06048697233200073,-0.1792835295200348,0.3104623556137085,0.6181486248970032,-0.09034619480371475,0.26804354786872864,0.46304261684417725,-0.13295575976371765,0.24329295754432678,0.3591787815093994,-0.1548616886138916,0.2289520502090454,0.25815349817276,-0.16835413873195648
0.4203450083732605,1.0572338104248047,1.2702909089057357e-06,0.5686905384063721,1.0072870254516602,-0.08172436058521271,0.6864663362503052,0.9164866805076599,-0.1296326369047165,0.7813190817832947,0.8194522857666016,-0.17259836196899414,0.8813927173614502,0.7563302516937256,-0.2149561196565628,0.588308572769165,0.5789440274238586,-0.06844809651374817,0.6270809173583984,0.37955063581466675,-0.11607754230499268,0.6426270008087158,0.25612354278564453,-0.15686477720737457,0.6541121602058411,0.14344152808189392,-0.18843752145767212,0.4909787178039551,0.5398570895195007,-0.06853780150413513,0.4978766441345215,0.2957674264907837,-0.11050333827733994,0.504925549030304,0.14506369829177856,-0.150223970413208,0.5104645490646362,0.016202032566070557,-0.18011914193630219,0.39703238010406494,0.557367205619812,-0.07797876745462418,0.3890843689441681,0.33557429909706116,-0.12285580486059189,0.3859553039073944,0.1909482479095459,-0.16005708277225494,0.38723012804985046,0.06119197607040405,-0.1857932209968567,0.3079930543899536,0.6194432973861694,-0.09487508237361908,0.2652580738067627,0.4629564881324768,-0.1387885957956314,0.23924684524536133,0.35963040590286255,-0.1611846387386322,0.22314509749412537,0.2587149441242218,-0.17492260038852692
0.4206686019897461,1.0618128776550293,1.3098746194373234e-06,0.5683825016021729,1.0112441778182983,-0.08410311490297318,0.6846021413803101,0.9184123277664185,-0.13231202960014343,0.779416561126709,0.8217031955718994,-0.17543193697929382,0.8809127807617188,0.7592275142669678,-0.21814218163490295,0.5872559547424316,0.5791858434677124,-0.0695313885807991,0.6259849667549133,0.37911275029182434,-0.11855160444974899,0.642638087272644,0.2536492645740509,-0.16063755750656128,0.6547092199325562,0.13887345790863037,-0.19284529983997345,0.48848840594291687,0.5398201942443848,-0.0695524662733078,0.49375492334365845,0.2895996868610382,-0.11246061325073242,0.4987136721611023,0.13228046894073486,-0.15316453576087952,0.502159059047699,-0.001927793025970459,-0.18337440490722656,0.3939855098724365,0.5582351684570312,-0.07924557477235794,0.38557612895965576,0.3336373269557953,-0.12499233335256577,0.3811931014060974,0.18532902002334595,-0.16296140849590302,0.3815265893936157,0.052199721336364746,-0.1888452023267746,0.3046044111251831,0.6229178309440613,-0.096726194024086,0.26137420535087585,0.4635671377182007,-0.14130492508411407,0.23520156741142273,0.35880786180496216,-0.1636744737625122,0.21903136372566223,0.2567414939403534,-0.17711366713047028
0.41879960894584656,1.0665284395217896,1.2550015071610687e-06,0.5674740672111511,1.0139559507369995,-0.08114871382713318,0.685111939907074,0.91856849193573,-0.1275690644979477,0.7802703380584717,0.8209875822067261,-0.1693950593471527,0.8815363645553589,0.7596063017845154,-0.2107570916414261,0.5867732167243958,0.5804754495620728,-0.06508322060108185,0.626556932926178,0.379616916179657,-0.11175817251205444,0.64369797706604,0.25405022501945496,-0.1523258239030838,0.6564004421234131,0.13980284333229065,-0.18382418155670166,0.48791807889938354,0.5417876243591309,-0.06548046320676804,0.4940665066242218,0.29502707719802856,-0.10603318363428116,0.4997469484806061,0.1426405906677246,-0.14515894651412964,0.5039527416229248,0.012734651565551758,-0.1746707558631897,0.3931692838668823,0.5595448017120361,-0.07541728019714355,0.38667285442352295,0.3354867398738861,-0.11916016787290573,0.38260817527770996,0.18669003248214722,-0.15621955692768097,0.3828217387199402,0.053515076637268066,-0.18200862407684326,0.3036016523838043,0.6222911477088928,-0.0929374247789383,0.2594817280769348,0.4637410044670105,-0.1363310068845749,0.2322445511817932,0.35846322774887085,-0.15830333530902863,0.21474865078926086,0.25624528527259827,-0.17171576619148254
0.4135693609714508,1.062154769897461,1.3095053645884036e-06,0.5648382902145386,1.0133957862854004,-0.07933209091424942,0.684635579586029,0.9218877553939819,-0.1234908476471901,0.7828516960144043,0.825652003288269,-0.16331876814365387,0.8836517930030823,0.7637432217597961,-0.2026851773262024,0.5858063101768494,0.5835815668106079,-0.06110871583223343,0.6278323531150818,0.3824590742588043,-0.10681957751512527,0.6461690664291382,0.2554113566875458,-0.14703527092933655,0.6594521403312683,0.13945919275283813,-0.17818619310855865,0.4866848289966583,0.5431177616119385,-0.06200357526540756,0.4916585087776184,0.28954944014549255,-0.10183116048574448,0.49745434522628784,0.12877920269966125,-0.14156793057918549,0.5017147660255432,-0.0074928998947143555,-0.1716642677783966,0.3916853666305542,0.5599979758262634,-0.07239098101854324,0.38525933027267456,0.3350133001804352,-0.11614616215229034,0.38184475898742676,0.18807747960090637,-0.15401259064674377,0.38239625096321106,0.05822509527206421,-0.1799420714378357,0.3020443320274353,0.6215044260025024,-0.09022723883390427,0.2586017847061157,0.4619687795639038,-0.1336737871170044,0.2310011088848114,0.35698285698890686,-0.1558905988931656,0.21314525604248047,0.2550716698169708,-0.1693132072687149
0.41428473591804504,1.0642104148864746,1.2752188922604546e-06,0.5626069903373718,1.0148051977157593,-0.0828937217593193,0.6823655366897583,0.9215439558029175,-0.13006290793418884,0.7815053462982178,0.8277623653411865,-0.17225375771522522,0.8837119340896606,0.7673068642616272,-0.21398654580116272,0.5876727104187012,0.5849174857139587,-0.06814876198768616,0.6323630213737488,0.3832157254219055,-0.11567727476358414,0.6521279215812683,0.25586333870887756,-0.15598078072071075,0.6665063500404358,0.14036253094673157,-0.1871797740459442,0.4874306321144104,0.5454554557800293,-0.06789667904376984,0.4930925965309143,0.2980859577655792,-0.1092076450586319,0.4979787766933441,0.1468803584575653,-0.14746913313865662,0.5016549825668335,0.019105851650238037,-0.1761401742696762,0.3915594220161438,0.5632326602935791,-0.07739614695310593,0.3856772780418396,0.3375815451145172,-0.12189931422472,0.3835197389125824,0.18761900067329407,-0.15790793299674988,0.3854537606239319,0.05385702848434448,-0.18281692266464233,0.30121344327926636,0.6258004307746887,-0.09468171000480652,0.25845617055892944,0.46501317620277405,-0.13871292769908905,0.2323298454284668,0.3585633933544159,-0.16031435132026672,0.21577787399291992,0.25470879673957825,-0.17333289980888367
0.4100111722946167,1.063080072402954,1.3023343399254372e-06,0.5620407462120056,1.020562767982483,-0.08274617791175842,0.6836925745010376,0.9275481700897217,-0.12960128486156464,0.7824430465698242,0.8321920037269592,-0.1713719666004181,0.884691596031189,0.7725374698638916,-0.21312199532985687,0.5882888436317444,0.5903024673461914,-0.0747552141547203,0.6318469643592834,0.3865451216697693,-0.12650400400161743,0.6507985591888428,0.2566116452217102,-0.16903509199619293,0.6639484167098999,0.13846048712730408,-0.20114319026470184,0.48645254969596863,0.5481200218200684,-0.07623132318258286,0.49136245250701904,0.2901891767978668,-0.12198130786418915,0.49545544385910034,0.12797248363494873,-0.16302239894866943,0.4981825351715088,-0.010001122951507568,-0.19306547939777374,0.3894435465335846,0.5650546550750732,-0.08687537163496017,0.3840845227241516,0.33513587713241577,-0.1352938860654831,0.382007896900177,0.18380507826805115,-0.17274494469165802,0.38405513763427734,0.04917401075363159,-0.19758404791355133,0.29853731393814087,0.6286484003067017,-0.10506036877632141,0.2544323801994324,0.46397656202316284,-0.15204328298568726,0.22792145609855652,0.3557405471801758,-0.17430172860622406,0.21127530932426453,0.2502100169658661,-0.18702681362628937
0.4028727412223816,1.072960376739502,1.210265281770262e-06,0.5584460496902466,1.0312761068344116,-0.0777861624956131,0.6814119815826416,0.9326371550559998,-0.11980114132165909,0.7837607264518738,0.8345094919204712,-0.15738214552402496,0.8866310715675354,0.7771079540252686,-0.19484195113182068,0.588957667350769,0.5957857370376587,-0.06607716530561447,0.6363896727561951,0.3893997073173523,-0.11310405284166336,0.6557192206382751,0.2582051455974579,-0.15203504264354706,0.6678008437156677,0.1408698558807373,-0.1819385439157486,0.48623788356781006,0.5517351627349854,-0.06775344908237457,0.49360188841819763,0.29591259360313416,-0.10897299647331238,0.4967580735683441,0.14065009355545044,-0.14645957946777344,0.49723175168037415,0.010585486888885498,-0.17395231127738953,0.3882458806037903,0.566366970539093,-0.07838020473718643,0.38403141498565674,0.3335564136505127,-0.12275385856628418,0.3804473578929901,0.18199676275253296,-0.15776315331459045,0.3801090717315674,0.04811912775039673,-0.1813332885503769,0.2957639694213867,0.6283226609230042,-0.0962347686290741,0.2524668276309967,0.4613344967365265,-0.14020295441150665,0.22614717483520508,0.35277679562568665,-0.16076365113258362,0.2097785472869873,0.24816828966140747,-0.17234361171722412
0.4027923345565796,1.079903244972229,1.2181304782643565e-06,0.5590747594833374,1.0387630462646484,-0.07556597143411636,0.6819605231285095,0.9391424655914307,-0.11480659246444702,0.7831025123596191,0.8430086374282837,-0.14994248747825623,0.8836442232131958,0.7876072525978088,-0.18496151268482208,0.589896023273468,0.6021187901496887,-0.06279385089874268,0.639278769493103,0.39333462715148926,-0.10847290605306625,0.6591339111328125,0.26136893033981323,-0.14684142172336578,0.6710492372512817,0.14254611730575562,-0.17611156404018402,0.48560264706611633,0.5569865703582764,-0.06512849777936935,0.4926398992538452,0.2948119044303894,-0.10485901683568954,0.49533647298812866,0.13356900215148926,-0.14206761121749878,0.49478551745414734,-0.0006364583969116211,-0.16930203139781952,0.3867277204990387,0.5709269046783447,-0.07624358683824539,0.38344818353652954,0.3367394804954529,-0.11904893815517426,0.3819330930709839,0.1836710274219513,-0.1540067493915558,0.3826170563697815,0.050094544887542725,-0.17741136252880096,0.29371097683906555,0.6327109932899475,-0.09451840817928314,0.25003981590270996,0.46379032731056213,-0.13706424832344055,0.22347292304039001,0.3545595109462738,-0.15657031536102295,0.20668452978134155,0.2504633963108063,-0.1672181636095047
0.3969351053237915,1.0841569900512695,1.2385380614432506e-06,0.5553221702575684,1.0450371503829956,-0.07674871385097504,0.6810123324394226,0.9467306137084961,-0.11755791306495667,0.7849841117858887,0.8520466685295105,-0.1539851576089859,0.8867207765579224,0.7965176701545715,-0.1903921663761139,0.5898293256759644,0.6094309687614441,-0.06696821749210358,0.6421931385993958,0.3992619514465332,-0.11426396667957306,0.6636046171188354,0.26466095447540283,-0.15301261842250824,0.6765861511230469,0.14438015222549438,-0.18252861499786377,0.48444241285324097,0.5626633167266846,-0.06909164786338806,0.49454671144485474,0.301250159740448,-0.11003440618515015,0.49920225143432617,0.14242371916770935,-0.14707188308238983,0.50027996301651,0.009174704551696777,-0.17431987822055817,0.38433265686035156,0.5754356980323792,-0.07998373359441757,0.38084959983825684,0.3406016528606415,-0.12349478900432587,0.3798554539680481,0.18684345483779907,-0.1579655557870865,0.3813532590866089,0.05190753936767578,-0.18128059804439545,0.28992611169815063,0.6360253691673279,-0.0981529951095581,0.24681749939918518,0.4653841257095337,-0.1411028951406479,0.22086191177368164,0.3541313409805298,-0.1607968658208847,0.20471394062042236,0.24727216362953186,-0.17179307341575623
0.39426106214523315,1.0923465490341187,1.2536328313217382e-06,0.5558034181594849,1.0516998767852783,-0.07622797042131424,0.6832464933395386,0.9536730647087097,-0.1182747408747673,0.7855560779571533,0.8645932078361511,-0.1560400426387787,0.886481761932373,0.8122063875198364,-0.19424563646316528,0.5922240614891052,0.6176928281784058,-0.07202180474996567,0.6451439261436462,0.4057497978210449,-0.12240488082170486,0.6660764813423157,0.26925238966941833,-0.16305698454380035,0.6776391863822937,0.14767193794250488,-0.1935676783323288,0.4851122796535492,0.5689132213592529,-0.07536167651414871,0.4954473674297333,0.3014528155326843,-0.11942891776561737,0.4991442561149597,0.13940885663032532,-0.15865458548069,0.4981694221496582,0.004080474376678467,-0.1868547946214676,0.3839579224586487,0.5810906291007996,-0.08680739253759384,0.3789060115814209,0.3385261595249176,-0.13221968710422516,0.37495747208595276,0.1816093623638153,-0.16741810739040375,0.3730955421924591,0.044145166873931885,-0.19075489044189453,0.2898528575897217,0.6433103680610657,-0.10518958419561386,0.24634897708892822,0.4676492512226105,-0.1489473581314087,0.21993520855903625,0.3548653721809387,-0.16805264353752136,0.20348206162452698,0.2477724850177765,-0.17812128365039825
0.3884812593460083,1.102287769317627,1.2344310107437195e-06,0.5521741509437561,1.062541127204895,-0.0752636268734932,0.6813948154449463,0.9645088911056519,-0.11858513951301575,0.7870156168937683,0.8799506425857544,-0.15794198215007782,0.8896177411079407,0.831518828868866,-0.19805411994457245,0.5947096943855286,0.6292486786842346,-0.07694278657436371,0.6532418727874756,0.41585078835487366,-0.13094964623451233,0.6764810085296631,0.2764345407485962,-0.17309102416038513,0.6893658638000488,0.15251639485359192,-0.20441100001335144,0.48720699548721313,0.5772162079811096,-0.08158721774816513,0.5014510750770569,0.31083351373672485,-0.12838006019592285,0.5065438151359558,0.15206259489059448,-0.16727188229560852,0.5064018368721008,0.019427955150604248,-0.19503040611743927,0.38486307859420776,0.5874603986740112,-0.09417018294334412,0.3803708553314209,0.34321412444114685,-0.14129658043384552,0.3771435618400574,0.18583139777183533,-0.17492935061454773,0.37592774629592896,0.04797452688217163,-0.19715258479118347,0.28940343856811523,0.6487669944763184,-0.11366315931081772,0.24847888946533203,0.4704386591911316,-0.15853656828403473,0.22371727228164673,0.35608503222465515,-0.17696431279182434,0.20851492881774902,0.24768486618995667,-0.18640516698360443
0.388019323348999,1.0999623537063599,1.3645390026795212e-06,0.5495871901512146,1.0658504962921143,-0.07958333194255829,0.6814613938331604,0.9731765389442444,-0.12611417472362518,0.7903208136558533,0.8971966505050659,-0.16793879866600037,0.8936232328414917,0.8528403639793396,-0.2104605883359909,0.5981273651123047,0.6411460041999817,-0.08733665198087692,0.6597481966018677,0.42587071657180786,-0.14515653252601624,0.6853724122047424,0.28464487195014954,-0.18886306881904602,0.7001270055770874,0.15828844904899597,-0.2204728126525879,0.4889106750488281,0.5848155617713928,-0.09174024313688278,0.5064340233802795,0.306630402803421,-0.14175304770469666,0.5152750015258789,0.13648462295532227,-0.18180912733078003,0.5181640982627869,-0.005585134029388428,-0.20987769961357117,0.3848280906677246,0.5926133394241333,-0.10402299463748932,0.3810800313949585,0.3460264503955841,-0.15305113792419434,0.3813771605491638,0.19043803215026855,-0.18649789690971375,0.3834036588668823,0.056235671043395996,-0.207900732755661,0.28796619176864624,0.6519641876220703,-0.1236586943268776,0.24763965606689453,0.47159093618392944,-0.16861671209335327,0.22415411472320557,0.3581819236278534,-0.1857590526342392,0.21070674061775208,0.2508959472179413,-0.19406577944755554
0.3867749571800232,1.1063952445983887,1.297769131269888e-06,0.5514284372329712,1.0749518871307373,-0.07848255336284637,0.6850928664207458,0.9815191030502319,-0.12332829087972641,0.795089602470398,0.9053637981414795,-0.16385094821453094,0.8987565040588379,0.8636800646781921,-0.20521172881126404,0.601292073726654,0.6484787464141846,-0.08423083275556564,0.6641346216201782,0.43322473764419556,-0.14041823148727417,0.689730167388916,0.2931758463382721,-0.18321070075035095,0.704442024230957,0.16842815279960632,-0.21464523673057556,0.490550696849823,0.5918533205986023,-0.08845707774162292,0.5082398056983948,0.3162039816379547,-0.1381625384092331,0.5155876874923706,0.1485109031200409,-0.17846186459064484,0.5165998935699463,0.009932518005371094,-0.20677243173122406,0.3859514594078064,0.5990363359451294,-0.10056430846452713,0.38222736120224,0.3506055176258087,-0.14990194141864777,0.3826754093170166,0.19523441791534424,-0.18425241112709045,0.3851194381713867,0.06265097856521606,-0.20632623136043549,0.28955596685409546,0.6577830910682678,-0.11985871940851212,0.2486070990562439,0.476990282535553,-0.16578169167041779,0.22513097524642944,0.36169466376304626,-0.18457035720348358,0.21215373277664185,0.2532922029495239,-0.1940525621175766
0.3904208540916443,1.109788417816162,1.3075966762698954e-06,0.5528335571289062,1.0765916109085083,-0.07954945415258408,0.6863270401954651,0.9876632690429688,-0.1259034126996994,0.7968711853027344,0.9148861169815063,-0.16803033649921417,0.902906060218811,0.8757458925247192,-0.21087630093097687,0.6021535992622375,0.6524199843406677,-0.08374931663274765,0.6682589054107666,0.4388491213321686,-0.14019820094108582,0.6955779194831848,0.2994827926158905,-0.18354304134845734,0.7113479375839233,0.17500367760658264,-0.21537116169929504,0.49229371547698975,0.595682680606842,-0.08768708258867264,0.5127425789833069,0.32416167855262756,-0.13711290061473846,0.5213792324066162,0.1610570251941681,-0.17688678205013275,0.5232508182525635,0.025849223136901855,-0.20500342547893524,0.38770806789398193,0.6017630696296692,-0.09985002875328064,0.3855550289154053,0.35391202569007874,-0.1487390398979187,0.38716399669647217,0.19901195168495178,-0.182212695479393,0.3907298743724823,0.06612634658813477,-0.20394371449947357,0.29040342569351196,0.6587331295013428,-0.11944711953401566,0.25057342648506165,0.47763746976852417,-0.16487015783786774,0.22808796167373657,0.3615552484989166,-0.1831662952899933,0.21621417999267578,0.2521575093269348,-0.19247525930404663
0.3882519602775574,1.1114521026611328,1.3342942111194134e-06,0.5522289276123047,1.0822029113769531,-0.08035722374916077,0.6877747178077698,0.9928866624832153,-0.12817847728729248,0.799855649471283,0.918759822845459,-0.17166146636009216,0.9079935550689697,0.8822422623634338,-0.21604517102241516,0.6060513854026794,0.6584573984146118,-0.0888257771730423,0.6725623607635498,0.44389188289642334,-0.14774399995803833,0.7007434368133545,0.30504927039146423,-0.19158007204532623,0.717598557472229,0.18153715133666992,-0.22337615489959717,0.49643465876579285,0.5998538732528687,-0.09334027022123337,0.5180462598800659,0.3247811794281006,-0.14511613547801971,0.5280221700668335,0.15881097316741943,-0.18517474830150604,0.5315240621566772,0.021174311637878418,-0.21330514550209045,0.39120420813560486,0.6052735447883606,-0.105963334441185,0.39051902294158936,0.35867083072662354,-0.1567390412092209,0.39321571588516235,0.20564723014831543,-0.19000393152236938,0.3982572555541992,0.07413226366043091,-0.21134698390960693,0.292400598526001,0.662253737449646,-0.12599772214889526,0.2548956274986267,0.48163697123527527,-0.17246368527412415,0.23408201336860657,0.36554375290870667,-0.19061751663684845,0.22380852699279785,0.25556033849716187,-0.19981923699378967
0.3883853554725647,1.1134446859359741,1.2822600865547429e-06,0.5526539087295532,1.0823440551757812,-0.07764339447021484,0.6904164552688599,0.9943684339523315,-0.12418033927679062,0.8042058944702148,0.925428569316864,-0.16720490157604218,0.9115805625915527,0.8925756216049194,-0.21131832897663116,0.6083375215530396,0.6600036025047302,-0.08426593244075775,0.6778836250305176,0.44656795263290405,-0.14156976342201233,0.7068014144897461,0.3084450960159302,-0.18472880125045776,0.7238583564758301,0.18632438778877258,-0.21628965437412262,0.4986801743507385,0.6026265025138855,-0.0894942656159401,0.522986888885498,0.33439570665359497,-0.13989251852035522,0.5337185859680176,0.17359405755996704,-0.17957699298858643,0.5369105935096741,0.041338205337524414,-0.20764970779418945,0.39332109689712524,0.6075992584228516,-0.10279843956232071,0.39506158232688904,0.3611525297164917,-0.1522112786769867,0.39888423681259155,0.2086743712425232,-0.18533845245838165,0.40419501066207886,0.07821857929229736,-0.2069043219089508,0.29483479261398315,0.6634565591812134,-0.12332964688539505,0.2576005756855011,0.4837033152580261,-0.1693999171257019,0.23656919598579407,0.36677417159080505,-0.18814273178577423,0.2255675494670868,0.25711455941200256,-0.1977485865354538
0.3905527591705322,1.1185612678527832,1.2804030120605603e-06,0.5559037327766418,1.0883210897445679,-0.0778045654296875,0.69378662109375,1.0010886192321777,-0.12376057356595993,0.8056632280349731,0.928264856338501,-0.16612191498279572,0.9117240905761719,0.8912717700004578,-0.20927484333515167,0.6097315549850464,0.6621846556663513,-0.081122025847435,0.6811481714248657,0.44942525029182434,-0.13696666061878204,0.7114485502243042,0.3127672076225281,-0.17963393032550812,0.7298429012298584,0.1913474202156067,-0.21085593104362488,0.5007776021957397,0.6045933365821838,-0.08494849503040314,0.5286641716957092,0.34135571122169495,-0.13298363983631134,0.541490912437439,0.18496963381767273,-0.17162884771823883,0.5461457371711731,0.05591130256652832,-0.19942426681518555,0.39594313502311707,0.6084295511245728,-0.0970563292503357,0.399294376373291,0.3653917908668518,-0.14371424913406372,0.4034291207790375,0.215616375207901,-0.1752997785806656,0.40895459055900574,0.08655279874801636,-0.19639790058135986,0.29746127128601074,0.6629930138587952,-0.1165977492928505,0.2615715265274048,0.48457157611846924,-0.1600847840309143,0.24223113059997559,0.3690835237503052,-0.1776721179485321,0.2329108715057373,0.2607417106628418,-0.18684574961662292
0.39172035455703735,1.117117166519165,1.2998378906559083e-06,0.5559794306755066,1.0854161977767944,-0.07631039619445801,0.6925274729728699,0.9989481568336487,-0.12168107181787491,0.8048524260520935,0.9225554466247559,-0.1633601039648056,0.9123848080635071,0.886260986328125,-0.2057683914899826,0.6097458600997925,0.6606811881065369,-0.07909628748893738,0.6840782165527344,0.4475576877593994,-0.13241109251976013,0.7152887582778931,0.311443030834198,-0.1727983057498932,0.7347016334533691,0.19177106022834778,-0.20250965654850006,0.5021095275878906,0.604395866394043,-0.08221102505922318,0.5324345231056213,0.34342166781425476,-0.1279175728559494,0.5476253032684326,0.19161918759346008,-0.16438525915145874,0.5545350909233093,0.06651878356933594,-0.19073747098445892,0.39813175797462463,0.6075992584228516,-0.09344516694545746,0.4031456410884857,0.3639037609100342,-0.13795232772827148,0.40812885761260986,0.21408849954605103,-0.16853438317775726,0.41432613134384155,0.08407551050186157,-0.18928679823875427,0.3000038266181946,0.6603274345397949,-0.1118587926030159,0.26477545499801636,0.4814312160015106,-0.15374422073364258,0.24727478623390198,0.3662277162075043,-0.17082807421684265,0.23962706327438354,0.2577226758003235,-0.1797993779182434
0.3961501121520996,1.115044355392456,1.3025037333136424e-06,0.5582925081253052,1.0815982818603516,-0.077115997672081,0.6918606758117676,0.9971305131912231,-0.12359561771154404,0.8014847040176392,0.9186835289001465,-0.16600804030895233,0.9077579379081726,0.8765627145767212,-0.20895428955554962,0.609093427658081,0.6525143384933472,-0.07886878401041031,0.6822899580001831,0.4425960183143616,-0.13184013962745667,0.712975800037384,0.30847516655921936,-0.17253215610980988,0.7323060035705566,0.19043642282485962,-0.20253822207450867,0.5019247531890869,0.5983514785766602,-0.08121932297945023,0.5318647027015686,0.3415299952030182,-0.12717966735363007,0.5475540161132812,0.19193825125694275,-0.16408389806747437,0.555198609828949,0.06879520416259766,-0.19076316058635712,0.39860647916793823,0.604060173034668,-0.09176642447710037,0.4036240577697754,0.3632716238498688,-0.1367214471101761,0.4093697667121887,0.21408969163894653,-0.16774681210517883,0.416786789894104,0.08363604545593262,-0.1888272613286972,0.30170226097106934,0.6593040823936462,-0.10942792892456055,0.2666386365890503,0.48163414001464844,-0.15236660838127136,0.24906611442565918,0.3659549355506897,-0.17039479315280914,0.24149450659751892,0.25634580850601196,-0.1798875778913498
0.39944928884506226,1.1040022373199463,1.4000223700350034e-06,0.5586705803871155,1.0624967813491821,-0.07871194183826447,0.6884685754776001,0.9765146970748901,-0.12657269835472107,0.7963862419128418,0.8991960287094116,-0.17024846374988556,0.9031338691711426,0.8531502485275269,-0.21433375775814056,0.6046082377433777,0.6404370069503784,-0.0745188444852829,0.6776818037033081,0.4351823031902313,-0.12528464198112488,0.7095270156860352,0.30401918292045593,-0.1668982356786728,0.7305074334144592,0.18682575225830078,-0.19833868741989136,0.49887391924858093,0.5883280038833618,-0.0756918415427208,0.5282881259918213,0.33775511384010315,-0.11943600326776505,0.5438843965530396,0.18990013003349304,-0.1583922803401947,0.5521292090415955,0.06905639171600342,-0.18753401935100555,0.3963526487350464,0.5936358571052551,-0.08524832129478455,0.40200650691986084,0.36041688919067383,-0.1274714320898056,0.40840086340904236,0.21386951208114624,-0.15966235101222992,0.41642096638679504,0.08645433187484741,-0.182560533285141,0.29928040504455566,0.6470539569854736,-0.10222090780735016,0.2672579884529114,0.47615283727645874,-0.14245669543743134,0.2506033182144165,0.3618847131729126,-0.16069109737873077,0.24343305826187134,0.2534741461277008,-0.1712654083967209
0.3975057601928711,1.0847067832946777,1.4239153642847668e-06,0.5594896078109741,1.0421210527420044,-0.07269386202096939,0.6893775463104248,0.9570679664611816,-0.11699961125850677,0.7960529327392578,0.8778324127197266,-0.15772035717964172,0.896183967590332,0.8235645294189453,-0.1991439014673233,0.5990251302719116,0.6184107661247253,-0.07010868936777115,0.6679906249046326,0.4170248508453369,-0.11975470185279846,0.6980590224266052,0.2873013913631439,-0.16134659945964813,0.7175259590148926,0.16951140761375427,-0.19229701161384583,0.4942808151245117,0.5676597356796265,-0.0732937753200531,0.5204882621765137,0.3149873614311218,-0.11546643823385239,0.5335186719894409,0.15865516662597656,-0.15521331131458282,0.5393722653388977,0.028021514415740967,-0.18499067425727844,0.3927825689315796,0.5753252506256104,-0.08395601809024811,0.3976634740829468,0.3468586504459381,-0.124809131026268,0.4042056202888489,0.20508238673210144,-0.15686854720115662,0.41229861974716187,0.08185893297195435,-0.17928004264831543,0.29654377698898315,0.6306187510490417,-0.10144656896591187,0.2652701735496521,0.4633861184120178,-0.14026780426502228,0.2487044334411621,0.351990669965744,-0.1573171615600586,0.24194476008415222,0.2462821900844574,-0.16668204963207245
0.39550313353538513,1.0722953081130981,1.3643892771142418e-06,0.5545888543128967,1.0287935733795166,-0.07345402985811234,0.6814583539962769,0.9384280443191528,-0.11589708924293518,0.7879847288131714,0.8494691252708435,-0.15444451570510864,0.8905453681945801,0.7965802550315857,-0.19297708570957184,0.5963658094406128,0.5967106223106384,-0.06301836669445038,0.6585518717765808,0.3965902030467987,-0.10902443528175354,0.6868345141410828,0.2695906460285187,-0.14912402629852295,0.7052428126335144,0.1547229290008545,-0.1793271154165268,0.48986029624938965,0.5466877818107605,-0.06482420116662979,0.5096426606178284,0.29401928186416626,-0.103724904358387,0.5196521282196045,0.14078068733215332,-0.14168350398540497,0.5238286852836609,0.013512849807739258,-0.16992658376693726,0.38729822635650635,0.5544922351837158,-0.07464831322431564,0.39115700125694275,0.3275205194950104,-0.11302859336137772,0.39669734239578247,0.18784651160240173,-0.1442967802286148,0.40434014797210693,0.06697654724121094,-0.16595779359340668,0.2909389138221741,0.6085101366043091,-0.09166240692138672,0.26196402311325073,0.4406195282936096,-0.1281517595052719,0.244635671377182,0.33202484250068665,-0.14434875547885895,0.23747903108596802,0.22956305742263794,-0.15303809940814972
0.3932521939277649,1.0483543872833252,1.316741304435709e-06,0.5490758419036865,1.001792550086975,-0.08041100949048996,0.6795347929000854,0.9149896502494812,-0.12511110305786133,0.7823271751403809,0.8252201676368713,-0.16466693580150604,0.88131183385849,0.764755368232727,-0.20320913195610046,0.5909262895584106,0.571904718875885,-0.06217149645090103,0.6499171257019043,0.37501734495162964,-0.10607961565256119,0.6761434674263,0.2508533000946045,-0.14522936940193176,0.6937686204910278,0.13749396800994873,-0.17502519488334656,0.4854641556739807,0.5242626667022705,-0.059560954570770264,0.5011362433433533,0.28417620062828064,-0.09599018841981888,0.5082157850265503,0.14003601670265198,-0.1322600394487381,0.5115501284599304,0.020359516143798828,-0.1597955971956253,0.38449007272720337,0.532672107219696,-0.06619767844676971,0.38677477836608887,0.3163633346557617,-0.10279466956853867,0.3916083574295044,0.1807471215724945,-0.13260063529014587,0.39941391348838806,0.06319677829742432,-0.15377922356128693,0.2885056734085083,0.5852639079093933,-0.08102259039878845,0.26020562648773193,0.4231811761856079,-0.1158917248249054,0.24283292889595032,0.3183635473251343,-0.13157875835895538,0.23515847325325012,0.2189444601535797,-0.1404189169406891
0.3909691274166107,1.030049204826355,1.2825710200559115e-06,0.5449638366699219,0.9825282692909241,-0.07837065309286118,0.6733251810073853,0.8919475078582764,-0.121360182762146,0.772698700428009,0.8012507557868958,-0.15917596220970154,0.8693528175354004,0.7421712875366211,-0.19594943523406982,0.5859491229057312,0.5489386320114136,-0.06023102626204491,0.6447699069976807,0.35898223519325256,-0.10437557846307755,0.6705988645553589,0.2367877960205078,-0.14391593635082245,0.6879416704177856,0.12586569786071777,-0.174152210354805,0.4824445843696594,0.5029287934303284,-0.05879152566194534,0.5002852082252502,0.26745957136154175,-0.09625735878944397,0.5090521574020386,0.126397967338562,-0.13273663818836212,0.5145739316940308,0.009604871273040771,-0.16024424135684967,0.3831408619880676,0.5136448740959167,-0.06651856750249863,0.3883214592933655,0.298729807138443,-0.10494106262922287,0.39235788583755493,0.16492262482643127,-0.1353982388973236,0.39957311749458313,0.048077523708343506,-0.15664707124233246,0.28768646717071533,0.5691972970962524,-0.08210210502147675,0.26297324895858765,0.40665900707244873,-0.11914385855197906,0.24845671653747559,0.3013954758644104,-0.1361745148897171,0.24422290921211243,0.19964787364006042,-0.14578819274902344
0.3923593759536743,1.0195099115371704,1.2678850680458709e-06,0.5453261137008667,0.968573808670044,-0.07405727356672287,0.6726313233375549,0.8693627119064331,-0.11278419941663742,0.7694777250289917,0.7734014987945557,-0.1472601294517517,0.8634804487228394,0.7180368900299072,-0.18109990656375885,0.583282470703125,0.5291355848312378,-0.05173414573073387,0.6407012939453125,0.34216606616973877,-0.09530851989984512,0.667461633682251,0.22047054767608643,-0.13607297837734222,0.6868951320648193,0.11183339357376099,-0.16723407804965973,0.48158887028694153,0.48281991481781006,-0.05286058783531189,0.5006788969039917,0.24182075262069702,-0.0903049036860466,0.5115920901298523,0.09580355882644653,-0.12911970913410187,0.520198404788971,-0.025112152099609375,-0.15790781378746033,0.3836652934551239,0.49320292472839355,-0.06304673105478287,0.39016443490982056,0.2694530487060547,-0.10273878276348114,0.3919312059879303,0.12825137376785278,-0.13704600930213928,0.39764684438705444,0.0035361647605895996,-0.16060073673725128,0.2882273197174072,0.5504099726676941,-0.080519899725914,0.2627602219581604,0.38504600524902344,-0.1196238249540329,0.24844172596931458,0.27639251947402954,-0.13899767398834229,0.24488738179206848,0.17105934023857117,-0.1500748246908188
0.38804325461387634,1.0191006660461426,1.2252172609805712e-06,0.543398916721344,0.9587235450744629,-0.06655777245759964,0.6703773736953735,0.8531589508056641,-0.09991738945245743,0.7667287588119507,0.7540619373321533,-0.13065625727176666,0.8610727787017822,0.7015560865402222,-0.16042232513427734,0.5775158405303955,0.5106292366981506,-0.03187694028019905,0.6374069452285767,0.32426542043685913,-0.06888488680124283,0.6655356287956238,0.20425954461097717,-0.10713101923465729,0.6870021224021912,0.09733515977859497,-0.13727016746997833,0.47914841771125793,0.466406911611557,-0.0346432588994503,0.5008590817451477,0.23176363110542297,-0.06550595164299011,0.5139678716659546,0.08970504999160767,-0.1015564426779747,0.5254839062690735,-0.02613973617553711,-0.12885119020938873,0.3830137252807617,0.47637319564819336,-0.047004543244838715,0.39100730419158936,0.25389429926872253,-0.08135494589805603,0.39566805958747864,0.10989847779273987,-0.11408062279224396,0.40426957607269287,-0.016732215881347656,-0.13719184696674347,0.28746435046195984,0.5329058766365051,-0.0664646178483963,0.26443803310394287,0.36629918217658997,-0.10189120471477509,0.2516038119792938,0.25559794902801514,-0.11963143944740295,0.2489948868751526,0.14830517768859863,-0.1299193650484085
0.37621989846229553,1.0123531818389893,1.2193075917821261e-06,0.5323563814163208,0.9513521194458008,-0.066275455057621,0.6620758175849915,0.8412882089614868,-0.09845820814371109,0.7632389068603516,0.7384459972381592,-0.12801755964756012,0.8586219549179077,0.6803080439567566,-0.1563647985458374,0.5691888332366943,0.5001140236854553,-0.028571823611855507,0.6298525333404541,0.3149157166481018,-0.06505385786294937,0.6595142483711243,0.196343332529068,-0.1037500873208046,0.6823758482933044,0.09028095006942749,-0.13403329253196716,0.47182032465934753,0.45414772629737854,-0.030586902052164078,0.4963228702545166,0.22126540541648865,-0.05956349894404411,0.5097496509552002,0.07988470792770386,-0.09495218843221664,0.5206899046897888,-0.03644561767578125,-0.12210575491189957,0.37609541416168213,0.46280235052108765,-0.04246044158935547,0.3867699205875397,0.24194568395614624,-0.07460661977529526,0.39111393690109253,0.0992383062839508,-0.10628922283649445,0.39878740906715393,-0.02756369113922119,-0.12924674153327942,0.28025344014167786,0.5185405611991882,-0.061660733073949814,0.2593038082122803,0.355751633644104,-0.0947117954492569,0.2470284104347229,0.24781224131584167,-0.11107129603624344,0.24435794353485107,0.14315509796142578,-0.12079241126775742
0.3691294193267822,1.0127512216567993,1.1886509128089529e-06,0.5261663794517517,0.9452919960021973,-0.06360196322202682,0.654316782951355,0.8300802707672119,-0.09160817414522171,0.7532844543457031,0.7228043079376221,-0.11779068410396576,0.8453859090805054,0.6593968868255615,-0.14244525134563446,0.5596849322319031,0.4919411540031433,-0.014762724749743938,0.6159136295318604,0.3046617805957794,-0.047103263437747955,0.6439635753631592,0.18693363666534424,-0.08443576842546463,0.6672812700271606,0.08131319284439087,-0.1139393076300621,0.46456417441368103,0.4479116201400757,-0.016991790384054184,0.488940954208374,0.21739238500595093,-0.041662175208330154,0.5025602579116821,0.07602140307426453,-0.07659395784139633,0.5144374966621399,-0.04079246520996094,-0.10382939875125885,0.36995044350624084,0.45750531554222107,-0.02989223413169384,0.37889236211776733,0.23805943131446838,-0.059450726956129074,0.38135838508605957,0.09597328305244446,-0.09142108261585236,0.38764670491218567,-0.029990315437316895,-0.11469051986932755,0.2745298147201538,0.5132914185523987,-0.05026814714074135,0.2522731423377991,0.3498237133026123,-0.08173441141843796,0.23929184675216675,0.24021577835083008,-0.09835262596607208,0.23629602789878845,0.13322609663009644,-0.10855798423290253
0.36340779066085815,1.0075881481170654,1.1787930134232738e-06,0.5175307989120483,0.9401559829711914,-0.06712978333234787,0.6450684666633606,0.8249936103820801,-0.09666641056537628,0.7444024085998535,0.7148562669754028,-0.12372243404388428,0.8375746011734009,0.6497491002082825,-0.14878292381763458,0.5501859784126282,0.48550093173980713,-0.015855401754379272,0.6058881878852844,0.3004555106163025,-0.047710441052913666,0.632900059223175,0.18321344256401062,-0.08502454310655594,0.6544249057769775,0.07764074206352234,-0.11470088362693787,0.4563479423522949,0.4416278600692749,-0.016706105321645737,0.4789772629737854,0.2106575071811676,-0.04125221073627472,0.4892098009586334,0.06773117184638977,-0.07650617510080338,0.4975811243057251,-0.050579607486724854,-0.10407958179712296,0.3628283739089966,0.4516589045524597,-0.028553921729326248,0.3729650676250458,0.23309758305549622,-0.058202143758535385,0.3753817677497864,0.09145721793174744,-0.09061561524868011,0.3810799717903137,-0.034382522106170654,-0.1141611635684967,0.26765698194503784,0.5071646571159363,-0.04824841395020485,0.24339964985847473,0.3431732952594757,-0.07977963238954544,0.2287575602531433,0.23250609636306763,-0.09688566625118256,0.22383913397789001,0.12436231970787048,-0.1075371652841568
0.3610081672668457,1.0071210861206055,1.1605847021201043e-06,0.5167518258094788,0.937400221824646,-0.06546064466238022,0.6430912017822266,0.8192732334136963,-0.0933135449886322,0.7397804260253906,0.7085331678390503,-0.11909313499927521,0.8308415412902832,0.6424912214279175,-0.14288325607776642,0.5411937236785889,0.4852861762046814,-0.013830873183906078,0.5952396392822266,0.29844930768013,-0.04441457986831665,0.6225810050964355,0.1817413568496704,-0.08034353703260422,0.6453260779380798,0.07789450883865356,-0.10871872305870056,0.44756776094436646,0.4435892701148987,-0.015212567523121834,0.4678760766983032,0.21084290742874146,-0.038535989820957184,0.4782373309135437,0.06770649552345276,-0.07244691997766495,0.4873446524143219,-0.048520028591156006,-0.09884732961654663,0.35542571544647217,0.4549194574356079,-0.02757139876484871,0.36303359270095825,0.23645439743995667,-0.05664137005805969,0.36568012833595276,0.09570750594139099,-0.08827871829271317,0.37237632274627686,-0.028331875801086426,-0.11094897240400314,0.2619244456291199,0.5115411281585693,-0.04770446568727493,0.23365548253059387,0.3460603356361389,-0.0791100412607193,0.21755850315093994,0.23342308402061462,-0.09588233381509781,0.21181929111480713,0.12358829379081726,-0.10607767105102539
0.3629106283187866,1.0070037841796875,1.1808273256974644e-06,0.5177788734436035,0.9327110052108765,-0.06790991872549057,0.6408681869506836,0.8163203001022339,-0.09705577790737152,0.7355725765228271,0.70499587059021,-0.1238989531993866,0.8260517716407776,0.6369062066078186,-0.14873310923576355,0.5350324511528015,0.48900753259658813,-0.015055112540721893,0.5868178606033325,0.30277958512306213,-0.04633967950940132,0.6121253371238708,0.1857161819934845,-0.083004891872406,0.6330983638763428,0.08033102750778198,-0.11208891123533249,0.4410693347454071,0.4490175247192383,-0.01561247929930687,0.4585624039173126,0.21491864323616028,-0.039476897567510605,0.46781936287879944,0.07107728719711304,-0.0738222599029541,0.4764004349708557,-0.04583930969238281,-0.10062848776578903,0.3495520353317261,0.4623340964317322,-0.02743227779865265,0.3535846769809723,0.24440842866897583,-0.057350676506757736,0.3539210557937622,0.10472330451011658,-0.08968593180179596,0.3585461974143982,-0.018698036670684814,-0.1128426045179367,0.2579817771911621,0.5198493599891663,-0.04728449136018753,0.22878462076187134,0.3580031991004944,-0.0797504410147667,0.21112501621246338,0.24697834253311157,-0.09729843586683273,0.2034757137298584,0.13805386424064636,-0.108115553855896
0.3628186583518982,1.008886456489563,1.1849955399156897e-06,0.5170852541923523,0.9350706338882446,-0.06867360323667526,0.639179527759552,0.8178368210792542,-0.097945436835289,0.7306438684463501,0.7041972875595093,-0.12440171092748642,0.8185895681381226,0.6341303586959839,-0.14844313263893127,0.5336683392524719,0.4900088906288147,-0.015042741782963276,0.586117148399353,0.30404722690582275,-0.04564382880926132,0.610334038734436,0.1854894757270813,-0.08152645081281662,0.6292575597763062,0.0798865556716919,-0.11005904525518417,0.43925705552101135,0.4521818161010742,-0.014570327475667,0.4566256105899811,0.21972820162773132,-0.0375627763569355,0.4651949107646942,0.07717964053153992,-0.07081001996994019,0.47319361567497253,-0.03818511962890625,-0.09671816229820251,0.34801238775253296,0.46645665168762207,-0.025368720293045044,0.35338640213012695,0.2493748664855957,-0.054387908428907394,0.3538491129875183,0.10900887846946716,-0.08593719452619553,0.3582545816898346,-0.014417767524719238,-0.10867674648761749,0.257341593503952,0.5243115425109863,-0.044209033250808716,0.22794318199157715,0.3665081560611725,-0.07597086578607559,0.2098325788974762,0.25857698917388916,-0.09292478114366531,0.2017655074596405,0.15337485074996948,-0.10324842482805252
0.364430695772171,1.0103871822357178,1.1772381185437553e-06,0.5173596739768982,0.9353481531143188,-0.06761333346366882,0.6382421255111694,0.816559910774231,-0.09685830026865005,0.7262287139892578,0.6995974183082581,-0.12352921813726425,0.8120667934417725,0.6245507001876831,-0.14759673178195953,0.5325114130973816,0.49053725600242615,-0.014679445885121822,0.5835466384887695,0.30534663796424866,-0.045990996062755585,0.6073614358901978,0.18681353330612183,-0.08167221397161484,0.6261572241783142,0.08148446679115295,-0.10973215103149414,0.43891647458076477,0.4535449743270874,-0.014744286425411701,0.45678645372390747,0.22449466586112976,-0.03825350105762482,0.465717613697052,0.08284065127372742,-0.07060732692480087,0.47412925958633423,-0.03331941366195679,-0.09550010412931442,0.3478381037712097,0.46799641847610474,-0.02609877474606037,0.3523009419441223,0.2523425221443176,-0.05523478239774704,0.35190606117248535,0.11341249942779541,-0.08509620279073715,0.35593652725219727,-0.009123563766479492,-0.1064397469162941,0.25747421383857727,0.5258685946464539,-0.045500248670578,0.2279110848903656,0.37018969655036926,-0.0767916589975357,0.21007373929023743,0.2634066045284271,-0.09268925338983536,0.20222076773643494,0.15938380360603333,-0.10210783779621124
0.36628395318984985,1.0106244087219238,1.1646234270301647e-06,0.5183600783348083,0.9346218109130859,-0.06896625459194183,0.6353974342346191,0.8149368762969971,-0.09949810057878494,0.7189580798149109,0.6934646368026733,-0.1269315928220749,0.8019206523895264,0.6105197668075562,-0.15174604952335358,0.5325295925140381,0.49103015661239624,-0.020117031410336494,0.5823462605476379,0.30494603514671326,-0.05336713790893555,0.6047924160957336,0.18573662638664246,-0.0894697979092598,0.6222400069236755,0.07981589436531067,-0.11774319410324097,0.4387609660625458,0.4550943374633789,-0.020106948912143707,0.45644259452819824,0.22590041160583496,-0.046303641051054,0.4654983580112457,0.08314570784568787,-0.07987052202224731,0.4740566313266754,-0.034476637840270996,-0.10548244416713715,0.34757375717163086,0.4719458520412445,-0.03120397962629795,0.3521959185600281,0.2559414207935333,-0.06297732889652252,0.35124456882476807,0.11563441157341003,-0.09433639049530029,0.3550017476081848,-0.008193254470825195,-0.11659079790115356,0.2577219307422638,0.5326551795005798,-0.05015028640627861,0.22698210179805756,0.37754470109939575,-0.08429427444934845,0.20841500163078308,0.26976683735847473,-0.10221913456916809,0.2000127136707306,0.16485735774040222,-0.11288028955459595
0.3631613254547119,1.0072426795959473,1.160365968644328e-06,0.5176861882209778,0.9303699731826782,-0.07151089608669281,0.6358747482299805,0.8097041845321655,-0.10221531242132187,0.7185302376747131,0.6857641935348511,-0.12914907932281494,0.799972414970398,0.6002118587493896,-0.15378989279270172,0.5303998589515686,0.491518497467041,-0.02430267259478569,0.5789849758148193,0.30453282594680786,-0.05859490856528282,0.600508451461792,0.1830017864704132,-0.09524230659008026,0.6176139712333679,0.0749463438987732,-0.12400641292333603,0.4355238080024719,0.45695823431015015,-0.022760160267353058,0.44910115003585815,0.2262163758277893,-0.050191789865493774,0.45572036504745483,0.08198860287666321,-0.08488091826438904,0.46214544773101807,-0.03683650493621826,-0.11145666986703873,0.3444877862930298,0.47550249099731445,-0.032265424728393555,0.3465929329395294,0.2600109577178955,-0.0651891827583313,0.3441111743450165,0.11810818314552307,-0.09771047532558441,0.3459034562110901,-0.007173299789428711,-0.12087596207857132,0.25583741068840027,0.5361565947532654,-0.049708712846040726,0.2251736968755722,0.3819354176521301,-0.08556575328111649,0.2059209644794464,0.27419909834861755,-0.10496567189693451,0.19602540135383606,0.1682300865650177,-0.11666883528232574
0.36528801918029785,1.0088704824447632,1.1309592764519039e-06,0.5168831944465637,0.9322041273117065,-0.0711938738822937,0.6330940127372742,0.8044145107269287,-0.10143878310918808,0.7144221663475037,0.674682080745697,-0.12779662013053894,0.7965435981750488,0.585726797580719,-0.1517156958580017,0.527748703956604,0.49070581793785095,-0.02636098675429821,0.5758796334266663,0.30296000838279724,-0.06116197630763054,0.5970744490623474,0.1822274625301361,-0.09755316376686096,0.6138138771057129,0.07441070675849915,-0.1260884404182434,0.43354278802871704,0.45677706599235535,-0.02509118802845478,0.44693323969841003,0.22760620713233948,-0.053241342306137085,0.4538416862487793,0.08411937952041626,-0.087562195956707,0.45989152789115906,-0.03445100784301758,-0.11369404196739197,0.34328579902648926,0.4762502610683441,-0.03470238670706749,0.34421706199645996,0.2608676850795746,-0.06799978762865067,0.34132808446884155,0.11961677670478821,-0.09978798031806946,0.3425168991088867,-0.005818486213684082,-0.12234028428792953,0.2561032772064209,0.5385230183601379,-0.05217893421649933,0.22536306083202362,0.38452577590942383,-0.08804210275411606,0.20673882961273193,0.27733901143074036,-0.10717862099409103,0.19711056351661682,0.17204946279525757,-0.11866560578346252
0.3639954626560211,1.0076640844345093,1.106813670048723e-06,0.5152369141578674,0.9296430349349976,-0.06940887123346329,0.6294121742248535,0.7964907884597778,-0.09864602237939835,0.7052513360977173,0.6607072353363037,-0.12408924847841263,0.7845668792724609,0.5681158304214478,-0.14740043878555298,0.5238983035087585,0.49085763096809387,-0.029142605140805244,0.5729948878288269,0.3012165129184723,-0.06548768281936646,0.5941810011863708,0.17764267325401306,-0.10204906761646271,0.6102744340896606,0.0683583915233612,-0.13043929636478424,0.42894381284713745,0.457869291305542,-0.02877497859299183,0.4413461685180664,0.22486531734466553,-0.05857132002711296,0.4473288059234619,0.07953536510467529,-0.09339079260826111,0.4526980221271515,-0.04107189178466797,-0.11966979503631592,0.3394586741924286,0.47764062881469727,-0.03865134343504906,0.34076550602912903,0.26120245456695557,-0.07253331691026688,0.33934929966926575,0.11992660164833069,-0.10361680388450623,0.34178560972213745,-0.004849135875701904,-0.12570546567440033,0.2534043788909912,0.5404162406921387,-0.056126855313777924,0.22414210438728333,0.3870316445827484,-0.0921715572476387,0.2073650360107422,0.2811397910118103,-0.11074464023113251,0.19872671365737915,0.1778647005558014,-0.1216932013630867
0.36339062452316284,1.0083558559417725,1.0848726788026397e-06,0.5129287242889404,0.9298994541168213,-0.07113083451986313,0.6256248950958252,0.7943457961082458,-0.10115756094455719,0.7003277540206909,0.6560847163200378,-0.12708359956741333,0.7784569263458252,0.5608968138694763,-0.15089797973632812,0.52092444896698,0.49117958545684814,-0.03212923929095268,0.5681205987930298,0.2993358075618744,-0.06961569935083389,0.5877199769020081,0.17446842789649963,-0.10685519129037857,0.6022690534591675,0.06306979060173035,-0.1358434557914734,0.42618194222450256,0.45911774039268494,-0.031341444700956345,0.4380410611629486,0.22751474380493164,-0.06198186054825783,0.44378960132598877,0.08301186561584473,-0.0972079262137413,0.44870635867118835,-0.03804481029510498,-0.12413761764764786,0.3367936909198761,0.4797503352165222,-0.04093647748231888,0.3374360203742981,0.265765905380249,-0.07521297037601471,0.3357364535331726,0.12501129508018494,-0.10628721863031387,0.33741408586502075,0.0005056858062744141,-0.12868446111679077,0.2509478032588959,0.5424254536628723,-0.05834709852933884,0.22122956812381744,0.3897639811038971,-0.0947481170296669,0.20447427034378052,0.283514142036438,-0.11370384693145752,0.19512838125228882,0.18007200956344604,-0.12518808245658875
0.3680309057235718,1.0083547830581665,1.0520748219278175e-06,0.5140427947044373,0.9285562038421631,-0.07062897086143494,0.6247807741165161,0.7921542525291443,-0.10135313868522644,0.6976948380470276,0.6537249088287354,-0.1280331015586853,0.7743948698043823,0.5571082234382629,-0.15283893048763275,0.5196768045425415,0.4905828833580017,-0.03504721820354462,0.5638136863708496,0.29843413829803467,-0.07408490777015686,0.5817911028862,0.17287379503250122,-0.11226840317249298,0.5951191186904907,0.06062424182891846,-0.14185447990894318,0.42484837770462036,0.4592406153678894,-0.0349634550511837,0.43302902579307556,0.22895145416259766,-0.0672278180718422,0.4364055395126343,0.08478438854217529,-0.10354378819465637,0.43950605392456055,-0.03739696741104126,-0.13127842545509338,0.33588579297065735,0.48062941431999207,-0.04487399756908417,0.3346332907676697,0.2670939564704895,-0.07989673316478729,0.3316430449485779,0.12692132592201233,-0.11101920902729034,0.3322452902793884,0.0024449825286865234,-0.1335625946521759,0.2505662739276886,0.5445064306259155,-0.06249285861849785,0.21967542171478271,0.39266812801361084,-0.09942982345819473,0.20230287313461304,0.2857503890991211,-0.1185104101896286,0.19230401515960693,0.1816704273223877,-0.13003873825073242
0.3709651529788971,1.0043892860412598,1.037349647958763e-06,0.5153433084487915,0.9260537624359131,-0.07231405377388,0.6251612305641174,0.7908375859260559,-0.1050051897764206,0.6972644329071045,0.6540592908859253,-0.1333012580871582,0.7726078033447266,0.5558122396469116,-0.16000773012638092,0.5198626518249512,0.4919198155403137,-0.04176652431488037,0.5627115964889526,0.3012246787548065,-0.08362873643636703,0.580209493637085,0.17532745003700256,-0.12265068292617798,0.5935975313186646,0.06345683336257935,-0.1526605784893036,0.4256100356578827,0.4610494077205658,-0.04194935783743858,0.4327901005744934,0.23325592279434204,-0.07710235565900803,0.43610653281211853,0.09090623259544373,-0.11359058320522308,0.439701646566391,-0.029836654663085938,-0.1412944495677948,0.33687451481819153,0.48375529050827026,-0.05212767794728279,0.3355756402015686,0.27094823122024536,-0.08975920081138611,0.3322273790836334,0.13100245594978333,-0.12085418403148651,0.333044171333313,0.005800068378448486,-0.14330539107322693,0.2515313923358917,0.5495523810386658,-0.07002593576908112,0.22008027136325836,0.398112952709198,-0.10923261940479279,0.20272698998451233,0.29117095470428467,-0.12892404198646545,0.19256219267845154,0.18655607104301453,-0.14088672399520874
0.3736473321914673,1.0040135383605957,1.0479102456883993e-06,0.5183260440826416,0.9245820045471191,-0.0706166997551918,0.6262902021408081,0.7897122502326965,-0.10238265246152878,0.6964808702468872,0.6545946002006531,-0.13011126220226288,0.7695530652999878,0.5570530295372009,-0.15648682415485382,0.5219605565071106,0.4994306266307831,-0.04181189090013504,0.5660918354988098,0.31169331073760986,-0.08410228043794632,0.5848829746246338,0.18543541431427002,-0.12313620001077652,0.598909318447113,0.07339558005332947,-0.15322184562683105,0.42935776710510254,0.4686054587364197,-0.043274540454149246,0.439471572637558,0.243537038564682,-0.07915625721216202,0.44407910108566284,0.09841173887252808,-0.11593105643987656,0.447958767414093,-0.025773227214813232,-0.1439485400915146,0.3412401080131531,0.49062129855155945,-0.05458394065499306,0.3422808349132538,0.2789100110530853,-0.09334604442119598,0.3404412567615509,0.13973739743232727,-0.1247728243470192,0.3423984944820404,0.014873683452606201,-0.14740578830242157,0.2558434009552002,0.5551744699478149,-0.07340726256370544,0.22425220906734467,0.40682393312454224,-0.11386603862047195,0.20744729042053223,0.3007082939147949,-0.1340923309326172,0.1980302333831787,0.19738376140594482,-0.1464836299419403
0.37841689586639404,1.00044584274292,9.977381978387712e-07,0.5189236998558044,0.9213383197784424,-0.06781895458698273,0.6246565580368042,0.788313627243042,-0.10147713869810104,0.6933230757713318,0.6562816500663757,-0.13155895471572876,0.7648724317550659,0.559672474861145,-0.16108807921409607,0.5239864587783813,0.5051631331443787,-0.05097015202045441,0.5655050277709961,0.3182137608528137,-0.09771912544965744,0.583074688911438,0.19297391176223755,-0.1380498707294464,0.5962618589401245,0.08125215768814087,-0.168755903840065,0.4337339401245117,0.47472068667411804,-0.05531620234251022,0.4442687928676605,0.25156745314598083,-0.0964335948228836,0.4479439854621887,0.10724765062332153,-0.1347990483045578,0.4502028226852417,-0.01793849468231201,-0.16334222257137299,0.34762343764305115,0.49799421429634094,-0.06845644116401672,0.3477015197277069,0.28412383794784546,-0.11165981739759445,0.34228241443634033,0.1422964334487915,-0.14434382319450378,0.34065788984298706,0.01495450735092163,-0.1674385368824005,0.2639411687850952,0.5647839307785034,-0.08831051737070084,0.23005513846874237,0.41779211163520813,-0.13242030143737793,0.2116963267326355,0.3114243149757385,-0.15405167639255524,0.20090177655220032,0.2086297869682312,-0.16704025864601135
0.3808918595314026,0.9919046759605408,8.932251489568444e-07,0.5158259272575378,0.9118541479110718,-0.05923603102564812,0.6204174757003784,0.7783368825912476,-0.08843394368886948,0.6867965459823608,0.6502940058708191,-0.11548419296741486,0.75714510679245,0.5594983696937561,-0.1417890191078186,0.5240442156791687,0.5068158507347107,-0.03931529074907303,0.5613797903060913,0.3249203562736511,-0.08108433336019516,0.5780135989189148,0.20649844408035278,-0.11759758740663528,0.5905835032463074,0.10066214203834534,-0.1456253081560135,0.4374505579471588,0.478704035282135,-0.04566377028822899,0.4477369487285614,0.2637491524219513,-0.0827345997095108,0.4516175389289856,0.1274627447128296,-0.11730366945266724,0.45307657122612,0.008510708808898926,-0.1425967514514923,0.3549031615257263,0.500882089138031,-0.0603521429002285,0.35475701093673706,0.29486703872680664,-0.09977339953184128,0.3512517809867859,0.1617303192615509,-0.1282719224691391,0.3512231111526489,0.040592730045318604,-0.14824791252613068,0.2752881348133087,0.5652042031288147,-0.08121039718389511,0.24172545969486237,0.42554566264152527,-0.12054302543401718,0.22357425093650818,0.32742273807525635,-0.1380678117275238,0.2127988636493683,0.23243054747581482,-0.1482679694890976
0.3827700614929199,0.9821349382400513,8.256955084107176e-07,0.5113630294799805,0.9007019996643066,-0.0518341101706028,0.6124358773231506,0.7652563452720642,-0.07625733315944672,0.6763178110122681,0.6391934156417847,-0.09962186962366104,0.7434006333351135,0.554207980632782,-0.12252186238765717,0.519585132598877,0.5119730234146118,-0.031250156462192535,0.5565515160560608,0.33759188652038574,-0.0691189095377922,0.5730148553848267,0.22443744540214539,-0.10313122719526291,0.5853824019432068,0.12343692779541016,-0.129402294754982,0.43709245324134827,0.485287606716156,-0.03935520723462105,0.4471425414085388,0.2743733823299408,-0.07295536249876022,0.4514091908931732,0.14092090725898743,-0.10584460943937302,0.4532475173473358,0.0250546932220459,-0.13006159663200378,0.35902151465415955,0.5060857534408569,-0.05509671941399574,0.3585715889930725,0.31032076478004456,-0.09106607735157013,0.35826170444488525,0.18333888053894043,-0.11829661577939987,0.3606129288673401,0.0675320029258728,-0.13765424489974976,0.2829744815826416,0.567967414855957,-0.0764557272195816,0.25166192650794983,0.4350719451904297,-0.11199329048395157,0.23542791604995728,0.34181147813796997,-0.12764093279838562,0.22553299367427826,0.25105026364326477,-0.13698378205299377
0.3875821530818939,0.9695175886154175,7.227878313642577e-07,0.5105554461479187,0.8860430717468262,-0.043462008237838745,0.6079749464988708,0.7530726194381714,-0.06388845294713974,0.667356550693512,0.6342968940734863,-0.08461693674325943,0.7292030453681946,0.554977536201477,-0.10534974932670593,0.5156066417694092,0.5174668431282043,-0.024688171222805977,0.5531725287437439,0.34976649284362793,-0.05951790511608124,0.569841206073761,0.24002724885940552,-0.09143876284360886,0.5817065238952637,0.14420825242996216,-0.11610649526119232,0.43628227710723877,0.49333637952804565,-0.03436548635363579,0.4456574618816376,0.2938525974750519,-0.06508254259824753,0.4477696716785431,0.1684553027153015,-0.09610231220722198,0.4464450180530548,0.06056267023086548,-0.11938191205263138,0.3623442053794861,0.5124767422676086,-0.050793737173080444,0.3638753890991211,0.3234381675720215,-0.08276166021823883,0.3640369176864624,0.20152056217193604,-0.1081705093383789,0.3644077777862549,0.09020116925239563,-0.12703773379325867,0.29046475887298584,0.5704690217971802,-0.07209057360887527,0.26361972093582153,0.4441809058189392,-0.10358189791440964,0.2501249611377716,0.355709969997406,-0.11746807396411896,0.24022896587848663,0.2710809111595154,-0.1260913908481598
0.39458149671554565,0.9556369185447693,6.483626293629641e-07,0.5098757743835449,0.8763055801391602,-0.03720293194055557,0.6006484627723694,0.74639892578125,-0.05475775897502899,0.6552447080612183,0.6330906748771667,-0.07319626212120056,0.7132271528244019,0.5592212080955505,-0.09205444157123566,0.5125715732574463,0.5251200199127197,-0.023792922496795654,0.5480260848999023,0.3648417592048645,-0.05687831714749336,0.5636721849441528,0.25941067934036255,-0.08658649027347565,0.5746628642082214,0.16872099041938782,-0.10940998792648315,0.43685105443000793,0.5027915239334106,-0.03477507084608078,0.4438767433166504,0.31130531430244446,-0.06425607949495316,0.44561952352523804,0.1910208761692047,-0.09364574402570724,0.4439796507358551,0.08820489048957825,-0.11579789966344833,0.36775824427604675,0.5219020843505859,-0.05147264152765274,0.36715030670166016,0.3419027328491211,-0.0814267098903656,0.367423951625824,0.22663268446922302,-0.10563674569129944,0.3679249584674835,0.12191787362098694,-0.12379346042871475,0.30123502016067505,0.5780850052833557,-0.07236908376216888,0.27298206090927124,0.45627260208129883,-0.10182507336139679,0.25929394364356995,0.37065622210502625,-0.11512591689825058,0.2494409680366516,0.28983330726623535,-0.12354077398777008
0.3986316919326782,0.9447519779205322,6.121017008808849e-07,0.5083436965942383,0.8684735894203186,-0.034503042697906494,0.5935635566711426,0.7456356883049011,-0.05055220425128937,0.6441936492919922,0.6380425095558167,-0.06770863384008408,0.6974148154258728,0.5667988657951355,-0.08521274477243423,0.5102906227111816,0.5341283679008484,-0.01824057660996914,0.5430763363838196,0.38226038217544556,-0.04796605929732323,0.5556301474571228,0.2833590507507324,-0.07530392706394196,0.5644007921218872,0.19893935322761536,-0.09613220393657684,0.43829381465911865,0.512441098690033,-0.02856624312698841,0.4460029602050781,0.3307374119758606,-0.05442516505718231,0.4478282034397125,0.21759214997291565,-0.08091484010219574,0.4472822844982147,0.12117239832878113,-0.10085037350654602,0.37171074748039246,0.5286274552345276,-0.04459607973694801,0.3725370168685913,0.356766939163208,-0.0708981305360794,0.37468698620796204,0.2485906183719635,-0.09241820871829987,0.37817686796188354,0.1505592167377472,-0.1087566465139389,0.3066028952598572,0.5802447199821472,-0.06470990180969238,0.28138467669487,0.46383678913116455,-0.09044840931892395,0.2706187963485718,0.38369596004486084,-0.10131559520959854,0.2645730972290039,0.3086691200733185,-0.10810087621212006
0.3989538848400116,0.938040018081665,5.793331752101949e-07,0.5047146081924438,0.8680042028427124,-0.0342373289167881,0.5865949392318726,0.7505232095718384,-0.049704067409038544,0.6356307864189148,0.6467498540878296,-0.06606650352478027,0.6863393187522888,0.5756961703300476,-0.08278685808181763,0.509989857673645,0.5461734533309937,-0.017674798145890236,0.540276050567627,0.40213364362716675,-0.04679969325661659,0.5525983572006226,0.3084098994731903,-0.07363536208868027,0.5620866417884827,0.22701367735862732,-0.09416825324296951,0.4404776096343994,0.5225715041160583,-0.026579279452562332,0.45000287890434265,0.35258185863494873,-0.05182160064578056,0.4541047215461731,0.24719101190567017,-0.07744484394788742,0.45615389943122864,0.15625286102294922,-0.09664270281791687,0.374895304441452,0.5359647274017334,-0.04121378809213638,0.3752584159374237,0.37456023693084717,-0.066800557076931,0.3773152232170105,0.2723543643951416,-0.08756329864263535,0.3812069296836853,0.17898821830749512,-0.10335887223482132,0.31086254119873047,0.5837355256080627,-0.059947419911623,0.2892075479030609,0.473938524723053,-0.08475487679243088,0.278520405292511,0.397854208946228,-0.0957171693444252,0.27185943722724915,0.32586854696273804,-0.10273484885692596
0.40056562423706055,0.9298241138458252,5.250389563116187e-07,0.504180371761322,0.86529141664505,-0.03262822702527046,0.5837679505348206,0.7517198324203491,-0.04668444022536278,0.6309179067611694,0.6532528400421143,-0.061408817768096924,0.6780130863189697,0.5854515433311462,-0.07663588970899582,0.5104062557220459,0.5563055872917175,-0.019134022295475006,0.5380885004997253,0.4192320704460144,-0.04660903289914131,0.5491364598274231,0.3300216794013977,-0.07181717455387115,0.5564255118370056,0.2517034411430359,-0.0912313237786293,0.4440043866634369,0.5336154103279114,-0.027835700660943985,0.45411190390586853,0.37104684114456177,-0.0520639568567276,0.4592590630054474,0.2702309787273407,-0.07648526877164841,0.4611125588417053,0.18269029259681702,-0.09514626860618591,0.38109439611434937,0.5458937287330627,-0.0418781153857708,0.3818110525608063,0.3926655054092407,-0.06646768003702164,0.3845350742340088,0.29447823762893677,-0.08731559664011002,0.3879583179950714,0.2047671675682068,-0.10323847830295563,0.3188028037548065,0.5899339914321899,-0.05979267880320549,0.2973126769065857,0.480153888463974,-0.084433913230896,0.2851730287075043,0.4048646092414856,-0.0963941439986229,0.27639418840408325,0.3335677981376648,-0.1043158546090126
0.40155112743377686,0.9243564605712891,5.10534334807744e-07,0.5027175545692444,0.8646652698516846,-0.0345161035656929,0.5805537104606628,0.7577189207077026,-0.05005669593811035,0.6265624761581421,0.6612538695335388,-0.0653063952922821,0.674179196357727,0.5934418439865112,-0.08054278790950775,0.5106102824211121,0.5651268362998962,-0.02223513461649418,0.5363916754722595,0.43207645416259766,-0.04864649102091789,0.5464398860931396,0.34729722142219543,-0.07248163223266602,0.5531495809555054,0.27217137813568115,-0.09083228558301926,0.4464108347892761,0.5432072281837463,-0.028657009825110435,0.45953863859176636,0.3915572762489319,-0.051278792321681976,0.467732310295105,0.2984786629676819,-0.07351867109537125,0.472690224647522,0.2169150412082672,-0.09084782749414444,0.38434287905693054,0.5539212822914124,-0.040493808686733246,0.386573851108551,0.40854915976524353,-0.06374649703502655,0.39078786969184875,0.31669163703918457,-0.08277133107185364,0.3957872986793518,0.233155757188797,-0.09741845726966858,0.3226538300514221,0.5941340327262878,-0.056320056319236755,0.3018012046813965,0.4861330986022949,-0.08013598620891571,0.29019322991371155,0.4127785563468933,-0.09190870076417923,0.2818548083305359,0.3432219922542572,-0.09968392550945282
0.40441057085990906,0.9164954423904419,5.42523252988758e-07,0.5037637948989868,0.861041784286499,-0.034007955342531204,0.5794486999511719,0.758306086063385,-0.04909295216202736,0.6234044432640076,0.6643955707550049,-0.06352579593658447,0.6700600981712341,0.5974986553192139,-0.07785077393054962,0.5116544961929321,0.5682334899902344,-0.021475786343216896,0.5397857427597046,0.44133010506629944,-0.04691563919186592,0.5522775053977966,0.35945063829421997,-0.07008662819862366,0.5607721209526062,0.2866685092449188,-0.08788785338401794,0.44913357496261597,0.5469102263450623,-0.02722989022731781,0.46348243951797485,0.40166422724723816,-0.048496589064598083,0.47345495223999023,0.31250977516174316,-0.0697316825389862,0.4801853597164154,0.23400411009788513,-0.08624335378408432,0.38862526416778564,0.5577174425125122,-0.03828268125653267,0.3909497857093811,0.41720983386039734,-0.060687173157930374,0.3970305323600769,0.3277089297771454,-0.07887308299541473,0.4043545722961426,0.2462465465068817,-0.09270402044057846,0.32850033044815063,0.5972133874893188,-0.05321519449353218,0.30732011795043945,0.4913477599620819,-0.07654140889644623,0.2969842255115509,0.42019379138946533,-0.08775079250335693,0.2902810573577881,0.35278698801994324,-0.09487991034984589
0.40685537457466125,0.9085960388183594,5.378176410886226e-07,0.5064703822135925,0.8566712141036987,-0.03278418257832527,0.5804420709609985,0.7557408213615417,-0.0467439666390419,0.6223634481430054,0.6642391085624695,-0.0598258338868618,0.6669818162918091,0.5991969108581543,-0.07292838394641876,0.5138802528381348,0.5695704817771912,-0.02190527319908142,0.542208731174469,0.44420623779296875,-0.04615427926182747,0.555114209651947,0.36464524269104004,-0.0680127739906311,0.5639251470565796,0.2944124937057495,-0.08481233566999435,0.4522261917591095,0.5495022535324097,-0.027299586683511734,0.4667508602142334,0.4074602723121643,-0.04761771112680435,0.4776137173175812,0.32117313146591187,-0.06795172393321991,0.4854925572872162,0.24570950865745544,-0.08385623246431351,0.39224880933761597,0.5605895519256592,-0.03773685172200203,0.3956992030143738,0.42132872343063354,-0.059669703245162964,0.4029577374458313,0.33305689692497253,-0.07812189310789108,0.41114717721939087,0.2533840835094452,-0.09214654564857483,0.3327346444129944,0.5991213917732239,-0.05174892023205757,0.31260955333709717,0.4939824938774109,-0.075572170317173,0.3026317059993744,0.42293572425842285,-0.08775964379310608,0.29604071378707886,0.3554367125034332,-0.09551257640123367
0.41042301058769226,0.8993456959724426,5.389837838265521e-07,0.5075981616973877,0.8488714694976807,-0.03272664546966553,0.5812491774559021,0.7509527802467346,-0.0462358221411705,0.6232776045799255,0.6633908748626709,-0.05867583304643631,0.6662315726280212,0.6004449129104614,-0.07117218524217606,0.5156395435333252,0.5682023763656616,-0.021670473739504814,0.5432840585708618,0.44590601325035095,-0.044943228363990784,0.5563375353813171,0.36806464195251465,-0.06633593887090683,0.5653061270713806,0.2989051640033722,-0.08286032825708389,0.45547258853912354,0.5484294891357422,-0.02684866078197956,0.4687725305557251,0.40924185514450073,-0.04637487232685089,0.4779908061027527,0.32354500889778137,-0.0667080208659172,0.4842913746833801,0.2481168508529663,-0.08279717713594437,0.3967505097389221,0.5588362812995911,-0.03701327368617058,0.4023466408252716,0.4233660101890564,-0.05859306827187538,0.40983325242996216,0.3355007469654083,-0.07748781889677048,0.41758227348327637,0.2561887204647064,-0.09185561537742615,0.33733516931533813,0.5955813527107239,-0.05068346485495567,0.31841450929641724,0.4914166331291199,-0.07410061359405518,0.30934852361679077,0.4216007590293884,-0.08617870509624481,0.30339595675468445,0.35555416345596313,-0.0939941555261612
0.41287320852279663,0.8918523788452148,5.642717724185786e-07,0.5089118480682373,0.8426128029823303,-0.033953987061977386,0.5817831158638,0.7474644184112549,-0.048530213534832,0.6227991580963135,0.6607970595359802,-0.061677318066358566,0.6652854084968567,0.5975057482719421,-0.07459522783756256,0.5169897079467773,0.5658825635910034,-0.022331658750772476,0.5443607568740845,0.44512471556663513,-0.04566880688071251,0.557493269443512,0.36804020404815674,-0.0670599713921547,0.5667408108711243,0.30008816719055176,-0.0834261029958725,0.45796722173690796,0.5456618666648865,-0.026435719802975655,0.47280269861221313,0.40962618589401245,-0.04568003490567207,0.4837696850299835,0.3259180784225464,-0.06576372683048248,0.4920869767665863,0.25262314081192017,-0.08163858950138092,0.3997598886489868,0.5547006726264954,-0.035639986395835876,0.40603697299957275,0.42128539085388184,-0.0567881241440773,0.4139328598976135,0.33466941118240356,-0.07550051063299179,0.4225861728191376,0.2570629119873047,-0.08972018957138062,0.3405209183692932,0.5893009901046753,-0.04839446768164635,0.32329046726226807,0.48674362897872925,-0.07131610810756683,0.31534552574157715,0.417847216129303,-0.08336474001407623,0.31081146001815796,0.35271841287612915,-0.0911569893360138
0.41356247663497925,0.8850786089897156,5.801189786325267e-07,0.5095739960670471,0.8381439447402954,-0.034099336713552475,0.5824281573295593,0.7439141273498535,-0.04876238480210304,0.6235033273696899,0.6579322814941406,-0.06200525909662247,0.6662258505821228,0.5949350595474243,-0.07498148083686829,0.517612874507904,0.5628568530082703,-0.02230263128876686,0.5451470017433167,0.442926287651062,-0.04595109447836876,0.5587882995605469,0.3657954931259155,-0.06751514971256256,0.5683842897415161,0.2979271709918976,-0.0839017853140831,0.4593101441860199,0.5431730151176453,-0.02625209093093872,0.4751765727996826,0.408481240272522,-0.046121057122945786,0.4870544373989105,0.3242439925670624,-0.06665536016225815,0.4962095320224762,0.25018244981765747,-0.08276965469121933,0.40152978897094727,0.5522366166114807,-0.035330839455127716,0.40826550126075745,0.41931068897247314,-0.057171326130628586,0.4165596663951874,0.33295536041259766,-0.07617586851119995,0.4255406856536865,0.2557685375213623,-0.09032154828310013,0.3422917127609253,0.5862225294113159,-0.04793894663453102,0.32572975754737854,0.48268118500709534,-0.07167480140924454,0.3181349039077759,0.4126133322715759,-0.08434130251407623,0.3140597939491272,0.3464612662792206,-0.0923810750246048
0.41456523537635803,0.8820124268531799,5.684462962562975e-07,0.5107037425041199,0.8374660611152649,-0.033590298146009445,0.5826930403709412,0.7421712875366211,-0.04738299548625946,0.6232566237449646,0.6559550166130066,-0.05975225567817688,0.6657235622406006,0.5946102142333984,-0.07182727009057999,0.5188888907432556,0.5612647533416748,-0.021747084334492683,0.5463976860046387,0.4409753680229187,-0.044825028628110886,0.5598628520965576,0.36374688148498535,-0.06578175723552704,0.5691520571708679,0.29628077149391174,-0.08173678070306778,0.4607807993888855,0.5412973761558533,-0.02551400288939476,0.47671589255332947,0.40653714537620544,-0.044930025935173035,0.48831936717033386,0.3221634030342102,-0.06488477438688278,0.4971230924129486,0.24856099486351013,-0.08041147142648697,0.4034339487552643,0.5501349568367004,-0.0343223437666893,0.41038256883621216,0.41702935099601746,-0.05576489493250847,0.41851553320884705,0.33108991384506226,-0.07443984597921371,0.4271266758441925,0.2547679841518402,-0.08824433386325836,0.34495294094085693,0.5843509435653687,-0.046603504568338394,0.32865768671035767,0.48213082551956177,-0.06999725848436356,0.32085371017456055,0.4130793809890747,-0.08245974779129028,0.3163697123527527,0.34824106097221375,-0.09028081595897675
0.4128296673297882,0.8819680213928223,5.573550083681766e-07,0.5100864171981812,0.8381043672561646,-0.0326194204390049,0.5823579430580139,0.7427354454994202,-0.04620954394340515,0.6239151358604431,0.6567977666854858,-0.05842801555991173,0.6663130521774292,0.595607340335846,-0.07055699080228806,0.5197420120239258,0.5618000030517578,-0.02308536134660244,0.5475682020187378,0.44081851840019226,-0.04650875926017761,0.5610036849975586,0.36394548416137695,-0.06736335158348083,0.5702096223831177,0.2964839041233063,-0.08324170857667923,0.46191537380218506,0.5416268706321716,-0.027415268123149872,0.4785666763782501,0.405850887298584,-0.04686903581023216,0.4907096028327942,0.3223083019256592,-0.06646225601434708,0.49974045157432556,0.24972975254058838,-0.08178351819515228,0.4047127962112427,0.5508928298950195,-0.03655904531478882,0.4119468629360199,0.4172256588935852,-0.05796634405851364,0.42008912563323975,0.33134225010871887,-0.07627164572477341,0.42834192514419556,0.25520211458206177,-0.08992601186037064,0.3466121256351471,0.5857949256896973,-0.049025002866983414,0.3301883339881897,0.4833255112171173,-0.07248850911855698,0.3227083086967468,0.414023756980896,-0.08473768085241318,0.3184058666229248,0.34897807240486145,-0.09243213385343552
0.41276267170906067,0.8830534219741821,5.493004096024379e-07,0.5108175873756409,0.8394929766654968,-0.03151613846421242,0.5834606885910034,0.7453244924545288,-0.044767823070287704,0.625259280204773,0.6598741412162781,-0.05684734508395195,0.668066143989563,0.5994141101837158,-0.06892985105514526,0.52149897813797,0.5648201704025269,-0.022682059556245804,0.5501422882080078,0.44370806217193604,-0.04620855674147606,0.5635936260223389,0.3663301467895508,-0.06688486784696579,0.572588324546814,0.29893988370895386,-0.0825822576880455,0.4637961983680725,0.5435891151428223,-0.027687711641192436,0.48074498772621155,0.4049658179283142,-0.04737631976604462,0.4933016896247864,0.31954851746559143,-0.06701966375112534,0.5025476813316345,0.24596887826919556,-0.08227358758449554,0.4068871736526489,0.5522125363349915,-0.03738027811050415,0.4131210446357727,0.4177018404006958,-0.0589224249124527,0.4218393564224243,0.33206096291542053,-0.07747869193553925,0.4306495487689972,0.25678136944770813,-0.09128864109516144,0.34922924637794495,0.5864679217338562,-0.05026412010192871,0.3319593667984009,0.4840041995048523,-0.07393400371074677,0.3247697651386261,0.4145512580871582,-0.08648599684238434,0.3211267590522766,0.3493409752845764,-0.09441038966178894
0.41311702132225037,0.8876575231552124,5.344715532373812e-07,0.5118849277496338,0.8430542945861816,-0.030828209593892097,0.5842137932777405,0.7487814426422119,-0.04360508546233177,0.6262012124061584,0.6642845869064331,-0.05563739314675331,0.6684110760688782,0.6048125624656677,-0.0677497461438179,0.5225886106491089,0.5696168541908264,-0.021841948851943016,0.5516428351402283,0.4475763440132141,-0.04499710351228714,0.5652291178703308,0.36984366178512573,-0.06550706177949905,0.5743972063064575,0.3023380637168884,-0.08122287690639496,0.46495357155799866,0.547913134098053,-0.02715264819562435,0.482077032327652,0.4097062647342682,-0.046632058918476105,0.4946115016937256,0.3241294026374817,-0.06619438529014587,0.503409206867218,0.2511507272720337,-0.08153615146875381,0.4084013104438782,0.5559068918228149,-0.03715406730771065,0.415494829416275,0.42133867740631104,-0.05823783949017525,0.4227762818336487,0.33528849482536316,-0.07671043276786804,0.4296762943267822,0.26044613122940063,-0.09063290804624557,0.35158514976501465,0.5899804830551147,-0.0503813810646534,0.33426713943481445,0.4878670573234558,-0.07358019053936005,0.3264353275299072,0.4182068705558777,-0.0860074907541275,0.3215370774269104,0.35389506816864014,-0.0939415991306305
0.41418442130088806,0.8935002088546753,5.485458132170606e-07,0.5110799670219421,0.8473950624465942,-0.030678100883960724,0.5835139155387878,0.7540282607078552,-0.043951231986284256,0.6259106397628784,0.6704187393188477,-0.056460145860910416,0.6690963506698608,0.6113296747207642,-0.06902294605970383,0.5222153067588806,0.5763883590698242,-0.022432101890444756,0.5522243976593018,0.4552364945411682,-0.04631843417882919,0.5663815140724182,0.37811917066574097,-0.06715499609708786,0.576024055480957,0.31108349561691284,-0.08284763246774673,0.4652315080165863,0.5540350675582886,-0.028273163363337517,0.48407667875289917,0.41405609250068665,-0.04832654073834419,0.498165488243103,0.3275523781776428,-0.06790494173765182,0.5082129240036011,0.25416669249534607,-0.08303415775299072,0.4091535210609436,0.5618799328804016,-0.03881576284766197,0.4165923595428467,0.4262511134147644,-0.060438912361860275,0.4250890016555786,0.3397575914859772,-0.07888440042734146,0.4331870973110199,0.26481762528419495,-0.09254886209964752,0.35235676169395447,0.5958294868469238,-0.05252974107861519,0.33552318811416626,0.49246129393577576,-0.07607902586460114,0.3286437392234802,0.42166590690612793,-0.08841478079557419,0.32479986548423767,0.35636770725250244,-0.09618064761161804
0.41435277462005615,0.8997862339019775,5.506396973942174e-07,0.5097951889038086,0.853480339050293,-0.03084796853363514,0.5820079445838928,0.7592465877532959,-0.04482179880142212,0.6253470182418823,0.6756340861320496,-0.05799158290028572,0.668698787689209,0.6161528825759888,-0.07132621109485626,0.5217772126197815,0.5840142965316772,-0.025133300572633743,0.5516058206558228,0.461662232875824,-0.05005641281604767,0.565527081489563,0.38416290283203125,-0.07123918831348419,0.5748218297958374,0.3166244328022003,-0.08699999004602432,0.4652691185474396,0.5613206624984741,-0.03137819468975067,0.4851735234260559,0.41885218024253845,-0.05221625044941902,0.49932941794395447,0.33032283186912537,-0.07173459976911545,0.5090464949607849,0.255405992269516,-0.0867224931716919,0.40953153371810913,0.5693370699882507,-0.04219159856438637,0.41638538241386414,0.4325142502784729,-0.06386115401983261,0.4250033497810364,0.34549659490585327,-0.08185328543186188,0.4331911504268646,0.27034980058670044,-0.0952763631939888,0.3527405261993408,0.6035133004188538,-0.05621015280485153,0.3364946246147156,0.4998299479484558,-0.07935851812362671,0.32992982864379883,0.4288296401500702,-0.09112737327814102,0.32614433765411377,0.3637583553791046,-0.09861727058887482
0.4142345190048218,0.9039027094841003,5.390263595472788e-07,0.5080453157424927,0.8560216426849365,-0.029869498685002327,0.5797332525253296,0.7619046568870544,-0.04401296004652977,0.6238964796066284,0.6790066957473755,-0.0576137900352478,0.6681448817253113,0.6210731863975525,-0.0714973658323288,0.5219525098800659,0.5874180793762207,-0.024804119020700455,0.5511862635612488,0.46537184715270996,-0.04991026967763901,0.565105676651001,0.38907307386398315,-0.0712546706199646,0.5749087929725647,0.3226201832294464,-0.08710294216871262,0.46482744812965393,0.5654106736183167,-0.03182213753461838,0.4839206635951996,0.4229033291339874,-0.052845992147922516,0.4979337155818939,0.3355007469654083,-0.07255104929208755,0.5081343650817871,0.2617371380329132,-0.0877276137471199,0.40866750478744507,0.574097216129303,-0.0433175191283226,0.4155820608139038,0.43720436096191406,-0.06512732058763504,0.4239000678062439,0.3496205508708954,-0.08324044942855835,0.43232160806655884,0.2742932438850403,-0.09685135632753372,0.35145604610443115,0.6090452671051025,-0.05792449414730072,0.33494240045547485,0.5051011443138123,-0.08112102746963501,0.3281968832015991,0.4336186647415161,-0.09291191399097443,0.32461875677108765,0.3677491843700409,-0.1005111113190651
0.4112926125526428,0.9043185710906982,5.567930543293187e-07,0.5052666068077087,0.8576048612594604,-0.031208716332912445,0.5773462057113647,0.7647048234939575,-0.045910462737083435,0.6219728589057922,0.6826639175415039,-0.05987631902098656,0.6652668118476868,0.6246713995933533,-0.07401400059461594,0.5191653370857239,0.5900539755821228,-0.025945615023374557,0.5476760864257812,0.46752601861953735,-0.05157468095421791,0.560813307762146,0.3902633488178253,-0.07326778769493103,0.5700759887695312,0.323274701833725,-0.08920096606016159,0.4622679054737091,0.568085789680481,-0.03216101974248886,0.48102328181266785,0.4254415035247803,-0.0534682534635067,0.4948846101760864,0.336590975522995,-0.07335863262414932,0.505247175693512,0.2612670660018921,-0.08857379853725433,0.4062551259994507,0.5767578482627869,-0.042936112731695175,0.4130995273590088,0.4404265284538269,-0.06473845988512039,0.42108359932899475,0.3529399037361145,-0.08268983662128448,0.4291715621948242,0.27783870697021484,-0.09603286534547806,0.34905266761779785,0.6114716529846191,-0.05697786435484886,0.3331470787525177,0.5089707374572754,-0.07995884120464325,0.32621651887893677,0.4383707046508789,-0.09150300920009613,0.32213640213012695,0.37356996536254883,-0.09876524657011032
0.4085753560066223,0.9064701199531555,5.73371153222979e-07,0.5030304789543152,0.8609800338745117,-0.03218849375844002,0.5748121738433838,0.7692262530326843,-0.04734192416071892,0.619121789932251,0.6865016222000122,-0.06168403849005699,0.6626834869384766,0.6276671886444092,-0.07612483948469162,0.5161391496658325,0.5929448008537292,-0.026211651042103767,0.5449838638305664,0.4710838496685028,-0.05251075327396393,0.5586726665496826,0.3933253288269043,-0.07455600798130035,0.5688028335571289,0.3258751928806305,-0.09075786173343658,0.4588194191455841,0.5708658695220947,-0.03229261562228203,0.4771000146865845,0.427962988615036,-0.05462844297289848,0.4917648732662201,0.33776143193244934,-0.07487601786851883,0.5036165118217468,0.2609977424144745,-0.09008317440748215,0.4026930034160614,0.5799878835678101,-0.04312606528401375,0.40900853276252747,0.4441411793231964,-0.06625079363584518,0.41799548268318176,0.35549798607826233,-0.08456239104270935,0.4278656840324402,0.2788484990596771,-0.09780889749526978,0.3461504578590393,0.6155077815055847,-0.057291436940431595,0.3297487497329712,0.5138867497444153,-0.08154045045375824,0.3234661817550659,0.4424668550491333,-0.09369872510433197,0.3211246430873871,0.3762485384941101,-0.10119504481554031
0.4058639109134674,0.9087662696838379,5.695814593309478e-07,0.5002177357673645,0.8636386394500732,-0.03263922408223152,0.5727924108505249,0.7711726427078247,-0.04741988331079483,0.6167790293693542,0.6879392266273499,-0.061272937804460526,0.6596604585647583,0.6287134885787964,-0.07513391226530075,0.5150666236877441,0.5946701765060425,-0.025433199480175972,0.543400764465332,0.472367525100708,-0.05117008835077286,0.5564256310462952,0.3940226435661316,-0.07300107181072235,0.5659734010696411,0.32630667090415955,-0.08913931250572205,0.4569266140460968,0.5724347829818726,-0.031174419447779655,0.47342750430107117,0.42885076999664307,-0.05327073857188225,0.4867626130580902,0.3378620743751526,-0.07369770109653473,0.4976637363433838,0.2608448565006256,-0.08894032984972,0.4003104567527771,0.5813130736351013,-0.041709091514348984,0.40658801794052124,0.4445785880088806,-0.06481239944696426,0.41546428203582764,0.3556310832500458,-0.08340460062026978,0.42528146505355835,0.2791639268398285,-0.09675110876560211,0.3434509038925171,0.6165050268173218,-0.05561200529336929,0.32709115743637085,0.5151914358139038,-0.08002933114767075,0.32020944356918335,0.4441152811050415,-0.09241805970668793,0.31729671359062195,0.3783399164676666,-0.09994921088218689
0.40347591042518616,0.911300539970398,5.626422989735147e-07,0.4988839626312256,0.8660274744033813,-0.03417542576789856,0.5713343024253845,0.7738674879074097,-0.04965807497501373,0.6145778894424438,0.6898356676101685,-0.06397940963506699,0.6580155491828918,0.6294125914573669,-0.0781971886754036,0.5129976868629456,0.5952469706535339,-0.026146531105041504,0.5414109230041504,0.47354763746261597,-0.051949333399534225,0.5542864203453064,0.39567965269088745,-0.07406262308359146,0.5636194944381714,0.32741162180900574,-0.09070000052452087,0.45474573969841003,0.5733122825622559,-0.031264565885066986,0.4712105393409729,0.4316946268081665,-0.053618062287569046,0.4837340712547302,0.3421247899532318,-0.07433638721704483,0.4936550259590149,0.2655433118343353,-0.08990952372550964,0.39800354838371277,0.5826823711395264,-0.041347112506628036,0.4045945107936859,0.4467763602733612,-0.0649581179022789,0.4129685163497925,0.35809189081192017,-0.08371413499116898,0.4220937192440033,0.28068676590919495,-0.09719879180192947,0.34135109186172485,0.618728756904602,-0.054943621158599854,0.324921190738678,0.5174228549003601,-0.08005605638027191,0.317602276802063,0.4462416172027588,-0.09281953424215317,0.3138662576675415,0.3796764612197876,-0.10060326755046844
0.4020128846168518,0.9134000539779663,5.62997456654557e-07,0.4974648058414459,0.8698898553848267,-0.034389205276966095,0.5704224705696106,0.7764249444007874,-0.04977242276072502,0.6137458086013794,0.6917150616645813,-0.063936248421669,0.6573401689529419,0.6313027739524841,-0.07805483788251877,0.5115736722946167,0.5959434509277344,-0.026794111356139183,0.5394336581230164,0.4737858176231384,-0.05294274538755417,0.551680326461792,0.39462968707084656,-0.07519129663705826,0.5601043105125427,0.3255016803741455,-0.09191130846738815,0.4531927704811096,0.5743765234947205,-0.031844448298215866,0.47014570236206055,0.4328097701072693,-0.05472183972597122,0.4823818802833557,0.342096209526062,-0.0756440982222557,0.4917755722999573,0.2646068334579468,-0.09123072028160095,0.396223247051239,0.5842419862747192,-0.041830312460660934,0.40230825543403625,0.447276771068573,-0.06591951847076416,0.41035258769989014,0.35839444398880005,-0.08481187373399734,0.4190170168876648,0.2805374264717102,-0.09825240820646286,0.3391870856285095,0.6208289265632629,-0.0553324855864048,0.3226454257965088,0.5190638303756714,-0.08113572001457214,0.3150896430015564,0.4470442533493042,-0.09444449096918106,0.3110586106777191,0.37938055396080017,-0.10246448963880539
0.40240588784217834,0.915461003780365,5.658660029439488e-07,0.49773019552230835,0.8719539642333984,-0.03329238295555115,0.5699797868728638,0.7783231139183044,-0.048172593116760254,0.6136913299560547,0.6947346925735474,-0.062008362263441086,0.6571289896965027,0.634690523147583,-0.07590248435735703,0.5108924508094788,0.5960991382598877,-0.026299022138118744,0.5373931527137756,0.47197675704956055,-0.05213955417275429,0.5486354827880859,0.39134013652801514,-0.07404518127441406,0.5560945272445679,0.32135823369026184,-0.0904311016201973,0.45271459221839905,0.575444221496582,-0.03175939992070198,0.4704321324825287,0.43336015939712524,-0.05419682338833809,0.48362937569618225,0.3420555591583252,-0.07485734671354294,0.4940203130245209,0.2639329135417938,-0.09036139398813248,0.3957069218158722,0.5859169363975525,-0.04203128442168236,0.40235185623168945,0.4483744502067566,-0.06559766829013824,0.41048747301101685,0.3596932888031006,-0.08427615463733673,0.4192242920398712,0.28229478001594543,-0.09766341745853424,0.3381691575050354,0.6225711107254028,-0.05572972819209099,0.32124096155166626,0.5199634432792664,-0.08117905259132385,0.31365126371383667,0.44761085510253906,-0.09432175010442734,0.3095407485961914,0.37980061769485474,-0.10224539786577225
0.4017585217952728,0.9178004264831543,5.821801778438385e-07,0.4983714520931244,0.8749150037765503,-0.03516589477658272,0.5706944465637207,0.7813822627067566,-0.05081961676478386,0.6139522790908813,0.6969524025917053,-0.06504729390144348,0.6576113104820251,0.6364390254020691,-0.07924710959196091,0.5114593505859375,0.5977891683578491,-0.028460601344704628,0.5378024578094482,0.4732570946216583,-0.055197156965732574,0.5492185354232788,0.3917704224586487,-0.07770941406488419,0.5568578839302063,0.32124045491218567,-0.09444472938776016,0.45267346501350403,0.5765596628189087,-0.03316328302025795,0.4703240990638733,0.4340382516384125,-0.05638420954346657,0.48401033878326416,0.34166187047958374,-0.07752182334661484,0.49511462450027466,0.2624507546424866,-0.09335227310657501,0.39503782987594604,0.5868167281150818,-0.042816080152988434,0.40213632583618164,0.4490141272544861,-0.06716573983430862,0.41032785177230835,0.3601113557815552,-0.08650181442499161,0.41929641366004944,0.282668799161911,-0.10024678707122803,0.33704909682273865,0.6234767436981201,-0.05600772053003311,0.3202383518218994,0.5206601619720459,-0.08219987154006958,0.3121047616004944,0.44856566190719604,-0.09589458256959915,0.30737465620040894,0.3811936378479004,-0.10412541031837463
0.4004138708114624,0.9197995066642761,5.725347023144423e-07,0.4974607825279236,0.8768932819366455,-0.03417016565799713,0.570506751537323,0.7830445766448975,-0.04920974373817444,0.61423659324646,0.6983729600906372,-0.06307031214237213,0.6578472852706909,0.6380919218063354,-0.07699444890022278,0.5113258957862854,0.6001749038696289,-0.027410056442022324,0.5381811857223511,0.4747127294540405,-0.0538470596075058,0.5500236749649048,0.3929937183856964,-0.07598929107189178,0.5580734014511108,0.3226297199726105,-0.09246908873319626,0.4521125555038452,0.5788562893867493,-0.032559387385845184,0.46919313073158264,0.435292512178421,-0.05557098612189293,0.48237496614456177,0.3431965112686157,-0.07652174681425095,0.49300581216812134,0.2645651698112488,-0.09217259287834167,0.3943035304546356,0.5889067649841309,-0.04257563501596451,0.4008168876171112,0.4503645896911621,-0.06662594527006149,0.408816933631897,0.36101993918418884,-0.08562858402729034,0.41774982213974,0.2831927239894867,-0.09921694546937943,0.33606791496276855,0.6254576444625854,-0.056071653962135315,0.3190326690673828,0.5228424668312073,-0.08194872736930847,0.311180055141449,0.45049160718917847,-0.09534239023923874,0.30708375573158264,0.3827149271965027,-0.10339611023664474
0.3991125822067261,0.9201568365097046,5.801993552267959e-07,0.4957861006259918,0.8776146769523621,-0.034776344895362854,0.5698360800743103,0.7839874029159546,-0.050289664417505264,0.6144684553146362,0.6992422938346863,-0.06454966962337494,0.6577850580215454,0.6380535364151001,-0.07885164767503738,0.5109711289405823,0.6008381843566895,-0.02812780812382698,0.5379520654678345,0.47553789615631104,-0.05501998960971832,0.5496995449066162,0.39337342977523804,-0.07757392525672913,0.557570219039917,0.32251766324043274,-0.09426610916852951,0.4516712427139282,0.5793300271034241,-0.03325752168893814,0.46889573335647583,0.43510979413986206,-0.05657711625099182,0.4817888140678406,0.342123806476593,-0.07782821357250214,0.4921671152114868,0.26275232434272766,-0.0936347022652626,0.393767774105072,0.589340090751648,-0.04327012598514557,0.4004574120044708,0.4508758783340454,-0.06734299659729004,0.40858590602874756,0.36133864521980286,-0.08614181727170944,0.4177376627922058,0.28318196535110474,-0.09958542138338089,0.33524513244628906,0.6257255673408508,-0.05686430633068085,0.3185616433620453,0.5232577323913574,-0.08256753534078598,0.3110904097557068,0.450899600982666,-0.09562364220619202,0.30747491121292114,0.3829755187034607,-0.1034272164106369
0.3987917900085449,0.9215153455734253,5.743291353610402e-07,0.4952773153781891,0.8778032660484314,-0.03448290377855301,0.5691584944725037,0.7841659784317017,-0.04984571784734726,0.6140366196632385,0.6995519995689392,-0.06409875303506851,0.6573426127433777,0.6383079290390015,-0.07837146520614624,0.5096930265426636,0.6017853021621704,-0.027116114273667336,0.537081241607666,0.4770911633968353,-0.053948480635881424,0.5491706132888794,0.39507874846458435,-0.07669663429260254,0.557421863079071,0.3238351047039032,-0.09362258017063141,0.4508577585220337,0.5799107551574707,-0.03249916806817055,0.46780452132225037,0.43588024377822876,-0.05577728524804115,0.48023495078086853,0.3425520360469818,-0.07718513906002045,0.4900820255279541,0.2624528706073761,-0.09314505010843277,0.3933331370353699,0.5896514654159546,-0.04279421642422676,0.3999205529689789,0.45169562101364136,-0.06684163212776184,0.4084510803222656,0.36213502287864685,-0.08555205911397934,0.41779452562332153,0.2836307883262634,-0.09896164387464523,0.3352164626121521,0.6258894205093384,-0.0567135326564312,0.31863659620285034,0.5238500833511353,-0.08228331804275513,0.31132349371910095,0.45152705907821655,-0.0951390340924263,0.3077034652233124,0.38357844948768616,-0.10285376012325287
0.3995743989944458,0.9207391738891602,5.888369400963711e-07,0.4958841800689697,0.8771319389343262,-0.034947797656059265,0.5697506666183472,0.784282922744751,-0.050844695419073105,0.6140989065170288,0.6998335123062134,-0.06542833894491196,0.6576293706893921,0.639001190662384,-0.08006805926561356,0.5096067786216736,0.6008274555206299,-0.028557676821947098,0.5370156168937683,0.4760127067565918,-0.05577537789940834,0.5491194128990173,0.3936343193054199,-0.07864580303430557,0.5574593544006348,0.3224186599254608,-0.0955311506986618,0.4504714608192444,0.5793659687042236,-0.03371315449476242,0.467537522315979,0.4347570836544037,-0.05720430985093117,0.48054632544517517,0.3413245379924774,-0.0785587877035141,0.491037517786026,0.2612486481666565,-0.09442439675331116,0.39283519983291626,0.5896419286727905,-0.043734047561883926,0.39896103739738464,0.4513344168663025,-0.06789794564247131,0.4074286222457886,0.3615245223045349,-0.08666110038757324,0.4169411063194275,0.28276142477989197,-0.10006344318389893,0.33469992876052856,0.6263823509216309,-0.0573619045317173,0.31779029965400696,0.5239316821098328,-0.08302517980337143,0.3107248544692993,0.4514237344264984,-0.09596828371286392,0.3076794743537903,0.3831392228603363,-0.10370859503746033
0.39882051944732666,0.9215483665466309,5.870676886843285e-07,0.4957115352153778,0.8784579634666443,-0.03473259508609772,0.5696995854377747,0.7851241230964661,-0.05028202012181282,0.6141573190689087,0.700192928314209,-0.06444405019283295,0.6580911874771118,0.6386628150939941,-0.07864715903997421,0.509443998336792,0.6000313758850098,-0.027683114632964134,0.53736412525177,0.4754449725151062,-0.05434853211045265,0.5498509407043457,0.3936610221862793,-0.07692190259695053,0.5584959387779236,0.3228834271430969,-0.0936238169670105,0.45084530115127563,0.5787348747253418,-0.03260541334748268,0.4686785042285919,0.4349226653575897,-0.055411096662282944,0.4822992980480194,0.34236156940460205,-0.07644681632518768,0.49313992261886597,0.2628883123397827,-0.09220438450574875,0.3934497833251953,0.5889451503753662,-0.04243261739611626,0.3998401463031769,0.4509984850883484,-0.0661381408572197,0.40836769342422485,0.361741840839386,-0.08488025516271591,0.41780829429626465,0.2832440137863159,-0.09834696352481842,0.3354628086090088,0.6255178451538086,-0.055830687284469604,0.31898894906044006,0.5227271318435669,-0.08102154731750488,0.31242135167121887,0.45076292753219604,-0.09381619840860367,0.3096519708633423,0.3828544020652771,-0.10156828165054321
0.400126576423645,0.9200171232223511,5.871158350601036e-07,0.4966350793838501,0.8762893080711365,-0.03442322462797165,0.5708224177360535,0.7839804887771606,-0.05000481382012367,0.6148201823234558,0.6996341943740845,-0.06426219642162323,0.6588883996009827,0.6391687989234924,-0.07856668531894684,0.5103033185005188,0.5990105867385864,-0.026797913014888763,0.5382895469665527,0.47557657957077026,-0.0529928095638752,0.5510580539703369,0.39494237303733826,-0.07550349086523056,0.5601317286491394,0.3250258266925812,-0.09216348826885223,0.45185574889183044,0.5776817798614502,-0.03176877275109291,0.4698323905467987,0.4341328740119934,-0.053921375423669815,0.4832506775856018,0.34274742007255554,-0.07476573437452316,0.4938976764678955,0.2642827033996582,-0.09043752402067184,0.3945331573486328,0.5873661041259766,-0.0416191965341568,0.401425302028656,0.44913914799690247,-0.06460785120725632,0.4096497595310211,0.36049970984458923,-0.0830860286951065,0.41884201765060425,0.2827306091785431,-0.09644286334514618,0.33629801869392395,0.6232220530509949,-0.055049944669008255,0.3203032612800598,0.5200341939926147,-0.07939915359020233,0.31399697065353394,0.44896039366722107,-0.09165694564580917,0.31146690249443054,0.3822084069252014,-0.09909369051456451
0.4010036587715149,0.9209903478622437,5.760781505159684e-07,0.4975467324256897,0.8778573274612427,-0.034391503781080246,0.571481466293335,0.7851415276527405,-0.049554768949747086,0.6156852841377258,0.7006920576095581,-0.06339866667985916,0.6597461700439453,0.6395992636680603,-0.07723031938076019,0.511335015296936,0.599827766418457,-0.025835417211055756,0.5400859117507935,0.4764385223388672,-0.05154801532626152,0.553713858127594,0.39646396040916443,-0.0738263800740242,0.5634973645210266,0.32690197229385376,-0.09038353711366653,0.4535253643989563,0.5782744288444519,-0.030638383701443672,0.471384197473526,0.4360094666481018,-0.0522136315703392,0.484598845243454,0.3456633388996124,-0.07288891822099686,0.49492087960243225,0.26746881008148193,-0.08866255730390549,0.3966481685638428,0.5873768329620361,-0.040410950779914856,0.40401333570480347,0.45044606924057007,-0.06304041296243668,0.41233396530151367,0.36208978295326233,-0.08145628869533539,0.42129144072532654,0.2842128574848175,-0.09490936994552612,0.3386629819869995,0.6225433349609375,-0.05379616841673851,0.32277360558509827,0.5190103054046631,-0.0778520405292511,0.3162940740585327,0.4479359984397888,-0.08995397388935089,0.31319355964660645,0.3812099099159241,-0.09740515053272247
0.40287166833877563,0.9213157892227173,5.595699690275069e-07,0.4989613890647888,0.8782106041908264,-0.03319104388356209,0.5728565454483032,0.7847968339920044,-0.047620322555303574,0.6170195937156677,0.7002874612808228,-0.0608988031744957,0.6617727279663086,0.6405432820320129,-0.0742180272936821,0.5133899450302124,0.5991753935813904,-0.023990243673324585,0.5416608452796936,0.47622156143188477,-0.048561591655015945,0.5550037026405334,0.3975052237510681,-0.07018987834453583,0.56463223695755,0.3292420208454132,-0.08644451946020126,0.45551830530166626,0.5781276226043701,-0.029173316434025764,0.4731708765029907,0.4363522529602051,-0.049929242581129074,0.48558202385902405,0.3467594087123871,-0.07025372236967087,0.49507731199264526,0.2702162265777588,-0.08585304021835327,0.398388147354126,0.587397575378418,-0.039265748113393784,0.4060616195201874,0.4494805932044983,-0.06143445149064064,0.4145077168941498,0.3616335988044739,-0.07993447035551071,0.42362916469573975,0.2847149968147278,-0.09356460720300674,0.3399079442024231,0.6227570176124573,-0.05283375084400177,0.3239405155181885,0.5192081928253174,-0.07687132060527802,0.3174654543399811,0.44789600372314453,-0.08933580666780472,0.3148025870323181,0.38072970509529114,-0.0971335843205452
0.40284547209739685,0.9212762117385864,5.827344011777313e-07,0.4990730583667755,0.8786542415618896,-0.034987594932317734,0.5729242563247681,0.7863448858261108,-0.05060762166976929,0.6176323294639587,0.7016085982322693,-0.06475282460451126,0.6631113886833191,0.6412158608436584,-0.07883469760417938,0.5141287446022034,0.5991862416267395,-0.026195835322141647,0.5428839921951294,0.4763532280921936,-0.05182003229856491,0.5566715002059937,0.3971739411354065,-0.0741284117102623,0.5665971040725708,0.3285267651081085,-0.09073816984891891,0.4561494290828705,0.5776952505111694,-0.030788183212280273,0.4748898148536682,0.43553727865219116,-0.05232701450586319,0.48803821206092834,0.3451634645462036,-0.0730908066034317,0.49818187952041626,0.2676786184310913,-0.08890214562416077,0.39910659193992615,0.5871719121932983,-0.04040956497192383,0.40724676847457886,0.4495575726032257,-0.06322132050991058,0.4156177341938019,0.3612567186355591,-0.08207575976848602,0.4248510003089905,0.2836986780166626,-0.0958239883184433,0.3407408893108368,0.6229084730148315,-0.053632691502571106,0.3247404992580414,0.5194287300109863,-0.07817839831113815,0.3184039890766144,0.4483907222747803,-0.0908655971288681,0.31598564982414246,0.38144275546073914,-0.09871068596839905
